# Resource object code (Python 3)
# Created by: object code
# Created by: The Resource Compiler for Qt version 6.11.1
# WARNING! All changes made in this file will be lost!

from PySide6 import QtCore

qt_resource_data = b"\
\x00\x00\x19\xc8\
\x89\
PNG\x0d\x0a\x1a\x0a\x00\x00\x00\x0dIHDR\x00\
\x00\x01\x90\x00\x00\x01)\x08\x03\x00\x00\x00\x8a\xa4\x84C\
\x00\x00\x00\x04gAMA\x00\x00\xb1\x8f\x0b\xfca\x05\
\x00\x00\x0aIiCCPsRGB IEC\
61966-2.1\x00\x00H\x89\x9dSw\
X\x93\xf7\x16>\xdf\xf7e\x0fVB\xd8\xf0\xb1\x97l\
\x81\x00\x22#\xac\x08\xc8\x10Y\xa2\x10\x92\x00a\x84\x10\
\x12@\xc5\x85\x88\x0aV\x14\x15\x11\x9cHU\xc4\x82\xd5\
\x0aH\x9d\x88\xe2\xa0(\xb8gA\x8a\x88Z\x8bU\x5c\
8\xee\x1f\xdc\xa7\xb5}z\xef\xed\xed\xfb\xd7\xfb\xbc\xe7\
\x9c\xe7\xfc\xcey\xcf\x0f\x80\x11\x12&\x91\xe6\xa2j\x00\
9R\x85<:\xd8\x1f\x8fOH\xc4\xc9\xbd\x80\x02\x15\
H\xe0\x04 \x10\xe6\xcb\xc2g\x05\xc5\x00\x00\xf0\x03y\
x~t\xb0?\xfc\x01\xafo\x00\x02\x00p\xd5.$\
\x12\xc7\xe1\xff\x83\xbaP&W\x00 \x91\x00\xe0\x22\x12\
\xe7\x0b\x01\x90R\x00\xc8.T\xc8\x14\x00\xc8\x18\x00\xb0\
S\xb3d\x0a\x00\x94\x00\x00ly|B\x22\x00\xaa\x0d\
\x00\xec\xf4I>\x05\x00\xd8\xa9\x93\xdc\x17\x00\xd8\xa2\x1c\
\xa9\x08\x00\x8d\x01\x00\x99(G$\x02@\xbb\x00`U\
\x81R,\x02\xc0\xc2\x00\xa0\xac@\x22.\x04\xc0\xae\x01\
\x80Y\xb62G\x02\x80\xbd\x05\x00v\x8eX\x90\x0f@\
`\x00\x80\x99B,\xcc\x00 8\x02\x00C\x1e\x13\xcd\
\x03 L\x03\xa00\xd2\xbf\xe0\xa9_p\x85\xb8H\x01\
\x00\xc0\xcb\x95\xcd\x97K\xd23\x14\xb8\x95\xd0\x1aw\xf2\
\xf0\xe0\xe2!\xe2\xc2l\xb1Ba\x17)\x10f\x09\xe4\
\x22\x9c\x97\x9b#\x13H\xe7\x03L\xce\x0c\x00\x00\x1a\xf9\
\xd1\xc1\xfe8?\x90\xe7\xe6\xe4\xe1\xe6f\xe7l\xef\xf4\
\xc5\xa2\xfek\xf0o\x22>!\xf1\xdf\xfe\xbc\x8c\x02\x04\
\x00\x10N\xcf\xef\xda_\xe5\xe5\xd6\x03p\xc7\x01\xb0u\
\xbfk\xa9[\x00\xdaV\x00h\xdf\xf9]3\xdb\x09\xa0\
Z\x0a\xd0z\xf9\x8by8\xfc@\x1e\x9e\xa1P\xc8<\
\x1d\x1c\x0a\x0b\x0b\xed%b\xa1\xbd0\xe3\x8b>\xff3\
\xe1o\xe0\x8b~\xf6\xfc@\x1e\xfe\xdbz\xf0\x00q\x9a\
@\x99\xad\xc0\xa3\x83\xfdqanv\xaeR\x8e\xe7\xcb\
\x04B1n\xf7\xe7#\xfe\xc7\x85\x7f\xfd\x8e)\xd1\xe2\
4\xb1\x5c,\x15\x8a\xf1X\x89\xb8P\x22M\xc7y\xb9\
R\x91D!\xc9\x95\xe2\x12\xe9\x7f2\xf1\x1f\x96\xfd\x09\
\x93w\x0d\x00\xac\x86O\xc0N\xb6\x07\xb5\xcbl\xc0~\
\xee\x01\x02\x8b\x0eX\xd2v\x00@~\xf3-\x8c\x1a\x0b\
\x91\x00\x10g42y\xf7\x00\x00\x93\xbf\xf9\x8f@+\
\x01\x00\xcd\x97\xa4\xe3\x00\x00\xbc\xe8\x18\x5c\xa8\x94\x17L\
\xc6\x08\x00\x00D\xa0\x81*\xb0A\x07\x0c\xc1\x14\xac\xc0\
\x0e\x9c\xc1\x1d\xbc\xc0\x17\x02a\x06D@\x0c$\xc0<\
\x10B\x06\xe4\x80\x1c\x0a\xa1\x18\x96A\x19T\xc0:\xd8\
\x04\xb5\xb0\x03\x1a\xa0\x11\x9a\xe1\x10\xb4\xc118\x0d\xe7\
\xe0\x12\x5c\x81\xebp\x17\x06`\x18\x9e\xc2\x18\xbc\x86\x09\
\x04A\xc8\x08\x13a!:\x88\x11b\x8e\xd8\x22\xce\x08\
\x17\x99\x8e\x04\x22aH4\x92\x80\xa4 \xe9\x88\x14Q\
\x22\xc5\xc8r\xa4\x02\xa9Bj\x91]H#\xf2-r\
\x149\x8d\x5c@\xfa\x90\xdb\xc8 2\x8a\xfc\x8a\xbcG\
1\x94\x81\xb2Q\x03\xd4\x02u@\xb9\xa8\x1f\x1a\x8a\xc6\
\xa0s\xd1t4\x0f]\x80\x96\xa2k\xd1\x1a\xb4\x1e=\
\x80\xb6\xa2\xa7\xd1K\xe8ut\x00}\x8a\x8ec\x80\xd1\
1\x0ef\x8c\xd9a\x5c\x8c\x87E`\x89X\x1a&\xc7\
\x16c\xe5X5V\x8f5c\x1dX7v\x15\x1b\xc0\
\x9ea\xef\x08$\x02\x8b\x80\x13\xec\x08^\x84\x10\xc2l\
\x82\x90\x90GXLXC\xa8%\xec#\xb4\x12\xba\x08\
W\x09\x83\x841\xc2'\x22\x93\xa8O\xb4%z\x12\xf9\
\xc4xb:\xb1\x90XF\xac&\xee!\x1e!\x9e%\
^'\x0e\x13_\x93H$\x0e\xc9\x92\xe4N\x0a!%\
\x902I\x0bIkH\xdbH-\xa4S\xa4>\xd2\x10\
i\x9cL&\xeb\x90m\xc9\xde\xe4\x08\xb2\x80\xac \x97\
\x91\xb7\x90\x0f\x90O\x92\xfb\xc9\xc3\xe4\xb7\x14:\xc5\x88\
\xe2L\x09\xa2$R\xa4\x94\x12J5e?\xe5\x04\xa5\
\x9f2B\x99\xa0\xaaQ\xcd\xa9\x9e\xd4\x08\xaa\x88:\x9f\
ZIm\xa0vP/S\x87\xa9\x134u\x9a%\xcd\
\x9b\x16C\xcb\xa4-\xa3\xd5\xd0\x9aigi\xf7h/\
\xe9t\xba\x09\xdd\x83\x1eE\x97\xd0\x97\xd2k\xe8\x07\xe9\
\xe7\xe9\x83\xf4w\x0c\x0d\x86\x0d\x83\xc7Hb(\x19k\
\x19{\x19\xa7\x18\xb7\x19/\x99L\xa6\x05\xd3\x97\x99\xc8\
T0\xd72\x1b\x99g\x98\x0f\x98oUX*\xf6*\
|\x15\x91\xca\x12\x95:\x95V\x95~\x95\xe7\xaaTU\
sU?\xd5y\xaa\x0bT\xabU\x0f\xab^V}\xa6\
FU\xb3P\xe3\xa9\x09\xd4\x16\xab\xd5\xa9\x1dU\xbb\xa9\
6\xae\xceRwR\x8fP\xcfQ_\xa3\xbe_\xfd\x82\
\xfac\x0d\xb2\x86\x85F\xa0\x86H\xa3Tc\xb7\xc6\x19\
\x8d!\x16\xc62e\xf1XB\xd6rV\x03\xeb,k\
\x98Mb[\xb2\xf9\xecLv\x05\xfb\x1bv/{L\
SCs\xaaf\xacf\x91f\x9d\xe6q\xcd\x01\x0e\xc6\
\xb1\xe0\xf09\xd9\x9cJ\xce!\xce\x0d\xce{-\x03-\
?-\xb1\xd6j\xadf\xad~\xad7\xdaz\xda\xbe\xda\
b\xedr\xed\x16\xed\xeb\xda\xefup\x9d@\x9d,\x9d\
\xf5:m:\xf7u\x09\xba6\xbaQ\xba\x85\xba\xdbu\
\xcf\xea>\xd3c\xeby\xe9\x09\xf5\xca\xf5\x0e\xe9\xdd\xd1\
G\xf5m\xf4\xa3\xf5\x17\xea\xef\xd6\xef\xd1\x1f704\
\x086\x90\x19l18c\xf0\xcc\x90c\xe8k\x98i\
\xb8\xd1\xf0\x84\xe1\xa8\x11\xcbh\xba\x91\xc4h\xa3\xd1I\
\xa3'\xb8&\xee\x87g\xe35x\x17>f\xaco\x1c\
b\xac4\xdee\xdck<abi2\xdb\xa4\xc4\xa4\
\xc5\xe4\xbe)\xcd\x94k\x9af\xba\xd1\xb4\xd3t\xcc\xcc\
\xc8,\xdc\xac\xd8\xac\xc9\xec\x8e9\xd5\x9ck\x9ea\xbe\
\xd9\xbc\xdb\xfc\x8d\x85\xa5E\x9c\xc5J\x8b6\x8b\xc7\x96\
\xda\x96|\xcb\x05\x96M\x96\xf7\xac\x98V>VyV\
\xf5V\xd7\xacI\xd6\x5c\xeb,\xebm\xd6WlP\x1b\
W\x9b\x0c\x9b:\x9b\xcb\xb6\xa8\xad\x9b\xad\xc4v\x9bm\
\xdf\x14\xe2\x14\x8f)\xd2)\xf5Sn\xda1\xec\xfc\xec\
\x0a\xec\x9a\xec\x06\xed9\xf6a\xf6%\xf6m\xf6\xcf\x1d\
\xcc\x1c\x12\x1d\xd6;t;|rtu\xccvlp\
\xbc\xeb\xa4\xe14\xc3\xa9\xc4\xa9\xc3\xe9Wg\x1bg\xa1\
s\x9d\xf35\x17\xa6K\x90\xcb\x12\x97v\x97\x17Sm\
\xa7\x8a\xa7n\x9fz\xcb\x95\xe5\x1a\xee\xba\xd2\xb5\xd3\xf5\
\xa3\x9b\xbb\x9b\xdc\xad\xd9m\xd4\xdd\xcc=\xc5}\xab\xfb\
M.\x9b\x1b\xc9]\xc3=\xefA\xf4\xf0\xf7X\xe2q\
\xcc\xe3\x9d\xa7\x9b\xa7\xc2\xf3\x90\xe7/^v^Y^\
\xfb\xbd\x1eO\xb3\x9c&\x9e\xd60m\xc8\xdb\xc4[\xe0\
\xbd\xcb{`:>=e\xfa\xce\xe9\x03>\xc6>\x02\
\x9fz\x9f\x87\xbe\xa6\xbe\x22\xdf=\xbe#~\xd6~\x99\
~\x07\xfc\x9e\xfb;\xfa\xcb\xfd\x8f\xf8\xbf\xe1y\xf2\x16\
\xf1N\x05`\x01\xc1\x01\xe5\x01\xbd\x81\x1a\x81\xb3\x03k\
\x03\x1f\x04\x99\x04\xa5\x075\x05\x8d\x05\xbb\x06/\x0c>\
\x15B\x0c\x09\x0dY\x1fr\x93o\xc0\x17\xf2\x1b\xf9c\
3\xdcg,\x9a\xd1\x15\xca\x08\x9d\x15Z\x1b\xfa0\xcc\
&L\x1e\xd6\x11\x8e\x86\xcf\x08\xdf\x10~o\xa6\xf9L\
\xe9\xcc\xb6\x08\x88\xe0Gl\x88\xb8\x1fi\x19\x99\x17\xf9\
}\x14)*2\xaa.\xeaQ\xb4Stqt\xf7,\
\xd6\xac\xe4Y\xfbg\xbd\x8e\xf1\x8f\xa9\x8c\xb9;\xdbj\
\xb6rvg\xacjlRlc\xec\x9b\xb8\x80\xb8\xaa\
\xb8\x81x\x87\xf8E\xf1\x97\x12t\x13$\x09\xed\x89\xe4\
\xc4\xd8\xc4=\x89\xe3s\x02\xe7l\x9a3\x9c\xe4\x9aT\
\x96tc\xae\xe5\xdc\xa2\xb9\x17\xe6\xe9\xce\xcb\x9ew<\
Y5Y\x90|8\x85\x98\x12\x97\xb2?\xe5\x83 B\
P/\x18O\xe5\xa7nM\x1d\x13\xf2\x84\x9b\x85OE\
\xbe\xa2\x8d\xa2Q\xb1\xb7\xb8J<\x92\xe6\x9dV\x95\xf6\
8\xdd;}C\xfah\x86OFu\xc63\x09OR\
+y\x91\x19\x92\xb9#\xf3MVD\xd6\xde\xac\xcf\xd9\
q\xd9-9\x94\x9c\x94\x9c\xa3R\x0di\x96\xb4+\xd7\
0\xb7(\xb7Of++\x93\x0d\xe4y\xe6m\xca\x1b\
\x93\x87\xca\xf7\xe4#\xf9s\xf3\xdb\x15l\x85L\xd1\xa3\
\xb4R\xaeP\x0e\x16L/\xa8+x[\x18[x\xb8\
H\xbdHZ\xd43\xdff\xfe\xea\xf9#\x0b\x82\x16|\
\xbd\x90\xb0P\xb8\xb0\xb3\xd8\xb8xY\xf1\xe0\x22\xbfE\
\xbb\x16#\x8bS\x17w.1]R\xbadxi\xf0\
\xd2}\xcbh\xcb\xb2\x96\xfdP\xe2XRU\xf2jy\
\xdc\xf2\x8eR\x83\xd2\xa5\xa5C+\x82W4\x95\xa9\x94\
\xc9\xcbn\xae\xf4Z\xb9c\x15a\x95dU\xefj\x97\
\xd5[V\x7f*\x17\x95_\xacp\xac\xa8\xae\xf8\xb0F\
\xb8\xe6\xe2WN_\xd5|\xf5ym\xda\xda\xdeJ\xb7\
\xca\xed\xebH\xeb\xa4\xebn\xac\xf7Y\xbf\xafJ\xbdj\
A\xd5\xd0\x86\xf0\x0d\xad\x1b\xf1\x8d\xe5\x1b_mJ\xde\
t\xa1zj\xf5\x8e\xcd\xb4\xcd\xca\xcd\x035a5\xed\
[\xcc\xb6\xac\xdb\xf2\xa16\xa3\xf6z\x9d\x7f]\xcbV\
\xfd\xad\xab\xb7\xbe\xd9&\xda\xd6\xbf\xddw{\xf3\x0e\x83\
\x1d\x15;\xde\xef\x94\xec\xbc\xb5+xWk\xbdE}\
\xf5n\xd2\xee\x82\xdd\x8f\x1ab\x1b\xba\xbf\xe6~\xdd\xb8\
GwO\xc5\x9e\x8f{\xa5{\x07\xf6E\xef\xebjt\
ol\xdc\xaf\xbf\xbf\xb2\x09mR6\x8d\x1eH:p\
\xe5\x9b\x80o\xda\x9b\xed\x9aw\xb5pZ*\x0e\xc2A\
\xe5\xc1'\xdf\xa6|{\xe3P\xe8\xa1\xce\xc3\xdc\xc3\xcd\
\xdf\x99\x7f\xb7\xf5\x08\xebHy+\xd2:\xbfu\xac-\
\xa3m\xa0=\xa1\xbd\xef\xe8\x8c\xa3\x9d\x1d^\x1dG\xbe\
\xb7\xff~\xef1\xe3cu\xc75\x8fW\x9e\xa0\x9d(\
=\xf1\xf9\xe4\x82\x93\xe3\xa7d\xa7\x9e\x9dN?=\xd4\
\x99\xdcy\xf7L\xfc\x99k]Q]\xbdgC\xcf\x9e\
?\x17t\xeeL\xb7_\xf7\xc9\xf3\xde\xe7\x8f]\xf0\xbc\
p\xf4\x22\xf7b\xdb%\xb7K\xad=\xae=G~p\
\xfd\xe1H\xaf[o\xebe\xf7\xcb\xedW<\xaet\xf4\
M\xeb;\xd1\xef\xd3\x7f\xfaj\xc0\xd5s\xd7\xf8\xd7.\
]\x9fy\xbd\xef\xc6\xec\x1b\xb7n&\xdd\x1c\xb8%\xba\
\xf5\xf8v\xf6\xed\x17w\x0a\xeeL\xdc]z\x8fx\xaf\
\xfc\xbe\xda\xfd\xea\x07\xfa\x0f\xea\x7f\xb4\xfe\xb1e\xc0m\
\xe0\xf8`\xc0`\xcf\xc3Y\x0f\xef\x0e\x09\x87\x9e\xfe\x94\
\xff\xd3\x87\xe1\xd2G\xccG\xd5#F#\x8d\x8f\x9d\x1f\
\x1f\x1b\x0d\x1a\xbd\xf2d\xce\x93\xe1\xa7\xb2\xa7\x13\xcf\xca\
~V\xffy\xebs\xab\xe7\xdf\xfd\xe2\xfbK\xcfX\xfc\
\xd8\xf0\x0b\xf9\x8b\xcf\xbf\xaey\xa9\xf3r\xef\xab\xa9\xaf\
:\xc7#\xc7\x1f\xbc\xcey=\xf1\xa6\xfc\xad\xce\xdb}\
\xef\xb8\xef\xba\xdf\xc7\xbd\x1f\x99(\xfc@\xfeP\xf3\xd1\
\xfac\xc7\xa7\xd0O\xf7>\xe7|\xfe\xfc/\xf7\x84\xf3\
\xfb-G8\xcf\x00\x00\x00 cHRM\x00\x00z\
&\x00\x00\x80\x84\x00\x00\xfa\x00\x00\x00\x80\xe8\x00\x00u\
0\x00\x00\xea`\x00\x00:\x98\x00\x00\x17p\x9c\xbaQ\
<\x00\x00\x00BPLTE\x00\x00\x00\xff\xff\xff\xfe\
\xfe\xfe\xfd\xfd\xfd\xfc\xfc\xfc\xfb\xfb\xfb\xfa\xfa\xfa\xf9\xf9\
\xf9\xf8\xf8\xf8\xf7\xf7\xf7\xf6\xf6\xf6\xea\xea\xea\xe4\xe4\xe4\
\xd5\xd5\xd5\xc7\xc7\xc7\xc6\xc6\xc6\xc4\xc4\xc4\xc3\xc3\xc3\xc1\
\xc1\xc1\xc0\xc0\xc0\xbd\xbd\xbd\xff\xff\xffR/\x85\x00\x00\
\x00\x00\x16tRNS\xff\xff\xff\xff\xff\xff\xff\xff\xff\
\xff\xff\xff\xff\xff\xff\xff\xff\xff\xff\xff\xff\x00\x01\xd2\xc0\
\xe4\x00\x00\x00\x09pHYs\x00\x00\x0b\x13\x00\x00\x0b\
\x13\x01\x00\x9a\x9c\x18\x00\x00\x0eyIDATx\x9c\
\xed\x9d\xdbr\xe36\x12\x86\x7f@\x9eJ6\xa9]\xeb\
4\xef\xff\x82\x22%g\xb7f+3\x16\x91\x0bJ\xb4\
H\xf1\x80C\xa3\x1b\xa0\xf0]$c\x8f-i\xf4\xab\
\xd1\x074\x1a\xea;\x0a\x91i>\xcd7m\xfb\xc3o\
1_I\x01\x97\xcf\xee\x8f\x9b\x9d\xcd/\xa8b!\xb1\
\xf8\xf84\x00\x94\xe9\xbe\xa1\x0c\x96e)\x16\x12\x87s\
\xa3\x8c\x19\xf9\xben*\x98\xe3\xcc/\x16AbP\x01\
\xb8\xeb\xa1\x1euiU:aZ\x92\xb2d\xd1S\x19\
\xa5\x0c\x00\x03\x00j\xf0\x97w\x99\x0e\x13\xbf\x5c,\x84\
\x9a\x8f_\xe8\xde\xf6i\xcciB\x92b!\xc4\xd40\
\x16z\x00\x98\xb0\x12\xeb\xf8\xb8`E\xd5\xd8\x89\x01\x00\
\xe64\xf2\xcd\xcd\x9ft/\xa6\x80\xd3\x93\xcf\x98\xe5\xc7\
\xdf\xff\x1a~\xabX\x08!\xe7\xb3\x93\x1c\x00\xaeOF\
R\x04\xa1\xe3t\xbd\xba\x19\x08\x00\x9c\x07_\x17A\xc8\
\xa8\x95r\x96\x03h\xea\xfe\xd7E\x10**{o\xfe\
\x88\xc1\xa5\xf7uq\xeaD\x8cEL6(\x83\x1f\x7f\
<|],\x84\x86\xca\xffW\x1b\xf5\xb8j\x15AH\
8\xf9\xadW\x00\xa0`\x9a\x07\xcf^\x04\xa1\xc0w\xbd\
j10\x7fu_\x94Z\x16\x01az(\xc0\xfc\xea\
\xbe*\x16\x12N\x80\xff\xe8\xe84-\x16\x12J\x98y\
\xdcQ\xd5\xad\xd2X\x04\x09$\xd4<\x86\xd1@Y\xb2\
\xc2\xf8/\xd5\x03\xddc\xdfb!A\x9c\x1b\xaaG\xba\
\xef\xf8\x16\x0b\x09\xc1\xb3\x5c2N\xeb\x8c\x8a\x85\x04p\
\x82\xed\xe6\xa0\x0dme\xb2X\x88?\x95Gqw\x8e\
\x1a(\x16\x12\xc0_\xcf-%A\xb4^\xa4X\x88/\
\xf5\xa71f\xb4\x19\xce\x9b\x0a\xc5B\xbc\xa9\xc9\xe2\xab\
>\xc5B\xfc\xa8\x97\x7f\xc4\x1d\x8d\x22\x88'\x15\xedZ\
u\xc3\xd4E\x10?\xea\x18r\x00\x8d)>\xc4\x0b\xd2\
|\xf0\x01\x85b!>\x5c\x22\xe9\x01\xa0X\x88\x07\x14\
\xdb\x1f\xe3\x18U,\xc4\x9d\xb31\xf8\xaa\x05\xd2bN\
\xc5B\x5c\x89\xe5?\xee\x14\x0bq#\xb6\x1eE\x107\
\xa2\xeb\xf1\xff\x22\x88\x0b\x17\xe2\xfa\xee3\xd7\xe2C\x1c\
\x88n\x1f\xc0\xdf\xc5B\xec\x89\x94\x9f\xf7PE\x10k\
\xe8\xf6\xcfg\xf8\xad,Y\xb60\xacW(\x16b\xcf\
\x99E\x0f\xe8b!v\xd0\xf4'.\xf3{\xb1\x10+\
\xea\xe8\xf1\xee\x9d\x22\x88\x0dL\xeb\x15P\xaa\xbdVp\
\xadW\xc0\xb1X\x88\x05\xf1\xea\xed#\x14A\x16\xe1\xc8\
\x07\xbf(\x82,q\xe1\xc8\x07\xbf(>d\x01>\xff\
\xd1\x8e\x07*\x162\xcfp\xf2Et\x8a\x85\xcc\x12\xab\
?q\x9ab!s\x5c\x0c[B\x08\xb4m@\xc5B\
f\xe0\xa9'~\xb1G\xb1\x909\xa2\xf4\xef.Q,\
d\x12n\xff\xd1\x8e`,\x162E\xcd\xeb?\xee\x87\
\xe3\x8a \x13\xf0\xafW\xedp\xe5\xb2d\x8d\x13\xb5\x7f\
w\x94\x9bi\x14AF\xa9\x1b\xda\xf3\x83\xcb\xa8}\xfb\
\xff\x22\xc8\x18\x95\xf50dr\x8a #p\xd6\xafn\
tS\xae\x8bS\x7fF\x22\xff\xe8\xa6\x8e\x17A\x9e\xe0\
\xdd\xffh\xf9\xba\xbe\xa2,YC\x98\xf7?\x00<\xea\
Q\x04\x19\xc2]\xbf\xc2\xe0\x96\x84\xb2d\xf5\xe1\xcf?\
\x06\x14\x0b\xe9q\xbe\xb2?\xa5B\xef\x1a\x91\x22\xc8#\
\x17~=\xa0\xfb\xd7\xb6\x15A\x1e\x10\xf0\x1fC=\x8a\
\x0fy@\x22\xde\xbdWL:\x8a\x85tH\xd8\xc7\xf3\
5\x93E\x90;\x17\xfe\xa7\xd4x\xbe\xf6\xb3\x08r\x83\
\xbf\xbf\x04\xed&\xfa\x80\x22H\x8b@=Q\xab\xb1k\
q\x8bS\x07\xc0\xdcO}\xc3\x8c^S\x5c,\x04\x10\
\xb1\x8f\xa9k\xa3\x8b\x85@\xa0_\x14\xc0\x88?\x07P\
,\x04\x90\xf1\xe7z\xc4\x9f\x03(\x82@\xa4\xde\xae\x9e\
\xf2\xc1\x8e\x22\x88@=\xf19?\xff\xe2\xe5\x05I\xa2\
^\xf2\xc0\xab\x0b\xc22/\xa3\x8f\x1a\xd6\x13{\xbc\xb8\
 \x02\xf9\x87\x1a\xcd\x07;^[\x10\x89\xf5j\xac^\
\xf2\xc0K\x0b\x22\xb0^M\xe5\x83\x1d\xaf,\x88\xc8~\
\xed\x82\x1e\xaf,\x88D>8\x17_\xb5\xbcn\xe9$\
M=^\xd7B$\xf6\x07\xfb\xfd%\xe3\xbc\xaa '\
\xe6\xd3\x06\xc0L\xfd\xaa\xf7C\xd1_F\x92\x9c\x05N\
\x1bX\xe9\xf1\xa2\x16\x22\x91\x7f\xd8\xe9\xf1\x9a\x82H\xf4\
S[\xf8s\x00\xaf)\x88H|e\xe1\xcf\x01\xd8\x09\
rR\xaa\xd1\x8d\xbe\x1d\xf3R6\xb1B\xcaTJ\xf1\
\xafX\xd6\xef\x99\xfa>\xff\xf7\x95\x19{\xf53\x1b,\
\xc9#a\x1fK\xf5\x92\x07f-\xa46P\x06\xea9\
\x221\xa8\x95\xc9S\x13\x89\xf3jo[\x87\x9f\x9d\xfc\
\x9b\xb6\x13|b\x9c\x811@\x95\xe3\xda%\x91\x0f\xaa\
\xad\xc3\x0fO\x09r\xd2\xcb\xaf\x5c\xd5\x0b\xa5\xe4\xf4\x10\
\xe9owz\x93&\x04\xa9\xd0,\xa6\xb2\x06@f\x92\
\x9c\xc1\xee\xcf\x95\xe3;4*\xc8I\xd9\xce1hp\
:.\xffT*\x9c\x942#\x1e1*\xae\xe1\xcfX\
\xe9\xc4m_\xf3$2V\xca\x87:\xd2\xddj3\xb8\
\x87\xa3\x9b?\x87\xdf\xb9\xfc\xcf1N7\xbf~w|\
R\x19D\xea\xbb\xce\xeb\xc7\x93\x85\x9c\xaf\xaeuP\xf5\
)\xd1\xaa\xec\x8cH\xbf\x8f\xfbz>\x14\xa4\xbe\xba\xbf\
nc$\x9a\x95\x1d\xa9$\xce\x7fx\xe4\x05\x03A\xbc\
^\xb6\x12jWvAb\x9e\xcc\xc6'\xde\xe9\x0b\xe2\
\xfb\xbe\xaa&q\x1b\x91\xd8\xffX\xecg\x18\xa5'\x88\
\xcfz\x05\xb4\xf3f\x93\x8e\xb5j\x89\xfe]\xbf:\xc6\
\xa3 !\xcb\xacj\x12^\xb5D\xfa\xe1<\xebJ\x0f\
\x82\xdc\xc3B\xe3\x18\xad\x1bc\x8c\x81\xba&\x1bk}\
4\xfc\x82|\xf3\xcd\x97\xe9\xf6\xd4\x95\xc8A=\x0b\xea\
O\x81'}\xf7\xfd\xc5/A*(\x15\xd6\x8aa\x92\
\x5c\xb5*\x01\xfb\xf0\x8a\xafZ:A\x08>\xde\xaaI\
\xd0F*\xcd\xdf\xf03\xdf\xdf>O'\x08\xcd\xc7\xe8\
\x9c\x9a$\x17\xb0\x0f|\xf5\x8d\xafZ\xee\x82T$\xaf\
\xda4\xe6B\xf18dT\x02\xfec\x13\xb4ow\x13\
\x84*04H*\xfc\x95H\x8ef\xcfG-s\xab\
\xf6\xfe\xa0x)-\xcd\xcfd\x8a\xbf5{\xb9\x1d\xf8\
\x16\xa6\xc7\xcdBN\x84/<\x1d\xd7~\x16\x88\xaf\x94\
w\xbc{\xa3\x15\x84\xd4\xed\x19\x9dF\x19Ed\xbeO\
p\xdf\x87\x06\x80\x0b\xb1\x22*\x05EN\x02\xf5\xc4\x80\
\xfc\xe3\x8e\x06\x00\xcf\x9a\xe2\x14\xa61\x1f\xa4\x0f\xe8\xc3\
\x07\xf8\x0d$\xd0\x9f\xb7\x8f\x01\x80x\xc9\x02\xa0\xae\x17\
\xe2GtE\xa2^B\xd2\xce\xa9A\xeb\xd2[\x8c\xb9\
\xcan\x90\xd0\xff\x93\x96\x09\xca\x07;4\x00E\xd9\x8d\
\xd1\xd6~aDfP\xdd\xa9\xf8\xfbK\xa0i\xfa8\
5\xa2]]r\x89\xf3\xb0\x16|\x08\x84\xbbT\xed\xe7\
:\xdev\xf3\xa7\x94g\xaf\x7f\xf1?'\x91}D=\
c(\xb5e%\x90\x7f,\xcc/q!\x96 J)\
\xd3\x18\x89|$\xcf|\xb0#\xa6\x85@\xc2\x8fT&\
t\x9f\xcd\x1d\x9a\xf8\xaa%\xea\xb1he\xae\xdc6\x22\
\xb1JR\xea\x11I\x10s\x0b~\x01\xc3\xfb\x0eU_\
\xcf\xcc\xc6\x1b\xe9\xb9%\x0dD\xb6pNE\x04\xf6b\
\x94\xd3\xf9\xa8e4N\xb1?P|\x19\xa2o\xa3_\
\x10\xc4\xe7\xfa8Fkp}nk\xf6\xdds\xc2\xfc\
\xa3{@\xe2\xc7\x1b\x81k\xc7\xaa\x12\xd8\x1f\xa4?\x1e\
\xae\x01\xa8\xe8\x81\x22\x87\x22\x02\xfb\xb5*\xac\x9fa\x14\
\xa6i@\xf1\xa3_\x91\xf9%d\xf9\xf9\x17Q\x051\
\x1d\xd1\x8f+TW\x80\xbb\xc4\x1be\x9c\x85\x8e\x1d\xf5\
\xde\x89\xbbj\x9d\x05\xfcG\x9c\xb9\x09\x9ak\x1cC\xd4\
co\x95\xc0\xf9\x8f\xb78\xe7\xc1\x19'\xca\xc5\xf3#\
\x97h\x8f<\x0dq>\xd8\xc1(H4?r\xf9\x14\
\xbeP\x98\x12\xd6\x99\x8bq\x14\xa9\x9c\x0fr\x87\x13M\
\x0f\xe6!\x981\x14\xa9\x11\xbd\x1c\xf7L<\xc7\xab\x81\
\x0d\xe3\xbf\x86^\x91\x93@}WG\x9c\xef\xa2\x81-\
\xe7\xbf\x86:\xfa\xbd\x08\xf4'F\x1d\xa7\xc7=\xb7\x97\
8\xfa=gw\xfec\x09\x8d\x9c\xfd\x88\xc4}\x13~\
\xf3\x00\xac\xd1\xd1\x9f\xe1\x09:E$\xf6?b\xfa\x0f\
@f\xd48\x95\x22\xe7\xc4\xee\xf3\x22Aw\xffa\x84\
F\x91\xaa\x09>\xc8\xedN\xf4B\x93\x06\xd8\xd7,\x9a\
XK\xe2\xfc\x87\xc7\xfc+WZ\xe3\xe0\xae\x95\x12\xc4\
Z\x17\x18p' \xe4\xfb\xb5c\xcf\x01\xc0c\x10]\
0\xa1\x8a\x88\xcc\xf7\xe1\x98\xc0*v\x7fH\xd8\xaaU\
\x0b\x9c\xe7\xe4\xb0\x8fN\x90#\xbb0A\xab\xd6)\xa5\
\xfb\x9d\x89\x9f\xe6\xf6\x7f\x81\x08\xd2_\x11\x913\xa5L\
\x13\xa3\xef\x82H\x8cq\xf7UDb\x1e\x19\xc1\xf9Z\
;\xba\xa5Jb@\xb5\x9f\x1f\x11\x99/\xca\x96\x19|\
\xf9\x8e\x0d\xd7S~\xe1\xe5Gj#\xb0\xbe\xf2}\x5c\
\xbf\x04a\xcf\x0e\x01\x9fUKb\xde+C>\xd8\xf1\
\x10]\x89L\xd5w}\x7fk\x81y\x00\xac\x0e\xf61\
\xdc\xe5\x8f}\xe1\xaaH\xd5\xf0\x1f\x8f\x8a\xb7\x7f>F\
O\x03\x91\xbb@\x5c<{%\xd0\xdfnx\x03\xd0\xbe\
QH\xacZ\x0e\x9e=\x93y\xfaA\x0cV\xa9\xa3\xc0\
\x15\xb1\xd66\x92\xd3<do\x86n\xe3 \xa0\x88\xa5\
\x8d\xd4\x8d@}\x97}\xcdx\xf2\xe3\x227\xaf\xd9\xd8\
\x88\xc4<\x19\x01\xaf\xfa\x1cX\x89\xf8\x91eEj\x89\
\xfb\x9d\x05\xde\x8b\x91HW\xc2\x8f,\xce|\x10\xb8\xaf\
H\xe6:\xd3\xb1\xd4Cb\xd5j\xe6\x15\x91\xb0\x0f\xe6\
x\xf7\xc6h.(\xb1j\xcd\xf6\xc6K\x9c\xe7\x8ct\
\xfec\x89\xf1\xe4\xfc\xc8\xdf\xce1\xe7\xd9\xcf\x02\xd7;\
c\xcb\xff\x94\xc0\xe4\x16\xeeA\xf1\xb7\xd8Lz\xf6\xd3\
U`\x9e\xa5\xd4}\x99S\xe5+\x09\x7f6q\xdd\x85\
\xc4\xac@\xb9\xeb\xc9\xa7\xeb\x89\x02\xab\xc4\xe8\xe4\xcc\x0b\
\xf7\xab@\xcc\xf38\x8bL\x0arxKc\x9f]\xa0\
\xdfG\xf1\xf4\x97\x8c3m!\xac\xc7F:\x86\x8aH\
\xf4\xfb\xc8\xadW\x98\xed\xcb:r\x1e\xad\xea\xe8{\xf6\
j\xf9\x16qr6\xa27\x92\xcf\xedI\x89l\xea\xf6\
*\x8dg\xc7{\x92)\x881/\xc3\x81\xe7\xdb\xa2\x1f\
\xf8\xe3'\xc7d\x9a!?\xfe\xb8\xffI\xe2\xfe\x0fA\
\x7f\x0e`\xa9\x95t+\xe1\xd8\xbb>8\x11\xff!\xac\
\xc7Ro\xef^+\xc5.\xca\xad\x8a\x22\xb2?(\xad\
\xc7b\xb3\xf5~#1\xd6\xa5\x82L>(\xb3\x1b\xd4\
C}_\xfa\x09\x99\xa1\xfa\x1b\xd3\x80\xdd\xa13\xf5S\
\xcf\xbf\x86\xc5\x9f\x90)\xea\x08\x94\xafd\xf3\x8f;\x16\
\xadX\x22\x8d\x0f\x12\xc8\xafW\xb0;\xb0sPZ\xf1\
G\xbf\xdc\xd54\xb1\xfan\x1f\xabf\xc5\x83\xc4~\x04\
7)\xacW\xb0=\xd2\xb6\xd3\x12\xb1\x16'\x89\xd8\x87\
\xf5\x19\xc3\xbd\x12;\x8c\xc8B\x12\xfe\x1c\x80\xfd\xa1\xcf\
\xc3\xaa\x05\x91\xac\xb7\x0f\xb0~\x9f\xb7\x11_\x844\xe9\
\xd8\x87\xcb\xb1\xe8t>D\xd4\xc8\xd7K\x1epX\x89\
\x0e\x1b-P\xfb\x8dO\xdc\xf9W\xae\xb8\xb8\x86\xdd\xfa\
\xc4\x80\xf8\xfe\xc7\x10'_\xbd\xc6\xe87-\xfbp\x1d\
\xad\xb1\xd3\xab\xb3\x91\xb4\xec\xc3y\xd6\xc9~\xa3\x04N\
\x95E$\x95|\xb0\xc35\xbd\xd8\xaeJ\x0e\xee\xf3j\
\x168\xe7{\xbb\x15\xd5\xb5\x92\x8awo\xb8'\xe0\x09\
%Qa\xa8$S+\x8f\x8aHzf\xeeI\x92\xff\
\x10\x9f\x12\xd5:v\xach\xef\x83$\xc3\xabfx\xc8\
?C\xa4\xbe\x0f\x92\x0c\xbf\x22\xeeA`t\x10-)\
\xfas\x00\xde3\x17s\x8f~S\xaa\xef\xf6\xf1\xdd\xe6\
8|#}\x19\xcc$k\x1f\x01SI\xdf\xdb{\x8d\
s\xb4\x14\xd1\xf3\x1fK\xf8o\x04\x1e\x91\xeb\xb6n\xba\
\xeb\x15\x82\xe6\xf6\xe6\xba\xcf.{\xfec\x89\x90\xf7t\
/0]:\x9c\xc4\xf6?\x86\x04}\xc8\x0f:\xbf\xba\
Vj\xfb\x1fC\xc2V\x9d]v>=q\xfb\x08\x9e\
\xfd\x9e[wP\xea\xf6\x11>\x8c\x7f\xa72J\xda\xb5\
N\xdd>\x08nG\x90\x18A\xe7M\xd2\xf1UK\xf8\
\x92\xb3\xcd&9|\xcb@\x0f\x8a\xfbC\x0e\x99\x84Z\
\xa9\xd6w\xfbP8\xe5\xa3\xce\xa1\x19%\xe5z\xc9\x03\
$Q\xd2\xde$\xbfl\xc9\xcc\xeb\xf3\x80&l\xcd\xc0\
\xb3\xe7a\x1fdwP\xa5\xdee\x9a~\xfeq\x87*\
\xb1\xdb'\x9d\x8ed\x90\x7f\xdc!\xcb\xb4\xb7:\xdd\xa4\
=\x85\xf3\xe7\xb6\xd0\xbd\x8b\xfbd\xa3\xdf\x5c\xfc9\x00\
\xd2{\x0cS]\xa6\x13\xde\xaf\x1d\x81r\x9dI\xb2\xf1\
\x8c\xf9>\x96`H\x17\xfe\xe3\xb7\xf4b\xadL\xf2\xc1\
\x0eZO\xfc\x8e\xd4\xc2\xdf\xe4\xf7?\x86\x10\x87F\x87\
\xc4\x8e!f\xb6^\x81\xfer\xe2]J\xe7y\xd2\xec\
o\x9f\x87<y8$t\x0c\xd1$\x19f\xccC\x9f\
\xcd\xa5\xd3\xd3\x98\xe0\xf9\xa8e\x22\xa4\xd7\xef\x9b4\x96\
\xad\xfc\xfc\x07\x10\xe7\x82\xfbm\x84\xc7t'O=\xa2\
\x08\x82\x03\xc4m$G\x7f\x0e \x92 \x09t\xd0\xb1\
\xdd\x7fNM\xa4\x12\xed^vSW\xe7\xb1\x7f>F\
\xac\x9a\xf9\xfe-\xd2\x03\xdb\x91\xe9z\x85x\x82\xe0]\
0_\xcf\xaa\xde> \xde\xae\x92\xdc\x874\xd3\xf8\xaa\
%\xe26\x9f\xd4\xc9\xd0|\xf6\xcf\xc7\x88\xb9\xef*\xd2\
\xf9\xa0\xb2\xab\xef\xf6\x89\xba\x11~x\x13\xd8g\xcf\xda\
>\x22\x0b\x82w\xc3]\x8b\xcf\xda\x7f\x00\xb1\x05\xc1A\
+\xd6=\xab\xec\xf5\x88-\x08v\x8a1!\xc9m\xff\
|\x8c\xe8\x8b\xfc\x8e\xb1\x88\x22s\xbf3-\xf1\xbd\xee\
\x96\xcdD\xb2\xdc\xff\x18\xc2\x10\x06\xbd\x83\xc7\x8d\xac`\
\xbd\x02\x8b 8|\xdb\x98\xf8\xad\x0fy\xe7\x83\x1d,\
\x89\xc2{\xfc\xa7Q\x19\xf5S\xcf\xc2\x93\xb9m7\xb1\
Gg\xe6\x5cO\xec\xc1\x94JG\xae\xfdfs>j\
\x19\xae\xda\xc6\xee-f{\xd0:\xfc9\x00>A\xf0\
\x1e\xaf\xae\xa5s:\xff\xb1\x04_\xf5o\x1b\xed\xa9\xcc\
\x8a\xf4`\x14\x04\xdb86\xa2W\x12\xef\xde\xe0\xac\x8f\
oc$\x88\xca\xac$\xde\xbd\xc1\xbaa\xb1\x8f\x11j\
\xad\xca>\x98\x05\xc1\xde\x10\xb7\x07\xe9\x15\xc5W-\xcc\
[zG\xe2\xe7[\x9d\x1e\xdc\x82`K\xd9d\xba\xd9\
\xac\xcb\x7f\x00\xfc\x82\xd0N\xe1X\x9f\x1e\xfc\x82`O\
7a`\x85z\x08\x08B\x17k\xada?\xea\x09\x89\
y\x18\xbb\x0d\x81$\xea\xb7U\xea!\x22\x08v \x88\
~\xffM\xf0B\x12Dfb\xcc\xe1-T\x90\xf5\xc5\
\xbb7\x84F\xf8\xfc'\xf4\x01\xd6\xaa\x87\x94 \xa1\x9e\
}\x9d\xfe\x03\x00\xc4\xce\xd5\x1cP\x19\x05\xc0k\xdbj\
\xbdz\x88Y\x08\x02R\xc4U\xf4_M!9\x06\xee\
\xe0\xd5\xf9\xb0\x86~\xd1\x19D\xe7\xf2\xf99\x92U\xeb\
!+\x88\xd7P\xecu\xeb!,\x88\x87w^\xb3\xff\
\x00\xc4\x05q\xf5\xec\xd9\xce\x03\xb0FZ\x10\xb7\x15\xe8\
\xb8\xc6\xfan\x1fqA\x5c\xd6\xa0\xd5\x9b\x07R\x10\xc4\
\xfem~\x05=R\x10\xc4\xf6\x8d~\x09=\x92\x10\x04\
G\x8b\x0d\x92U\xa7\xe7\x0f$!\x08v\x87\xc5\xde\x87\
\x95\xa7\x1f\x1di\x08\x02\x1c\x17\x04y\x11\xfbHG\x10\
\xec\xa7\xa7\xd0)\xf5:z\xc8\x95\xdf\x9f8\xd6f\x5c\
\x12\xa37\xc1\xfbY\xf9\x90\x8e \xd8\xe3\xe3\xd7\x98\x99\
\xac\xe5\xf4\xa0\x1d\xc9,Y\x00\xf0~T\x8f;V\xb7\
?\xad\xe9\xf4\xc72\xea\xbb\xf4+\x18pz\xfcbM\
G\xa3,Ih\xc9j9\x02?\x95R9\xdc\x8c\x18\
\x85\x7f\x00\xd6\xb1\xf5\xefv1S\xfd\x00\x00\x00\x00I\
END\xaeB`\x82\
\x00\x00Z)\
\xff\
\xd8\xff\xe0\x00\x10JFIF\x00\x01\x01\x00\x00\x01\x00\
\x01\x00\x00\xff\xfe\x00\x17Generated\
 by Snipaste\xff\xdb\x00\x84\
\x00\x0a\x07\x07\x08\x07\x06\x0a\x08\x08\x08\x0b\x0a\x0a\x0b\x0e\
\x18\x10\x0e\x0d\x0d\x0e\x1d\x15\x16\x11\x18#\x1f%$\x22\
\x1f\x22!&+7/&)4)!\x220A1\
49;>>>%.DIC<H7=>\
;\x01\x0a\x0b\x0b\x0e\x0d\x0e\x1c\x10\x10\x1c;(\x22(\
;;;;;;;;;;;;;;;;\
;;;;;;;;;;;;;;;;\
;;;;;;;;;;;;;;;;\
;;\xff\xc0\x00\x11\x08\x01\x82\x02\xeb\x03\x01\x11\x00\x02\
\x11\x01\x03\x11\x01\xff\xc4\x01\xa2\x00\x00\x01\x05\x01\x01\x01\
\x01\x01\x01\x00\x00\x00\x00\x00\x00\x00\x00\x01\x02\x03\x04\x05\
\x06\x07\x08\x09\x0a\x0b\x10\x00\x02\x01\x03\x03\x02\x04\x03\x05\
\x05\x04\x04\x00\x00\x01}\x01\x02\x03\x00\x04\x11\x05\x12!\
1A\x06\x13Qa\x07\x22q\x142\x81\x91\xa1\x08#\
B\xb1\xc1\x15R\xd1\xf0$3br\x82\x09\x0a\x16\x17\
\x18\x19\x1a%&'()*456789:\
CDEFGHIJSTUVWXYZ\
cdefghijstuvwxyz\
\x83\x84\x85\x86\x87\x88\x89\x8a\x92\x93\x94\x95\x96\x97\x98\x99\
\x9a\xa2\xa3\xa4\xa5\xa6\xa7\xa8\xa9\xaa\xb2\xb3\xb4\xb5\xb6\xb7\
\xb8\xb9\xba\xc2\xc3\xc4\xc5\xc6\xc7\xc8\xc9\xca\xd2\xd3\xd4\xd5\
\xd6\xd7\xd8\xd9\xda\xe1\xe2\xe3\xe4\xe5\xe6\xe7\xe8\xe9\xea\xf1\
\xf2\xf3\xf4\xf5\xf6\xf7\xf8\xf9\xfa\x01\x00\x03\x01\x01\x01\x01\
\x01\x01\x01\x01\x01\x00\x00\x00\x00\x00\x00\x01\x02\x03\x04\x05\
\x06\x07\x08\x09\x0a\x0b\x11\x00\x02\x01\x02\x04\x04\x03\x04\x07\
\x05\x04\x04\x00\x01\x02w\x00\x01\x02\x03\x11\x04\x05!1\
\x06\x12AQ\x07aq\x13\x222\x81\x08\x14B\x91\xa1\
\xb1\xc1\x09#3R\xf0\x15br\xd1\x0a\x16$4\xe1\
%\xf1\x17\x18\x19\x1a&'()*56789\
:CDEFGHIJSTUVWXY\
Zcdefghijstuvwxy\
z\x82\x83\x84\x85\x86\x87\x88\x89\x8a\x92\x93\x94\x95\x96\x97\
\x98\x99\x9a\xa2\xa3\xa4\xa5\xa6\xa7\xa8\xa9\xaa\xb2\xb3\xb4\xb5\
\xb6\xb7\xb8\xb9\xba\xc2\xc3\xc4\xc5\xc6\xc7\xc8\xc9\xca\xd2\xd3\
\xd4\xd5\xd6\xd7\xd8\xd9\xda\xe2\xe3\xe4\xe5\xe6\xe7\xe8\xe9\xea\
\xf2\xf3\xf4\xf5\xf6\xf7\xf8\xf9\xfa\xff\xda\x00\x0c\x03\x01\x00\
\x02\x11\x03\x11\x00?\x00\xf6j\x00(\x00\xa0\x02\x80\x0a\
\x00(\x00\xa0\x02\x80\x0a\x00(\x00\xa0\x02\x80\x0a\x00(\
\x00\xa0\x02\x80\x0a\x00(\x00\xa0\x02\x80\x0a\x00(\x00\xa0\
\x02\x80\x0a\x00(\x00\xa0\x02\x80\x0a\x00(\x00\xa0\x02\x80\
\x0a\x00(\x00\xa0\x02\x80\x0a\x00(\x00\xa0\x02\x80\x0a\x00\
(\x00\xa0\x02\x80\x0a\x00(\x00\xa0\x02\x80\x0a\x00(\x00\
\xa0\x02\x80\x0a\x00(\x00\xa0\x02\x80\x0a\x00(\x00\xa0\x02\
\x80\x0a\x00(\x00\xa0\x02\x80\x0a\x00(\x00\xa0\x02\x80\x0a\
\x00(\x00\xa0\x02\x80\x0a\x00(\x00\xa0\x02\x80\x0a\x00(\
\x00\xa0\x02\x80\x0a\x00(\x00\xa0\x02\x80\x0a\x00(\x00\xa0\
\x02\x80\x0a\x00(\x00\xa0\x02\x80\x0a\x00(\x00\xa0\x02\x80\
\x0a\x00(\x00\xa0\x02\x80\x0a\x00(\x00\xa0\x02\x80\x0a\x00\
(\x00\xa0\x02\x80\x0a\x00(\x00\xa0\x08\xe6\x9a+x\x9a\
Y\xa4X\xe3^\xac\xc7\x00SJ\xe1\xb1\x9c\x9a\xd3]\
\x16\x1663L\x00\xc8y\x08\x8dX{g\x9f\xcc\x0a\
\xae[n\xc8\xe6\xec\x84\xfe\xdf\x8a\x19\xfc\x8b\xc8$\x81\
\xc7\xde*C\xaa\xf4\xeaG=\xc7j9{\x077s\
Q\x1d$Ex\xd8:0\xca\xb2\x9c\x82*\x0b\x1d@\
\x05\x00\x14\x00P\x01@\x05\x00\x14\x00P\x01@\x05\x00\
\x14\x00P\x01@\x05\x00\x14\x00P\x01@\x05\x00\x14\x00\
P\x01@\x05\x00\x14\x00P\x01@\x05\x00\x14\x00P\x01\
@\x05\x00\x14\x00P\x01@\x05\x00\x14\x00P\x01@\x05\
\x00\x14\x00P\x01@\x05\x00\x14\x00P\x01@\x05\x00\x14\
\x00P\x01@\x05\x00\x14\x00P\x01@\x05\x00\x14\x00P\
\x01@\x05\x00\x14\x00P\x01@\x05\x00\x14\x00P\x01@\
\x05\x00\x14\x00P\x01@\x05\x00\x14\x00P\x01@\x05\x00\
\x14\x00P\x01@\x05\x00\x14\x00P\x01@\x05\x00\x14\x00\
P\x01@\x05\x00\x14\x00P\x01@\x05\x00r\xf7\xf2\xdc\
\xea:\x81\xb9HVk+9\x8c~[g\x05\x87\xde\
b>\xb9\x03\xff\x00\xaekM\x95\xbb\x99\xbdYfk\
\x85\x8fQ\xfbD\x82Ks\xe5\xe3\xe5`8\x1d\x01\xcf\
\x07\xefg\xdb\xde\xa7\xa0\xfa\x8b\x15\xd87.\xd1\xc6\xd7\
\x00F\xc7\x0d\x82H8'\x91\xc7\xf9\xfc(\xb0\x5cM\
%\xae,g\x8d&EK{\xd2Y\x11NDm\xd7\
\xf0\xcf\xa7<\xfe4\xde\xa8\x16\x86\xfdAa@\x1cF\
\xa3\xe2\xbdb\xd6\xebPu\x92\xc6\x1bK[\xd3j\xad\
$)\xd4\x22\xb0\xdc\xd2\x5c\xc42w\x1e\x00=)'\
\xee\xa6\xfa\xdf\xf0m~\x85I{\xcd.\x89~&l\
\x7f\x11oeyQo\xf4\xe0bm\xad\xba\x1be\x04\
\xe0\x1e\x09\xbe\xc3\x0ez\x8c\x8e\xd4\xfa\x5c\x9e\xb6:\x18\
\xb5\xe9\xff\x00\xe1\x14\x97R\xd5%o.w\x11E%\
\x8cq\xab(r\x102\x914\xaapO]\xdd\xbaQ\
(\xdf\x96\x1de\xa7\xde\x10\x96\xf2\xe8\xb5\xfb\xb7\xff\x00\
\x22\xfd\xbd\xa7\x88\xa2\xb0\x8a\x03\xaa\xd8\xb4\xd1\xb3)\x9a\
[6\x90\xca\x9f\xc2H\x12&\x1b\x1dz\x83\xdb\x14]\
\xbb7\xf3\xf5\x04\x92\xba\xfb\x8a:\xc5\xff\x00\x88\xb4H\
m\xaee\xbd\xd3.c\x92\xee\x18\x19\x12\xc2H\xce\x1d\
\xc2\x92\x1b\xce<\x8c\xfaS\x8d\x9c\xe3\x17\xd7\xfc\x9b\xfd\
\x05-!).\x8a\xe7OHf\x0d\x9e\xa5w/\x8e\
5-5\xe6\xcd\xac\x16p\xc9\x1c{G\xca\xcc['\
8\xcfaD5\x8c\xdb\xe8\xd7\xe4\x13\xd2QK\xaa\x7f\
\x99\xb9$\x89\x14m$\x8e\xa8\x88\x0b31\xc0P:\
\x92i6\x92\xbb\x1aM\xe8\x8eJ?\x1b\xd8\xddI\xaa\
X>\xb7\xa4\xd9M\x1f6w\x8bu\x1b\xc4\xe8\xd9\xda\
p[\xef)\xe0\x8f\xa1\x1c\x1a5p\xbf[\xff\x00_\
&\xbe\xe1\xe8\xa4\xaf\xb7\xf5\xff\x00\x0e\x88/<s\x1b\
\xe9\x16P\xdb\xea\xba=\xbe\xa9t\xc1&\x93\xed\xd1I\
\x0d\xb0\x1c\xb3\x9f\x9b\x90@\xe0z\x91\xe9U\xa3\x9a\xed\
\xbb\xff\x00/^\x9f{!]E\xdfW\xb7\xfc\x1fN\
\xbf\x81\xd8Z\xdd[\xde\xdb%\xc5\xad\xc4W\x10\xb8\xf9\
e\x89\xc3+}\x08\xe2\x86\xac\x09\xdc\x9a\x90\xc8/.\
\x96\xce\xd9\xa6a\x9cp\x06z\x9a\xe3\xc6\xe2\xe3\x84\xa2\
\xea\xcb^\xcb\xbb5\xa5M\xd5\x9f*\x1f\x04\xcbq\x02\
J\x9fu\xc6kj\x15\xa3^\x94jGfL\xe0\xe1\
'\x17\xd0\x92\xb6 (\x00\xa0\x02\x80\x0a\x00(\x00\xa0\
\x02\x80\x0a\x00(\x00\xa0\x02\x80\x0a\x00(\x00\xa0\x02\x80\
\x0a\x00(\x00\xa0\x02\x80\x0a\x00(\x00\xa0\x02\x80\x0a\x00\
(\x00\xa0\x02\x80\x0a\x00(\x00\xa0\x0c\x81u\x7f\xaaK\
(\xb0\x96;[X\xd8\xa7\xda\x197\xb4\x8c8;G\
@\x01\xc8\xc9\xcfJ\x00k\xcd\xa9i\x04M{r\xb7\
\xb6Y\xc4\x92yA$\x87?\xc5\x81\xc1_^\x98\xa0\
\x0d\x8e\xb4\x00\xb4\x00P\x01@\x05\x00\x14\x00P\x01@\
\x05\x00\x14\x00P\x01@\x05\x00\x14\x00P\x01@\x05\x00\
\x14\x00P\x01@\x05\x00\x14\x00P\x01@\x05\x00\x14\x00\
P\x01@\x05\x00\x14\x00P\x01@\x05\x00\x14\x00P\x01\
@\x05\x00\x14\x00P\x01@\x05\x00q:a\x8dn\xad\
\x04\xd77\x22\xed`\xc4\x90\xef\x1eS\x10\xe3q\xc7R\
\xc2\xb6\x96\xcc\xc6%\xcb\xf8\xe7\xbd\x80M0,b;\
\x89\x1f.pO\x18\xf7\x00VkB\x9e\xa2\xd8E5\
\x84q4M\xb4\xb6q\x9c6\xe0H\xcf\x1dG@(\
z\x82V!t\x84j\xe8\xe95\xd3\xbb\x5c[~\xed\
\x98\x18\xe3\x00\xf1\xb4u\x19\x07\xbf\xa1\xad\x17\xc3\xf7\x93\
mN\xbe\xb16\x0a\x00\xf3]_rA\xa8\xde\x88\xa5\
\x92\x08<D\xd2\xca\xd1\xc9,{\x11m\xf6\x96/\x12\
\xb3\xa8\x07\xb8\x151\x92J\x0d\xed\xef\xff\x00\xe9L\xb7\
\xefJiv\x8f\xe8\xff\x00!\xe9y$\x88\xae\x9aV\
\xa8\xca\xc3*\xc3T\xd6H#\xd7\xfdE[M;3\
4\xef\xaa'\xb9\x86k\x7f\x85V\xb1\x5cC$\x12\x0b\
\x88\x89\x8eP\xc1\x977 \xf3\xb8\x06\xfc\xc6hZT\
\xa2\xbf\xc3\xf9y\x0a?\x05O\xfb\x7f\xf3g\xa0R(\
\xe6\xfcs\xff\x00 \x8b?\xfb\x09\xda\xff\x00\xe8\xd5\xa7\
\x0f\xe3C\xd5\xfeL%\xfc)\xfa~\xa8\xd1\xba\xf0\xe6\
\x83y;\xdc\xdeh\xbat\xf3?/,\xb6\xa8\xcc\xdc\
w$f\xa7D\x87\xab8M3L\xd1_\xc5o\xab\
\xcb\xa3i\xc7A\xd4\xa46V\x81\xad\x13b\xba\x01\xb5\
\xc0\xc6\x00v\x0e\x01\xef\x81\xea)\xd3ZZ[\xcbU\
\xf2\xe9\xf3^\xf157\xba\xda:?\xf3\xf9=\x0e\xe0\
h^\x1f\xd2\xe3\x96\xea\x1d\x12\xca,FU\xcd\xb5\x8a\
\x97e=F\x11rs\xe8\x074\x9e\xd6}JK[\
\x99w\x1a\x85\xb3\xb2\xfd\x93P\xf1\x0d\x84(\x81R\xde\
\xdbD}\x8a\x00\xed\xba\xd9\x88\xfc\xe8m\xeb&\xc4\x92\
J\xc9\x18\xde\x1f\xf1\x06\xa5\x7fy\x1e\xa56\xad\xac\x1d\
+\x9d\x96\xcd\xa44\xef8\xcb\x0c\xb4\x91[\xaa\xa7c\
\x85-\xdf\x9a\xa4\xac\xbd\xee\xbf\xd7\xcf\xfa\xdcR\xde\xd1\
\xe8\xff\x00/\xeb\xd7\xc93\xb3\xd1#\xb0\x8bK\x8e-\
6\x09\xa0\xb6Fm\xb1\xcf\x14\x91\xb0$\x92x\x90\x06\
\xeaM\x1d\x17\xf5\xb6\x81\xd5\xb2\xf9\x19\x04d\x8c\xf7\x15\
-]Xh\xe65(\xe6\x82\xe4\xc5,\xed(\xea\xa5\
\x98\x9e+\xf3\xdc\xce\x9dj5\xdd:\x93r\xea\xae\xcf\
w\x0f(N\x1c\xd1V%\xd1\xe2\x9ay\xf0\x97\x0f\x1c\
q\xe0\xb0\x0d\xd7\xf0\xae\xac\x9a\x95j\xd5m\x1a\x8e1\
\x8e\xae\xcfs,\x5c\xa1\x08\xeb\x1b\xb6tu\xf7'\x8e\
\x14\x00P\x01@\x05\x00\x14\x00P\x01@\x05\x00\x14\x00\
P\x01@\x05\x00\x14\x00P\x01@\x05\x00\x14\x00P\x01\
@\x05\x00\x14\x00P\x01@\x05\x00\x14\x00P\x01@\x05\
\x00\x14\x00\x94\x01\x93\xe1\x99W\xfb\x1e;S\xc4\xd6\x84\
\xc32w\x0c\x0f\xf5\xeb@\x13k\xf7\x09\x06\x8br\xac\
7<\xd1\x98cA\xd5\xdd\x86\x00\x1f\x9d\x00[\xb4\x89\
\xa1\xb3\x86'9d\x8dT\x9fR\x05\x00M@\x05\x00\
\x14\x01GQ\x8bQ\x92[Sc<q\x22\xc9\x99\xc3\
\x8c\xee_A\xc7\xd6\x80\x12\xfe-JK\xabF\xb2\xb8\
\x8e8Q\xf3:\xb0\xc9e\xe3\xa7\x1f_J\x00[\xc8\
\xb5\x17\xbe\xb4{I\xe3Ktc\xe7\xa3\x0eX{q\
\xf5\xa0\x0b\xd4\x00P\x01@\x05\x00\x14\x00P\x01@\x05\
\x00\x14\x00P\x01@\x05\x00\x14\x00P\x01@\x05\x00\x14\
\x00P\x01@\x05\x00\x14\x00P\x01@\x05\x00\x14\x00P\
\x01@\x05\x00\x14\x00P\x01@\x05\x00\x14\x00P\x07#\
\xad\xe9\xef\xa7\xde\xb5\xd4ClR\xc9\xe6#\x800\x8e\
\xc7\xe6V\xf6c\xcf\xb98\xc8\xef\xb4]\xd1\x94\x95\x9d\
\xc5\xb5\xd4-\x16Q5\xda\xbc\x0e\xc9\x8c\x13\x80pG\
C\x8c\x1eO\x5c\x8f\xa7s./\xa0).\xa2^j\
V\xa9tb\xb7G\x96M\xa3\x1ceW \x1e[\x18\
\x1c0<\x13\xc1=)\xf2;j\x0eH\x9f\xc3\x9al\
\x92\x5c\x9b\xf9NW%\x83\xe3\x1ec\x9e\xa7\x8c|\xa3\
\x9cg?^(\x93\xd2\xc3\x8a\xeat\xf5\x91\xa0\xd9\x0b\
\x88\xd8\xc6\x14\xbe\x0e\xd0\xc7\x00\x9e\xd94\xa5{;n\
5k\xeay\xfd\xc7\x85uG\xd3\xed4\xeb\xbb\x19\xb5\
T\xb9/5\xecb\xf9m\xad\x92gfr\xcc\xca\x0c\
\x8f\x82@\x00\x0d\xbc\x03\xd6\x87\x15u\x15\xb2VO\xfa\
\xea\xdd\xf7\xee>g\xac\xba\xb7\xf8l\x97\xa2]\xbf\xc8\
c\xfc=\xbd{(\xed\xe4\xb1\xd0\xa4\x8fq\xf3\x11a\
\x8e)\x8a\xf6\x06q\x07?\xf0\x18\xd1\x87\x1f7r\xde\
\xad7\xfe]\x7f\xcb\xd3\xd0\x85\xa2i\x7f\x9fO\xf3\xf5\
5\x8e\x97\xabj\xfe\x14m%\xf4k}\x14[\xcd\x0a\
\xdb\xc4o<\xe5h\xe3ubr\xab\xc7\x03\x8c\xf2{\
\xe2\xaa\xf7\x94*>\x8e\xed\x7f_\xf0\xc0\x97*\x94\x16\
\xcd5\xf7\x9d}H\xce{W\xd3\xb5\x8djH-f\
\xb7\xb2\xb7\xb3\x8a\xf29\xcc\xc9t\xef#*6\xe06\
\x18\xc0\x04\xe0\x7f\x17\x1e\xf4CIFO\xa7\xf95\xfa\
\x84\xb5\x8c\xa2\xba\xe9\xf9\x12\xeaZN\xa3\xad\xdcIk\
{t\x96\xdaG\x00\xc3j\xcd\xe6\xdc\x8e\xe1\xdf\x03b\
\xf6\xda\xbc\x9f\xefv\xa4\x92\xdeZ\xf9t\xf2\xbf\x7fM\
\xbdGv\xbe\x1d<\xff\x00\xad\xbd\x7f#F\xebK\xb1\
\xbc\xd3\x1bM\x9e\xd9\x1a\xd1\x90'\x92\x06\x00\x03\xa61\
\xd3\x18\x18\xc7LS\x95\xe4\xee\xf7\x14}\xd5dS\xd3\
-5\x9d>qk=\xdcZ\x85\x80_\x92y\x89K\
\x94\xeb\x80\xd8\x05d\xed\xf3|\xa7\xd74\xef\x7f\x8b\x7f\
\xeb\xa7O\xebD&\xad\xf0\xed\xfd\x7fZ\xfd\xe5\xbb\xf8\
\xb5)B\x0d:\xee\xd6\xdf\x19\xdf\xf6\x8bf\x9b>\x98\
\xc4\x89\x8e\xfe\xb5\x0d]4V\x84z\x0e\x92\x9a\x1e\x89\
i\xa6$\xa6Qn\x9bL\x84cq\xceI\xc7nI\
\xe2\xb4\x94\xae\xff\x00\xae\x9a\x13\xd5\xbe\xed\xbf\xbd\xdc\xd0\
\xa9\x18P\x05I4\xdby\xae\x8d\xc4\xa0\xb9 \x00\xa4\
\xf0+\xcd\xab\x96P\xad]\xd6\xab\xab\xed\xd0\xe8\x8e\x22\
q\x87$t\x16\xdfO\x86\xd6v\x96\x1d\xca\x18`\xae\
x\xaa\xc3e\xd4p\xd5]JZ]m\xd0U+\xce\
\xa4TdZ\xaf@\xc0(\x00\xa0\x02\x80\x0a\x00(\x00\
\xa0\x02\x80\x0a\x00(\x00\xa0\x02\x80\x0a\x00(\x00\xa0\x02\
\x80\x0a\x00(\x00\xa0\x02\x80\x0a\x00(\x00\xa0\x02\x80\x0a\
\x00(\x00\xa0\x02\x80\x0a\x00(\x00\xa0\x0c\xfb\xcd\x1a\xd6\
\xee\xe3\xedA\xa6\xb7\xb8\xc6\xd35\xbc\x85\x18\x8fC\xd8\
\xfe4\x01\x5c\xf8j\xceEcs=\xd5\xd4\xa4|\x93\
M.Z.\xf9\x5c`)\xcf\xb5\x00\x5c\xd3\x85\xf2B\
\xd1_\x15w\x8d\xb6\xa4\xcb\xff\x00-W\xb3\x11\xd8\xfa\
\xd0\x05\xca\x00(\x00\xa0\x02\x80\x0a\x00(\x00\xa0\x02\x80\
\x0a\x00(\x00\xa0\x02\x80\x0a\x00(\x00\xa0\x02\x80\x0a\x00\
(\x00\xa0\x02\x80\x0a\x00(\x00\xa0\x02\x80\x0a\x00(\x00\
\xa0\x02\x80\x0a\x00(\x00\xa0\x02\x80\x0a\x00(\x00\xa0\x02\
\x80\x0a\x00(\x00\xa0\x02\x80\x1a\xe8\x92\xa3G\x22\xab\xa3\
\x0c2\xb0\xc8\x22\x802'\xf0\xcd\x9c\x9cA=\xcd\xaa\
\x93\x92\xb18 \x9f\xf8\x108\xfa\x0cU\xa9\xb2\x1c\x10\
\xf8<9g\x1e>\xd1,\xf7\x9bO\x02v\x18\x1cc\
\x18P\x01\x1f\x5c\xd1\xce\xfa\x0dE\x1a\xa0\x000\x06\x00\
\xa8(Z\x00(\x00\xa0\x02\x80\x0a\x00(\x00\xa0\x02\x80\
\x0a\x00(\x00\xa0\x02\x80\x0a\x00(\x00\xa0\x02\x80\x0a\x00\
(\x00\xa0\x02\x80\x0a\x00(\x00\xa0\x02\x80\x0a\x00(\x00\
\xa0\x02\x80\x0a\x00(\x00\xa0\x02\x80\x0a\x00(\x00\xa0\x02\
\x80\x0a\x00(\x00\xa0\x02\x80\x0a\x00(\x00\xa0\x02\x80\x0a\
\x00(\x00\xa0\x02\x80\x0a\x00(\x00\xa0\x02\x80\x0a\x00(\
\x00\xa0\x02\x80\x0a\x00(\x00\xa0\x02\x80\x0a\x00(\x00\xa0\
\x02\x80\x0a\x00(\x00\xa0\x02\x80\x0a\x00(\x00\xa0\x02\x80\
\x0a\x00(\x00\xa0\x02\x80\x0a\x00(\x00\xa0\x02\x80\x0a\x00\
(\x00\xa0\x02\x80\x0a\x00(\x00\xa0\x02\x80\x0a\x00(\x00\
\xa0\x02\x80\x0a\x00(\x00\xa0\x02\x80\x0a\x00(\x00\xa0\x02\
\x80\x0a\x00(\x00\xa0\x02\x80\x0a\x00(\x00\xa0\x02\x80\x0a\
\x00(\x00\xa0\x02\x80\x0a\x00(\x00\xa0\x02\x80\x0a\x00(\
\x00\xa0\x02\x80\x0a\x00(\x00\xa0\x02\x80\x0a\x00(\x00\xa0\
\x02\x80\x0a\x00(\x00\xa0\x02\x80\x0a\x00(\x00\xa0\x02\x80\
\x0a\x00(\x00\xa0\x02\x80\x0a\x00(\x00\xa0\x02\x80\x0a\x00\
(\x00\xa0\x02\x80\x0a\x00(\x00\xa0\x02\x80\x0a\x00(\x00\
\xa0\x02\x80\x0a\x00(\x00\xa0\x02\x80\x0a\x00(\x00\xa0\x02\
\x80\x0a\x00(\x00\xa0\x02\x80\x0a\x00(\x00\xa0\x02\x80\x0a\
\x00(\x00\xa0\x02\x80\x0a\x00(\x00\xa0\x02\x80\x0a\x00(\
\x00\xa0\x02\x80\x1a\xee\x91\xa3I#\x05E\x04\xb31\xc0\
\x03\xd6\x93j*\xeci6\xec\x8azF\xb3\xa7k\xd6\
\x02\xfbL\xb9[\x8br\xc5w\x85#\x91\xd4`\x80E\
SMZ\xfdI\xba\xbb]\x89\xefo \xd3\xec\xe5\xbc\
\xbar\x90B\xa5\xa4p\xa5\xb6\x81\xd4\xe0sR\xda[\
\x94\x93{\x0c\xba\xd4\xf4\xfb\x1bT\xba\xbc\xbe\xb6\xb6\x81\
\xc8\x0b,\xd2\xaa#\x1220I\xc7JoGg\xb8\
\x97\xbc\xae\x82\xc7S\xd3\xf5H\xdaM>\xfa\xda\xf1\x10\
\xedf\xb7\x95d\x00\xfa\x12\x0d;;\x5cW\xe8Z\xa4\
0\xa0\x02\x80\x22\xb8\xb9\xb7\xb4\x8f\xcc\xb9\x9e8S8\
\xdd#\x85\x19\xfa\x9a.\x03-\xef\xec\xee\xc3\x9b[\xb8\
g\xd9\xf7\xbc\xa9\x03m\xfa\xe2\x87\xa2\xbb\x0e\xb6\x1f\x0d\
\xc47\x16\xc9s\x13\x83\x13\xae\xe5c\xc7\x1e\xbc\xd0\xf4\
\xdc7\xd0\xad\xfd\xb9\xa4\x7f\xd0V\xcb\xff\x00\x02\x13\xfc\
h\x01SY\xd2\xa4uD\xd4\xad\x19\x98\xe1UgR\
I\xf4\xebBW\x02\xed\x00\x14\x00P\x01@\x05\x00W\
\xb3\xbc\x8e\xf6&\x925t(\xe5\x1d\x1ca\x95\x87b\
?\xcfZ:&\x1dZ\x0b\x9b\xfb+2\xa2\xea\xee\x08\
\x0br\xa2Y\x02\xe7\xe9\x9a\x00\xa8\xbe\x22\xd2\x1a\xe5\xe0\
:\x85\xba\xedP\xc1\xcc\xc9\xb1\xb3\xe8s\xd4zP\x80\
\xb9mykx\xac\xd6\xb70\xce\xaapLN\x18\x0f\
\xca\x80'\xa0\x02\x80\x0a\x00\x8ei\xa3\xb7\x85\xe6\x95\xb6\
\xa4jY\x8e\x09\xc0\x1fJ/a\xa5r9\xef\xec\xad\
Q\x1e\xe2\xee\x08VA\x942H\x147\xd3=hz\
;\x09j\xae\x84\xb6\xd4,\xaf\x1c\xa5\xad\xe4\x13\xb2\x8c\
\x91\x14\xaa\xc4\x0f\xc0\xd1`\xb8\xf7\xbb\x82)\x8cRJ\
\x11\x963)\xdd\xc0\x0a8$\x9e\x94_p\xea\x97r\
\xbf\xf6\xe6\x91\xff\x00A[/\xfc\x08O\xf1\xa0\x09\xa6\
\xbf\xb3\xb6\x8d%\x9e\xee\x08\x92O\xb8\xcf P\xdfB\
z\xd0\xf4v`\xb5WD?\xdb\x9aG\xfd\x05l\xbf\
\xf0!?\xc6\x80.\xab\x06P\xcaA\x04d\x11\xd0\xd1\
\xb0\x0b@\x05\x00\x14\x00P\x01@\x05\x00\x14\x00P\x01\
@\x05\x00\x14\x00P\x01@\x05\x00\x14\x00P\x01@\x05\
\x00\x14\x00P\x01@\x05\x00\x14\x00P\x01@\x05\x00\x14\
\x00P\x01@\x05\x00\x14\x00P\x01@\x05\x00\x14\x00P\
\x01@\x05\x00\x14\x00P\x01@\x05\x00\x14\x00P\x01@\
\x05\x00\x14\x00P\x01@\x05\x00\x14\x00P\x01@\x05\x00\
\x14\x00P\x01@\x05\x00\x14\x00P\x01@\x1c\x96\xa8\xba\
\xc6\xabv\xb1\xea\x1a\x1d\xe3\xe9K\xf3\x0bKi`&\
r\x09\xc7\x9cZE\xe3\x80v.A\xc8\xcb\x1eT(\
\xff\x004\xba}\xdf\xf0_\xe0\x9f}\x18\xde\xd6\x8f\xfc\
\x1f\xf8\x09\xfd\xfe\x84V\xf7\x97\xb7\xb71k>\x1f\xd0\
\xefm\xcd\xd6\xd10\xb8x\x16\x09\xd4p\x0b\x05\x90\xb2\
0\xec\xc1I\xc7\x047\x18j\xe9y=~\xfdn\xbd\
\x7f\x1e\xb6\xdcN\xdbuZ}\xcfo\xeb\xe5\xd9\xae\xb7\
b\xda\x9e\xa3a}/\x83\x1e\xeeX\xc6\xdb\x812Z\
H\x1a2\x0f\xcb\x96\x939S\x82;u\xf54\xadi\
;m\xfdY\xfe\x8f\xe7\xbd\x90\xdd\xdcm\xd7\xfa\xfc:\
\xaf\x95\xfa\x99\x96zs\xe9\xb3im'\x87\x7f\xb3.\
g\xd5\xbc\xd7\xd8\xb6\xea\x87\xf7R\xed\x8dLlN\x14\
c\x92\x079=\xf1N-\xa7\x14\xb5\xb2\x97\xcd\xd9\xff\
\x00\xc3/+\x03I\xf3\xbe\x9a|\x974\x7f\xe1\xdf\x99\
\xd1\xf8:O;N\xba\x96\xe02\xea/t\xed}\x1b\
\x8c4R\xf1\x84\xf7\x016\x80G\x04`\xd3J\xd0\x8d\
\x9d\xd5\xbf\x1e\xbf\x8d\xc9n\xf3\x95\xff\x00\xa5\xd3\xf0\xd7\
\xd6\xe7CHa@\x05\x00gj\xff\x00z\xc3\xfe\xbe\
\xd3\xf9\x1a\x97\xba\xf9\xfeL\x1f\xc2\xfe_\x9a2tk\
\xd4\x8b\xcc\xb8\xbd\xb9T\xdde\x06d\x9aLd\x93'\
s\xde\xaa\x7f\xc3k\xfa\xf8QO\xf8\x8b\xe7\xff\x00\xa5\
\x0f\xd1$\x8aM\x165\x8fX3\xb2Z\xe5\xad\x83D\
B|\xbd\xc0]\xc3\x1e\xe6\x8a\xdf\x0c\xbd\x05\x0f\x8dz\
\xfe\xa5\x17\x9ai \xd3\xe5K\xa7\x95-#LZ\xd8\
 \x96e%1\xbd\xb2\xa4\x03\xc9\x00\x10=s\x9e*\
\xa4\xff\x00x\xdf\xaf\xcb\xfa\xfe\xba\x91\x0f\x81\x22\xc3^\
<\xf6\x8e\x977\xd3<\xa6x\x19-\xae\x22\x11\xc9\x1a\
\xf9\x8b\xc9\xf9W?\x80 t\xc9\xebD~(\xfa\xfe\
\x85=\xa5\xe8\xce\xaa\xa4\x02\x80\x0a\x00(\x03\x0fV\xd2\
\xf4\xd8&\x83P}>\xd8\xc6\x92\x11q\x98\x97\x05[\
\x8d\xc7\x8epps\xe9\x9aKI%\xdfO\xf2\xff\x00\
/\x98\xdd\xda\xfc\x7f\xaf\xcf\xe42\xe7I\xd2\xeeu;\
kX4\xeb@\xb1\x1f:vHTq\x82\x15N\x07\
rs\x8fE\xa6\xb7o\xb7\xe7\xff\x00\x01~\x82{z\
\xfe_\xd6\x9fx\xfdn$\xb1\xd3\xd5`\x9b\xec\xb6\xee\
\xc2\x13\x0a\x98\xa2\x88\x06'$\x93\x1bc\xde\xa6Z\xb4\
\x9f_\xf2\xff\x00\x805\xa6\xab\xa1\x94\xf34\x96\xabj\
\xfa\xed\x9bD\xa1F\xd3\xa9\xc4s\x8e\x99>FON\
\xfdj\xdb\xbb\xb9)YX\xdf\xd0\xe5\x96\xea\xc5n\xe4\
\xba\x96o3 +\x14e\x18$d\x15E\xceqC\
\xd1\x02wl\xd2\xa40\xa0\x02\x80)\xean\xb1X\xbc\
\xd2]\xc9k\x1ccs<aI#\xd3\x0c\x08\xe6\xa6\
Z-J\x8a\xbb\xd0\xc3\xb2\xb8f6\x12\xfd\xa9ed\
\xb7\xb9\xc1\x0a\xab\xe5\xe3f\x14\x80\x00\xe0c\xb7\xe9N\
m\xaeg\xd7\x97\xf1\xb8\xa1f\x92\xe9u\xf92\xed\x8c\
\xf2K\xa8Z\xce\xf9\x92G\xd3C\xb60\x0b\x12A\xf6\
\x15RV\x94\xd2\xf2\xff\x00\xdb\x8c\xe2\xee\xa3\x7f?\xd0\
\xa1eou\x15\xe4\x02{\x0b\xa5han#\xb9E\
<\xc8X\x12\x16@J\xfe\x7fJ\x85\xee\xa6\xfb(\xaf\
\xb92\xda\xbb\xf9\xbf\xc5\xa1!\xbe\xbfE\x9fS\x13\xdb\
\x99\xe4\xb4\x8av\x8c\xdb6\xd0\xb9 (o3=s\
\xda\xb4J\xcf\x97\xcd~6\x09w\xf5\xfc\x0b\xfa\xc5\xd8\
K\xebG\x8eV\x85\xe0v\x05\x9e\xcai\x14\x96\x5c\x00\
6\x80\x09\xfcj\x17\xc5\x7f&\xbf\x14\xff\x00@\x7f\x0e\
\xbe\xbf\x83\xff\x002+\x9b\xdb\xd9\xede\x87\xed\x1f\xeb\
\x10\xaf\xfc\x81\xeeGQ\x8e\xb98\xfc\xa9I]48\
\xbb4\xcdm:d\x92\xce5Q(1\xa8C\xe6B\
\xf1\xe4\x81\xd80\x04\xd6\x92wm\x91\x15d\x91n\xa4\
\xa0\xa0\x02\x80\x0a\x00(\x00\xa0\x02\x80\x0a\x00(\x00\xa0\
\x02\x80\x0a\x00(\x00\xa0\x02\x80\x0a\x00(\x00\xa0\x02\x80\
\x0a\x00(\x00\xa0\x02\x80\x0a\x00(\x00\xa0\x02\x80\x0a\x00\
(\x00\xa0\x02\x80\x0a\x00(\x00\xa0\x02\x80\x0a\x00(\x00\
\xa0\x02\x80\x0a\x00(\x00\xa0\x02\x80\x0a\x00(\x00\xa0\x02\
\x80\x0a\x00(\x00\xa0\x02\x80\x0a\x00(\x00\xa0\x02\x80\x0a\
\x00(\x00\xa0\x02\x80\x0a\x00(\x03\x9b\xd4\x91\xee\xef]\
\xdfA\xf1\x03\x95\xf9\x03\xda\xeak\x0cl\x07p\xabp\
\xbd}\xc0>\xb56\xba\x1b2t=*\xe7N\xd3-\
\xa1\xb9\xf0\xff\x00\x88\x8c\xf0\xfd\xef+WQ\x199'\
\x85\xfbH\x18\xf6\xc5ZvK\xc9/\xc1\x12\xd5\xdb\xf3\
o\xf3.k\xb6\x9fn\xf1\x16\x99sw\xe1\x99\xb5H\
\x05\x8c\xc1\xa0x\xa1\x7f%\xcbFF\xe2\xec\x138\x04\
p\xc7\xbe23I$\x9c\xfeZ\xff\x00\xe0C\x93\xbc\
c\xea\xff\x00#2\xdfM\xbb\x83Ri,<=%\
\x84cX\x8aX\xed\x9e5\x8d\x00\x16\xac\x0b\x13\x1e\xe5\
\x0b\xbb\xa9\x19\xe4\xfa\xf1D.\xad\xff\x00o\xfe)\x14\
\xedg\xe9\x1f\xfd.\xff\x00\x91\xd6i\x16\x17\x90\xde_\
\xea\x17\xc2\x08\xe6\xbcd\xfd\xcc\x12\x19\x11\x02.\x07\xcc\
UI'\x9e\xc3\xb0\xed\x9a\x12J6\xf3o\xf2_\xa1\
\x0fY_\xca\xdf\x8b\x7f\xa9\xab@\xc2\x80\x0a\x00\xa1\xab\
\x86{dH\xad\xda{\x82\xff\x00\xb9\xea\x15\x1b\x07\xe6\
c\xd8\x0e~\xbd*Z\xbe\x9f\xd7\x99I\xdbVd\x1d\
6\xebMkt[g\xbc\x11K\x10I\xa2\xc0fE\
\x0d\xf2\xb0$\x01\x8c\x9ex\xc8<\xf3W\xcdy_\xd7\
\xf2\xb7\xf5\xf8v\x22\xda\x7f]\xd3.;\x5c\xdc\xea\x8f\
#X\x5c@\xa2\xcaD\x06M\xa7$\x91\xc0*\xc6\xa2\
K\xdc\x97\xcb\xf5)|Q\xf9\xfe\x85Cmsy\xa6\
ZA6\x9f~\xa2(Pl\xd9l\xcb\xb8\x0e\xb8s\
\xb8\x1f\xc8\xfd+I\xeb&\xd7\xf5\xf7\x7f\x99\x10\xd2)\
\x7f_\xd7\xc8W]K\xfb=-f\xb1\xb9\x7f\xf4\x88\
\x98>\x01\xda\x03\x82s\x99]\x8f\xf4\xa1|Q\xfe\xba\
\x15\xb2\x97\xa1\xd2T\x80P\x01@\x05\x00P\x9b\xed\xf7\
{\xe1H\x92\xd6\x13\x952K\x89\x1d\x87N\x14q\x83\
\xd8\x93\xf5ZV\xba\xd7\xfa\xfe\xbec\xbd\x9e\x9f\xd7\xf5\
\xf2+[iW:2\x95\xd2\xdd&\x85\xb0Z\x0b\x83\
\x83\x901\x90\xe0q\xd0pA\x1e\x98\xaar}\x7f\xaf\
\xeb\xfab\xb6\xb7\xfe\xbf\xaf\xea\xc1\xa9}\xaa\xf6\xde\x05\
[\x1b\xd8\x9ddYI\x8c\xc2J\x90O\x1f3\xe3?\
\x98\xa4\xd7\xbc\x9fo\xf2\xb7\xea\x1ff\xcf\xfa\xd9\x94\x92\
\xe3UmJ[}\xda\xb6\xd4\x89\x5c(\x16\x9b\x81%\
\x87=\xb1\xc7\xd7\xad\x0bf\x0fK\x1a\x9a,s[\xd9\
\x8bi`\xb8B\x84\x9d\xf3y\x7f>X\x9e\x88\xc7\xd7\
\xda\x9fD.\xaf\xcc\xd1\xa40\xa0\x02\x80)j\xd0\xc7\
.\x99p\xce\xbb\x8cq;.{\x1d\xa4g\xf5\xac\xea\
|-\x97\x0f\x89\x19\xf2\x08\xae\xadc\xb3\xb3\x89M\xdc\
\xb0\xaaK:\xa0\xfd\xc2\x95\x19%\xbdq\x8c\x0e\xa7\x8e\
\xd5\xb4\xd2sk\xa5\xf5\xff\x00#87\x18'\xd7\xa1\
\x0e\x9e\xcf\xa7Y\xc3gohRx\x9aDyg\x85\
\xd5#\x8c\x16 \xf9\x98\xc1\x19\xdb\xd0\x9e\xb5\x12m\xab\
\xed\xa7\xe3o\xf3\x1a\x8aN\xdez|\xdf\xf9\x11\xc3\x06\
\xdf.x\xee\x9a\x0b\x18`T\x9a\xe5\x86\xdf4\xee\xdd\
\xf2g\xa8$\xf5\xc79\xc0\xcexm-{ie\xd7\
O\xeb\xd6\xe0\xae\xed\xdf[\xfc\xf7\xfe\xba\x11%\x9d\xd2\
ZHe\x81\xd6\xcd\xad\x92\xd8K\xb4\xf9\xaa\xab\x93\xe6\
\x18\xfa\xe0\x93\xd39\x1e\x94\xef\xad\xde\x9a\xa7\xf7t\x7f\
\xd6\x9dA\xeb\xb7\x9f\xe3\xfd|\xfa\x1d\x1d\xc5\xa5\xb6\xa1\
\x0c^f\xe7U\x22H\xda9Y\x0eq\xc1\x05H\xec\
i5f\x09\xe9\xa1\x95qi!\x8eH\xed\xec5Q\
!\x05RG\xd4N\xc0{\x13\xfb\xd2q\xdf\xa7\xe1K\
V\xbb\x0fD\xcd\xabx\xda+x\xe3w.\xc8\x81K\
\x13\x92\xc4\x0e\xb5Ri\xb6\xd11M$\x99%!\x85\
\x00\x14\x00P\x01@\x05\x00\x14\x00P\x01@\x05\x00\x14\
\x00P\x01@\x05\x00\x14\x00P\x01@\x05\x00\x14\x00P\
\x01@\x05\x00\x14\x00P\x01@\x05\x00\x14\x00P\x01@\
\x05\x00\x14\x00P\x01@\x05\x00\x14\x00P\x01@\x05\x00\
\x14\x00P\x01@\x05\x00\x14\x00P\x01@\x05\x00\x14\x00\
P\x01@\x05\x00\x14\x00P\x01@\x05\x00\x14\x00P\x01\
@\x05\x00\x14\x00P\x01@\x05\x00\x14\x00P\x01@\x05\
\x00\x14\x00P\x01@\x05\x00\x14\x00P\x01@\x05\x00\x14\
\x00P\x01@\x05\x00\x14\x00P\x01@\x05\x00\x14\x00P\
\x01@\x05\x00\x14\x00P\x01@\x05\x00\x14\x00P\x01@\
\x05\x00\x14\x00P\x01@\x05\x00\x14\x00P\x01@\x05\x00\
\x14\x00P\x01@\x05\x00\x14\x00P\x01@\x05\x00\x14\x00\
P\x01@\x05\x00\x14\x00P\x01@\x05\x00\x14\x00P\x01\
@\x05\x00\x14\x00P\x01@\x05\x00\x14\x00P\x01@\x05\
\x00\x14\x00P\x01@\x05\x00\x14\x00P\x01@\x05\x007\
\x7f\xb5\x00\x1b\xfd\xa8\x00\xdf\xed@\x06\xff\x00j\x007\
\xfbP\x01\xbf\xda\x80\x0d\xfe\xd4\x00o\xf6\xa0\x03\x7f\xb5\
\x00\x1b\xfd\xa8\x00\xdf\xed@\x06\xff\x00j\x007\xfbP\
\x01\xbf\xda\x80\x0d\xfe\xd4\x00o\xf6\xa0\x03\x7f\xb5\x00r\
?\xf0\x8f\xf8\xd7\xfe\x87\xef\xfc\xa3\xc3\xfe4\x00\x7f\xc2\
?\xe3_\xfa\x1f\xbf\xf2\x8f\x0f\xf8\xd0\x01\xff\x00\x08\xff\
\x00\x8d\x7f\xe8~\xff\x00\xca<?\xe3@\x07\xfc#\xfe\
5\xff\x00\xa1\xfb\xff\x00(\xf0\xff\x00\x8d\x00k\xe86\
\x1a\xde\x9f\xe7\xff\x00lk\xdf\xda\xfef\xdf+\xfd\x0d\
 \xf2\xb1\x9c\xfd\xde\xb9\xc8\xeb\xd3\x1e\xf4\x01\xaf\xbf\xda\
\x80\x0d\xfe\xd4\x00o\xf6\xa0\x03\x7f\xb5\x00\x1b\xfd\xa8\x00\
\xdf\xed@\x06\xff\x00j\x007\xfbP\x01\xbf\xda\x80\x0d\
\xfe\xd4\x00o\xf6\xa0\x03\x7f\xb5\x00\x1b\xfd\xa8\x00\xdf\xed\
@\x06\xff\x00j\x007\xfbP\x01\xbf\xda\x80\x0d\xfe\xd4\
\x00o\xf6\xa0\x03\x7f\xb5\x00\x1b\xfd\xa8\x00\xdf\xed@\x06\
\xff\x00j\x007\xfbP\x01\xbf\xda\x80\x0d\xfe\xd4\x00o\
\xf6\xa0\x03\x7f\xb5\x00\x1b\xfd\xa8\x00\xdf\xed@\x06\xff\x00\
j\x007\xfbP\x01\xbf\xda\x80\x0d\xfe\xd4\x00o\xf6\xa0\
\x03\x7f\xb5\x00\x1b\xfd\xa8\x00\xdf\xed@\x06\xff\x00j\x00\
7\xfbP\x01\xbf\xda\x80\x0d\xfe\xd4\x00o\xf6\xa0\x03\x7f\
\xb5\x00\x1b\xfd\xa8\x00\xdf\xed@\x06\xff\x00j\x007\xfb\
P\x01\xbf\xda\x80\x0d\xfe\xd4\x00o\xf6\xa0\x03\x7f\xb5\x00\
\x1b\xfd\xa8\x00\xdf\xed@\x06\xff\x00j\x007\xfbP\x01\
\xbf\xda\x80\x0d\xfe\xd4\x00o\xf6\xa0\x03\x7f\xb5\x00\x1b\xfd\
\xa8\x00\xdf\xed@\x06\xff\x00j\x007\xfbP\x01\xbf\xda\
\x80\x0d\xfe\xd4\x00o\xf6\xa0\x03\x7f\xb5\x00\x1b\xfd\xa8\x00\
\xdf\xed@\x06\xff\x00j\x007\xfbP\x03(\x00\xa0\x02\
\x80\x0a\x00(\x00\xa0\x02\x80\x0a\x00(\x00\xa0\x02\x80\x0a\
\x00(\x00\xa0\x02\x80\x0a\x00(\x00\xa0\x02\x80\x0a\x00(\
\x00\xa0\x02\x80\x0a\x00(\x00\xa0\x02\x80\x0a\x00(\x00\xa0\
\x02\x80\x0a\x00(\x00\xa0\x02\x80\x0a\x00(\x00\xa0\x02\x80\
\x0a\x00(\x00\xa0\x02\x80\x0a\x00(\x00\xa0\x02\x80\x0a\x00\
(\x00\xa0\x02\x80\x0a\x00(\x00\xa0\x02\x80\x0a\x00(\x00\
\xa0\x02\x80\x0a\x00(\x00\xa0\x02\x80\x0a\x00(\x00\xa0\x02\
\x80\x0a\x00(\x00\xa0\x02\x80\x0a\x00(\x00\xa0\x02\x80\x0a\
\x00(\x00\xa0\x02\x80\x0a\x00(\x00\xa0\x02\x80\x0a\x00(\
\x00\xa0\x02\x80\x0a\x00(\x00\xa0\x02\x80\x0a\x00(\x00\xa0\
\x04\xa0\x02\x80\x0a\x00(\x00\xa0\x02\x80\x0a\x00(\x00\xa0\
\x02\x80\x0a\x00(\x00\xa0\x02\x80\x0a\x00(\x00\xa0\x0c\xbb\
\xbf\x12\xe9\x96SK\x14\xcfs\x98\x5c$\x8d\x1d\x9c\xd2\
*\xb1\x00\x81\xb9T\x8c\xfc\xc3\x8c\xf7\xa0\x08\x9b\xc5\x9a\
J\x19C\x9b\xd4\xf2@i7i\xd7\x03`=\x0b|\
\x9c\x0f\xad\x00Oy\xaf\xd8XL\x91\x5c}\xabt\x98\
\x08c\xb3\x9aEbF@\x05T\x82}\xba\xd0\x03&\
\xf16\x9do\x22\xc7*\xdf+;m@t\xeb\x8f\x98\
\xe38\x1f''\x19\xa0\x0b\x96W\xf0\xdf\xab4)p\
\xa1N\x0f\x9fm$'\xf0\x0e\xa3?\x85\x00Y\xa0\x02\
\x80\x0a\x00(\x00\xa0\x02\x80\x0a\x00(\x00\xa0\x02\x80\x0a\
\x00(\x00\xa0\x02\x80\x0a\x00(\x00\xa0\x02\x80\x0a\x00(\
\x00\xa0\x02\x80\x0a\x00(\x00\xa0\x02\x80\x0a\x00(\x00\xa0\
\x02\x80\x0a\x00(\x00\xa0\x02\x80\x0a\x00(\x00\xa0\x02\x80\
\x0a\x00(\x00\xa0\x02\x80\x0a\x00(\x00\xa0\x02\x80\x0a\x00\
(\x00\xa0\x02\x80\x0a\x00(\x00\xa0\x02\x80\x0a\x00(\x00\
\xa0\x02\x80\x0a\x00(\x00\xa0\x02\x80\x0a\x00(\x00\xa0\x02\
\x80\x0a\x00(\x00\xa0\x02\x80\x0a\x00(\x00\xa0\x02\x80\x0a\
\x00(\x00\xa0\x02\x80\x0a\x00(\x00\xa0\x02\x80\x0a\x00(\
\x00\xa0\x02\x80\x0a\x00(\x00\xa0\x0f=\xf1\x0e\x9f\x1f\xfc\
$\x13\xc2-\x9a\xf2V\x8dfy^\xce)\x0f\xccH\
\x03\xe4\xb4\x90\xf1\x8e\xach\x03*\xd3J[8\xeda\
\xb9\xb0\xc8iR3/\xd8\x15q\xb9\xb1\x9c\xcbd\x07\
~\xef@\x1d\xe6\xaf\x19\x87\xfb\x1a&\x95\xa5)z\x80\
\xbb\x85\x05\xbeV\xe4\xed\x00~@P\x06U\xc8\xb9\xbc\
\xbb\xfb\x5c\xda\x9d\xe2\xb4:\xa9\xb6\xb7\x8e!\x0a\xac`\
\xfc\xb9\xf9\xa3bH\x04\xf54\x01\xb5\xa0\xcds\x22\xdf\
Cuu%\xd1\xb7\xbah\x92I\x15\x03\x15\x00\x1ev\
\x80;\xfaP\x06\xb5\x00\x14\x00P\x01@\x05\x00\x14\x00\
P\x01@\x05\x00\x14\x00P\x01@\x05\x00\x14\x00P\x01\
@\x05\x00\x14\x00P\x01@\x05\x00\x14\x00P\x01@\x05\
\x00\x14\x00P\x01@\x05\x00\x14\x00P\x01@\x05\x00\x14\
\x00P\x01@\x05\x00\x14\x00P\x01@\x05\x00\x14\x00P\
\x01@\x05\x00\x14\x00P\x01@\x05\x00\x14\x00P\x01@\
\x05\x00\x14\x00P\x01@\x05\x00\x14\x00P\x01@\x05\x00\
\x14\x00P\x01@\x05\x00\x14\x00P\x01@\x05\x00\x14\x00\
P\x01@\x09@\x05\x00\x14\x00P\x01@\x05\x00\x14\x00\
P\x01@\x05\x00\x14\x00P\x01@\x05\x00\x14\x00P\x01\
@\x1cf\xaf\xe1\xad[W\xd6\x1e\xfa{=;i\x89\
cT3\xa4\x98\xc1'?\xbc\xb6|g=\xb1\xf8\xd0\
\x05_\xf8B\xb5$\x96\x19a\xb4\xd3Q\xe2\x95$\x07\
\xcc\x85s\xb5\x81\xc6R\xd1Xg\x1d\x8f\xe7@\x1d\x1d\
\xf2_\xde\x5c\xe9\xab%\x89\x8f\xc8\x98O4\xb1\xca\xaf\
\x1a\xe00\xda:;\x1eG\xf0\xd0\x05Yt\xfb\x9dM\
\xd6]9d\xd3!\x8est\xb2\x5cFI\x9eb1\
\x93\x199T\xeb\xd7i\xcf@:\x90\x0d=\x1fv\xcb\
\x8f6\xc5\xac\xeeL\xa5\xa7\x1b\x8b#\xb1\x03\xe6F=\
A\x00zc\xb8\x14\x01\xa3@\x05\x00\x14\x00P\x01@\
\x05\x00\x14\x00P\x01@\x05\x00\x14\x00P\x01@\x05\x00\
\x14\x00P\x01@\x05\x00\x14\x00P\x01@\x05\x00\x14\x00\
P\x01@\x05\x00\x14\x00P\x01@\x05\x00\x14\x00P\x01\
@\x05\x00\x14\x00P\x01@\x05\x00\x14\x00P\x01@\x05\
\x00\x14\x00P\x01@\x05\x00\x14\x00P\x01@\x05\x00\x14\
\x00P\x01@\x05\x00\x14\x00P\x01@\x05\x00\x14\x00P\
\x01@\x05\x00\x14\x00P\x01@\x05\x00\x14\x00P\x01@\
\x05\x00\x14\x00P\x02P\x01@\x05\x00\x14\x00P\x01@\
\x05\x00\x14\x00P\x01@\x05\x00\x14\x00P\x01@\x05\x00\
\x14\x00P\x01@\x05\x00\x14\x00P\x01@\x05\x00\x14\x00\
P\x01@\x05\x00\x14\x00P\x01@\x05\x00\x14\x00P\x01\
@\x05\x00\x14\x00P\x01@\x05\x00\x14\x00P\x01@\x05\
\x00\x14\x00P\x01@\x05\x00\x14\x00P\x01@\x05\x00\x14\
\x00P\x01@\x05\x00\x14\x00P\x01@\x05\x00\x14\x00P\
\x01@\x05\x00\x14\x00P\x01@\x05\x00\x14\x00P\x01@\
\x05\x00\x14\x00P\x01@\x05\x00\x14\x00P\x01@\x05\x00\
\x14\x00P\x01@\x05\x00\x14\x00P\x01@\x05\x00\x14\x00\
P\x01@\x05\x00\x14\x00P\x01@\x09@\x05\x00\x14\x00\
P\x01@\x05\x00\x14\x00P\x01@\x05\x00\x14\x00P\x01\
@\x05\x00\x14\x00P\x01@\x05\x00\x14\x00P\x01@\x05\
\x00\x14\x00P\x01@\x05\x00\x14\x00P\x01@\x05\x00\x14\
\x00P\x01@\x05\x00\x14\x00P\x01@\x05\x00\x14\x00P\
\x01@\x05\x00\x14\x00P\x01@\x05\x00\x14\x00P\x01@\
\x05\x00\x14\x00P\x01@\x05\x00\x14\x00P\x01@\x05\x00\
\x14\x00P\x01@\x05\x00\x14\x00P\x01@\x05\x00\x14\x00\
P\x01@\x05\x00\x14\x00P\x01@\x05\x00\x14\x00P\x01\
@\x05\x00\x14\x00P\x01@\x05\x00\x14\x00P\x01@\x05\
\x00\x14\x00P\x01@\x05\x00\x14\x00P\x01@\x05\x00%\
\x00\x14\x00P\x01@\x05\x00\x14\x00P\x01@\x05\x00\x14\
\x00P\x01@\x05\x00\x14\x00P\x01@\x05\x00L\x88\x00\
\xc9\x1c\xd0\x04\x94\x00P\x01@\x05\x00\x14\x00P\x01@\
\x05\x00\x14\x00P\x01@\x05\x00\x14\x00P\x01@\x05\x00\
\x14\x00P\x01@\x05\x00\x14\x00P\x01@\x05\x00\x14\x00\
P\x01@\x05\x00\x14\x00P\x01@\x05\x00\x14\x00P\x01\
@\x05\x00\x14\x00P\x01@\x05\x00\x14\x00P\x01@\x05\
\x00\x14\x00P\x01@\x05\x00\x14\x00P\x01@\x05\x00\x14\
\x00P\x01@\x05\x00\x14\x00P\x02\x10\x0fZ\x00\x86E\
\xdax\xe8h\x01\x94\x00P\x01@\x05\x00\x14\x00P\x01\
@\x05\x00\x14\x00P\x01@\x05\x00\x14\x00P\x01@\x05\
\x00\x14\x00P\x01@\x05\x00\x14\x00P\x01@\x05\x00\x14\
\x00P\x01@\x05\x00\x14\x00P\x01@\x05\x00\x14\x01j\
\x80\x0a\x00(\x00\xa0\x02\x80\x0a\x00(\x00\xa0\x02\x80\x0a\
\x00(\x00\xa0\x02\x80\x0a\x00(\x00\xa0\x02\x80\x0a\x00(\
\x00\xa0\x02\x80\x0a\x00(\x00\xa0\x02\x80\x0a\x00(\x00\xa0\
\x02\x80\x0a\x00(\x00\xa0\x02\x80\x0a\x00(\x00\xa0\x02\x80\
\x0a\x00(\x00\xa0\x02\x80\x0a\x00(\x00\xa0\x02\x80\x0a\x00\
(\x00\xa0\x02\x80\x0a\x00(\x00\xa0\x02\x80\x0a\x00(\x00\
\xa0\x02\x80\x0a\x00(\x00\xa0\x08\xe6\xfb\x83\xeb@\x10\xd0\
\x01@\x05\x00\x14\x00P\x01@\x05\x00\x14\x00P\x01@\
\x05\x00\x14\x00P\x01@\x05\x00\x14\x00\x94\x00P\x01@\
\x05\x00\x14\x00P\x01@\x05\x00\x14\x00P\x01@\x05\x00\
\x14\x00P\x01@\x05\x00\x14\x01n\x80\x0a\x00\xaf%\xd8\
\x8bs42\xf9jy\x93\x03\x03\xf0\xce\x7fJ\x00\x9c\
\x10\xc0\x10r\x0f \xd0\x05t\xbdW\xb91\x04;\x09\
!d\xcf\x0c\xc3\xa8\xa0\x09\xdd\xd65,\xec\x15GR\
N\x00\xa0\x0a\xef\xa8\xda\xab \x13\xc4\xc1\x8e\x09\x12\x0f\
\x97\x8e\xb4\x014w\x10\xcd\x91\x14\xc8\xf8\xeb\xb5\x81\xc5\
\x00Do\xa31\x96\x8d%~2\xb8\x89\xf0\x7f\x1cP\
\x00/\xa2\xd8\x19\xd2h\xf8\xe7t-\xc7\xe3\x8a\x00\xb3\
@\x05\x00\x14\x00P\x01@\x05\x00\x14\x00P\x01@\x05\
\x00\x14\x00P\x01@\x05\x00\x14\x00P\x01@\x05\x00\x14\
\x00P\x01@\x05\x00\x14\x00P\x01@\x05\x00\x14\x00P\
\x01@\x05\x00\x14\x00P\x01@\x05\x00\x14\x00P\x01@\
\x05\x00\x14\x00P\x01@\x05\x00\x14\x00P\x01@\x05\x00\
\x14\x00P\x01@\x05\x00G7\xdc\x1fZ\x00\x82\x80\x0a\
\x00(\x00\xa0\x02\x80\x0a\x00(\x00\xa0\x02\x80\x0a\x00(\
\x00\xa0\x02\x80\x0a\x00(\x00\xa0\x04\xa0\x02\x80\x0a\x00(\
\x00\xa0\x02\x80\x0a\x00(\x00\xa0\x02\x80\x0a\x00(\x00\xa0\
\x02\x80\x0a\x00(\x00\xa0\x0b\x94\x00P\x05+\x99\x9a\xe0\
\xbd\xa5\xb8\xdc\xc4bG?u\x07\xf5>\xd4\x01+\xc1\
#\x85\x84>\xc8B\x80v\x9f\x99\xbd\xbd\xbf\xcfJ\x00\
\x8dT=\xc4\xb6\xa4\x01\x12\x22\xedP1\xb7\xafJ\x00\
K\xa1$v2\x89\x5c2\x8ca\xfa\x1e\xbd\xfbP\x00\
\xef%\xc4\xa9-\xba\x86\x8e,\x90O\x01\xcfN?\xc7\
\xa5\x00,S$\xb7\x8d \xe0\x08\xbe`\xdc\x15\xe4\xe7\
4\x01P\xdcC,\xbeZ\xdc\xacj\xbf\xf2\xd0\x90\x81\
G\xa2\x0f\xeb@\x0eY\xe1\x12yop\x8c\x7f\xe7\xa2\
\x90\xca\xe0\x7f|v>\xff\x00\xafj\x00\xd4\x04\x11\x91\
\xc8\xa0\x05\xa0\x02\x80\x0a\x00(\x00\xa0\x02\x80\x0a\x00(\
\x00\xa0\x02\x80\x0a\x00(\x00\xa0\x02\x80\x0a\x00(\x00\xa0\
\x02\x80\x0a\x00(\x00\xa0\x02\x80\x0a\x00(\x00\xa0\x02\x80\
\x0a\x00(\x00\xa0\x02\x80\x0a\x00(\x00\xa0\x02\x80\x0a\x00\
(\x00\xa0\x02\x80\x0a\x00(\x00\xa0\x02\x80\x0a\x00(\x03\
3/\xa4\xc9\xce\xe7\xb2s\xd7\xa9\x84\x9f\xe9\xfe~\xa0\
\x0b,\xcf\xa9\xc8\xd6\xf6\xccV\xd9N%\x98\x7f\x17\xfb\
+\xfe4\x01\xa0\x88\xb1\xa2\xa2\x8c*\x8c\x01\xed@\x0e\
\xa0\x02\x80\x22\x9f\xee\x0f\xad\x00A@\x05\x00\x14\x00P\
\x01@\x05\x00\x14\x00P\x01@\x05\x00\x14\x00P\x01@\
\x05\x00\x14\x00P\x02P\x01@\x05\x00\x14\x00P\x01@\
\x05\x00\x14\x00P\x01@\x05\x00\x14\x00P\x01@\x05\x00\
\x14\x00P\x05\xda\x00(\x02\xaaY\x98\x83\x08\xeefP\
\xccX\x80\x10\xf2~\xab@\x16T\x10\xa0\x16,Gs\
\xde\x80!HYo%\x98\x91\xb5\xd5@\x1d\xf8\xcd\x00\
>x\xbc\xf8Z=\xdbs\x8eq\x9a\x00y\xce8\xeb\
@\x10\xc5\x0c\x8b3K,\x8a\xccT(\xda\x9bF?\
3@\x0d0\xdc\x0b\x89d\x8eH\xd5_\x1c2\x16<\
\x0f\xa8\xa0\x00Cpn\x22\x92I#eL\xf0\xa8T\
\xf2>\xa6\x80,\xd0\x01@\x05\x00\x14\x00P\x01@\x05\
\x00\x14\x00P\x01@\x05\x00\x14\x00P\x01@\x05\x00\x14\
\x00P\x01@\x05\x00\x14\x00P\x01@\x05\x00\x14\x00P\
\x01@\x05\x00\x14\x00P\x01@\x05\x00\x14\x00P\x01@\
\x05\x00\x14\x00P\x01@\x05\x00\x14\x00P\x01@\x05\x00\
\x14\x00P\x022\xab\xa9V\x00\xa9\x18 \xf7\xa0\x06\xc5\
\x14pF\xb1\xc4\xa1\x11z\x01@\x0f\xa0\x02\x80\x0a\x00\
\x8a\x7f\xb8>\xb4\x01^\x80\x0a\x00(\x00\xa0\x02\x80\x0a\
\x00(\x00\xa0\x02\x80\x0a\x00(\x00\xa0\x02\x80\x0a\x00(\
\x00\xa0\x04\xa0\x02\x80\x0a\x00(\x00\xa0\x02\x80\x0a\x00(\
\x00\xa0\x02\x80\x0a\x00(\x00\xa0\x02\x80\x0a\x00(\x00\xa0\
\x0b\xd4\x00P\x01@\x05\x00\x14\x00P\x01@\x05\x00\x14\
\x00P\x01@\x05\x00\x14\x00P\x01@\x05\x00\x14\x00P\
\x01@\x05\x00\x14\x00P\x01@\x05\x00\x14\x00P\x01@\
\x05\x00\x14\x00P\x01@\x05\x00\x14\x00P\x01@\x05\x00\
\x14\x00P\x01@\x05\x00\x14\x00P\x01@\x05\x00\x14\x00\
P\x01@\x05\x00\x14\x00P\x01@\x05\x00\x14\x00P\x01\
@\x05\x00\x14\x00P\x01@\x05\x00Eq\xf7\x07\xd6\x80\
+P\x01@\x05\x00\x14\x00P\x01@\x05\x00\x14\x00P\
\x01@\x05\x00\x14\x00P\x01@\x05\x00-\x00%\x00\x14\
\x00P\x01@\x05\x00\x14\x00P\x01@\x05\x00\x14\x00P\
\x01@\x05\x00\x14\x00P\x01@\x05\x00X\x8aPT+\
\x1c\x11@\x13P\x01@\x05\x00\x14\x00P\x01@\x05\x00\
\x14\x00P\x01@\x05\x00\x14\x00P\x01@\x05\x00\x14\x00\
P\x01@\x05\x00\x14\x00P\x01@\x05\x00\x14\x00P\x01\
@\x05\x00\x14\x00P\x01@\x05\x00\x14\x00P\x01@\x05\
\x00\x14\x00P\x01@\x05\x00\x14\x00P\x01@\x05\x00\x14\
\x00P\x01@\x05\x00\x14\x00P\x01@\x05\x00\x14\x00P\
\x01@\x05\x00\x14\x00P\x01@\x08X(\xc9 P\x05\
i\xa4\xde\xdct\x14\x01\x1d\x00\x14\x00P\x01@\x05\x00\
\x14\x00P\x01@\x05\x00\x14\x00P\x01@\x05\x00\x14\x00\
P\x01@\x09@\x05\x00\x14\x00P\x01@\x05\x00\x14\x00\
P\x01@\x05\x00\x14\x00P\x01@\x05\x00\x14\x00P\x01\
@\x05\x00\x14\x00P\x01@\x05\x00\x14\x00P\x01@\x05\
\x00\x14\x00P\x01@\x05\x00\x14\x00P\x01@\x05\x00\x14\
\x00P\x01@\x05\x00\x14\x00P\x01@\x05\x00\x14\x00P\
\x01@\x05\x00\x14\x00P\x01@\x05\x00\x14\x00P\x01@\
\x05\x00\x14\x00P\x01@\x05\x00\x14\x00P\x01@\x05\x00\
\x14\x00P\x01@\x05\x00\x14\x00P\x01@\x05\x00\x14\x00\
P\x01@\x05\x00\x14\x00P\x01@\x05\x00\x14\x00P\x01\
@\x05\x00\x14\x00P\x01@\x05\x00\x14\x00P\x01@\x05\
\x00\x14\x00P\x01@\x05\x00\x14\x00P\x01@\x05\x00\x14\
\x00P\x01@\x05\x00\x14\x00P\x01@\x05\x00\x14\x00P\
\x01@\x05\x00\x14\x00P\x01@\x05\x00\x14\x00P\x01@\
\x05\x00\x14\x00P\x01@\x05\x00\x14\x00P\x01@\x05\x00\
\x14\x00P\x01@\x05\x00\x14\x00P\x01@\x05\x00\x14\x00\
P\x01@\x05\x00\x14\x00P\x01@\x05\x00\x14\x00P\x01\
@\x05\x00\x14\x00P\x01@\x05\x00\x14\x00P\x01@\x05\
\x00\x14\x00P\x01@\x05\x00\x14\x00P\x01@\x05\x00\x14\
\x00P\x01@\x05\x00\x14\x00P\x01@\x05\x00\x14\x00P\
\x01@\x05\x00\x14\x00P\x01@\x05\x00\x14\x00P\x01@\
\x05\x00\x14\x00P\x01@\x05\x00\x14\x00P\x01@\x05\x00\
\x14\x00P\x01@\x05\x00\x14\x00P\x01@\x05\x00\x14\x00\
P\x01@\x05\x00\x14\x00P\x01@\x0eU-\xd0P\x03\
\xbc\x96\xf5\x14\x00y-\xea(\x00\xf2[\xd4P\x01\xe4\
\xb7\xa8\xa0\x03\xc9oQ@\x07\x92\xde\xa2\x80\x0f%\xbd\
E\x00\x1eKz\x8a\x00<\x96\xf5\x14\x00y-\xea(\
\x00\xf2[\xd4P\x01\xe4\xb7\xa8\xa0\x03\xc9oQ@\x07\
\x92\xde\xa2\x80\x0f%\xbdE\x00\x1eKz\x8a\x00<\x96\
\xf5\x14\x00y-\xea(\x00\xf2[\xd4P\x01\xe4\xb7\xa8\
\xa0\x03\xc9oQ@\x07\x92\xde\xa2\x80\x0f%\xbdE\x00\
\x1eKz\x8a\x00<\x96\xf5\x14\x00y-\xea(\x00\xf2\
[\xd4P\x01\xe4\xb7\xa8\xa0\x03\xc9oQ@\x07\x92\xde\
\xa2\x80\x0f%\xbdE\x00\x1eKz\x8a\x00<\x96\xf5\x14\
\x00y-\xea(\x00\xf2[\xd4P\x01\xe4\xb7\xa8\xa0\x03\
\xc9oQ@\x07\x92\xde\xa2\x80\x0f%\xbdE\x00\x1eK\
z\x8a\x00<\x96\xf5\x14\x00y-\xea(\x00\xf2[\xd4\
P\x01\xe4\xb7\xa8\xa0\x03\xc9oQ@\x07\x92\xde\xa2\x80\
\x0f%\xbdE\x00\x1eKz\x8a\x00<\x96\xf5\x14\x00y\
-\xea(\x00\xf2[\xd4P\x01\xe4\xb7\xa8\xa0\x03\xc9o\
Q@\x07\x92\xde\xa2\x80\x0f%\xbdE\x00\x1eKz\x8a\
\x00<\x96\xf5\x14\x00y-\xea(\x000\xb0\xf44\x01\
\x19\x1884\x00P\x01@\x05\x00\x14\x00P\x01@\x05\
\x00\x14\x00P\x01@\x05\x00\x14\x00P\x01@\x05\x00\x14\
\x00P\x01@\x05\x00\x14\x00P\x01@\x05\x00\x14\x00P\
\x01@\x05\x00\x14\x00P\x01@\x05\x00\x14\x00P\x05\xa5\
\x1bT\x0a\x00Z\x00(\x00\xa0\x02\x80\x0a\x00(\x00\xa0\
\x02\x80\x0a\x00(\x00\xa0\x02\x80\x0a\x00(\x00\xa0\x02\x80\
\x0a\x00(\x00\xa0\x02\x80\x0a\x00(\x00\xa0\x02\x80\x0a\x00\
(\x00\xa0\x02\x80\x0a\x00(\x00\xa0\x02\x80\x0a\x00(\x00\
\xa0\x02\x80\x0a\x00(\x00\xa0\x02\x80\x0a\x00(\x00\xa0\x02\
\x80\x0a\x00(\x00\xa0\x02\x80\x0a\x00(\x00\xa0\x02\x80\x0a\
\x00(\x00\xa0\x02\x80\x0a\x00(\x00\xa0\x08\xa6\x1c\x06\xa0\
\x08h\x00\xa0\x02\x80\x0a\x00(\x00\xa0\x02\x80\x0a\x00(\
\x00\xa0\x02\x80\x0a\x00(\x00\xa0\x02\x80\x0a\x00(\x00\xa0\
\x02\x80\x0a\x00(\x00\xa0\x02\x80\x0a\x00(\x00\xa0\x02\x80\
\x0a\x00(\x00\xa0\x02\x80\x0a\x00(\x02\xdd\x00\x14\x00P\
\x03K\xaa\xb2\xa9`\x19\xba\x02y4\x00\xea\x00(\x00\
\xa0\x02\x80\x0a\x00(\x00\xa0\x02\x80\x0a\x00(\x00\xa0\x02\
\x80\x0a\x00(\x00\xa0\x02\x80\x0a\x00(\x00\xa0\x02\x80\x0a\
\x00(\x00\xa0\x02\x80\x0a\x00(\x00\xa0\x02\x80\x0a\x00(\
\x00\xa0\x02\x80\x0a\x00(\x00\xa0\x02\x80\x0a\x00(\x00\xa0\
\x02\x80\x0a\x00(\x00\xa0\x02\x80\x0a\x00(\x00\xa0\x02\x80\
\x0a\x00(\x00\xa0\x02\x80\x0a\x00(\x00\xa0\x02\x80#\x9b\
\xee\x0f\xad\x00A@\x05\x00\x14\x00P\x01@\x05\x00\x14\
\x00P\x01@\x05\x00\x14\x00P\x01@\x05\x00\x14\x00P\
\x01@\x05\x00\x14\x00P\x01@\x05\x00\x14\x00P\x01@\
\x05\x00\x14\x00P\x01@\x05\x00\x14\x00P\x01@\x16\xe8\
\x00\xa0\x08\xe7\x91\xa2\x8c\xb2\xa8lu\xcb\x05\x03\xdc\x9f\
J@g3\xdb<\xaa\xf2\xde@\xec\xc3\x99\x16@\x0c\
Dr6\xf3\xd2\x9f\xa0\x16D\xa6h6\xc9\x02\xdd\xa7\
f\x8c\xa9V\xfc\x09\xe0\xfet\x01M\xe3\x83\xfbF4\
\xfe\xcc\xc7\xee\xd8\x98\xf6\xc7\xcf#\x07\xae;\x1a\x17P\
}\x0d\x1beD\x0c\x12\xd0\xdb\x8e\xb8\xc2\x8c\xff\x00\xdf\
$\xd0\x04\xf4\x00P\x01@\x05\x00\x14\x00P\x01@\x05\
\x00\x14\x00P\x01@\x05\x00\x14\x00P\x01@\x05\x00\x14\
\x00P\x01@\x05\x00\x14\x00P\x01@\x05\x00\x14\x00P\
\x01@\x05\x00\x14\x00P\x01@\x05\x00\x14\x00P\x01@\
\x05\x00\x14\x00P\x01@\x05\x00\x14\x00P\x01@\x05\x00\
\x14\x00P\x01@\x05\x00\x14\x00P\x01@\x05\x00\x14\x01\
\x1c\xdfp}h\x02\x0a\x00(\x00\xa0\x02\x80\x0a\x00(\
\x00\xa0\x02\x80\x0a\x00(\x00\xa0\x02\x80\x0a\x00(\x00\xa0\
\x02\x80\x0a\x00(\x00\xa0\x02\x80\x0a\x00(\x00\xa0\x02\x80\
\x0a\x00(\x00\xa0\x02\x80\x0a\x00(\x00\xa0\x02\x80\x0a\x00\
\xb7@\x05\x00\x14\x01\x0d\xc0\x99\xa3\x09\x0f\x0c\xc7\x05\xff\
\x00\xb8;\x9a7\x00\xdam\xa0X\xed\xe2\xdd\x8e\x00-\
\x80=\xc9\xff\x00\xf5\xd0\xf5\x041mN\xc6g\x933\
1\xdcd\x03\xa1\xed\x81\xe9G\xa0o\xb9$M)\xca\
\xcb\x18R?\x89NU\xbe\x9d\xc7\xf9\xeb@\x12\xd0\x01\
@\x05\x00\x14\x00P\x01@\x05\x00\x14\x00P\x01@\x05\
\x00\x14\x00P\x01@\x05\x00\x14\x00P\x01@\x05\x00\x14\
\x00P\x01@\x05\x00\x14\x00P\x01@\x05\x00\x14\x00P\
\x01@\x05\x00\x14\x00P\x01@\x05\x00\x14\x00P\x01@\
\x05\x00\x14\x00P\x01@\x05\x00\x14\x00P\x01@\x05\x00\
\x14\x00P\x01@\x05\x00\x14\x00P\x04s}\xc1\xf5\xa0\
\x08(\x00\xa0\x02\x80\x0a\x00(\x00\xa0\x02\x80\x0a\x00(\
\x00\xa0\x02\x80\x0a\x00(\x00\xa0\x02\x80\x0a\x00(\x00\xa0\
\x02\x80\x0a\x00(\x00\xa0\x02\x80\x0a\x00(\x00\xa0\x02\x80\
\x0a\x00(\x00\xa0\x02\x80\x0a\x00(\x02\xdd\x00\x14\x00P\
\x01@\x05\x00\x14\x00P\x01@\x05\x00\x14\x00P\x01@\
\x05\x00\x14\x00P\x01@\x05\x00\x14\x00P\x01@\x05\x00\
\x14\x00P\x01@\x05\x00\x14\x00P\x01@\x05\x00\x14\x00\
P\x01@\x05\x00\x14\x00P\x01@\x05\x00\x14\x00P\x01\
@\x05\x00\x14\x00P\x01@\x05\x00\x14\x00P\x01@\x05\
\x00\x14\x00P\x01@\x05\x00\x14\x00P\x01@\x05\x00\x14\
\x00P\x01@\x11\xcd\xf7\x07\xd6\x80 \xa0\x02\x80\x0a\x00\
(\x00\xa0\x02\x80\x0a\x00(\x00\xa0\x02\x80\x0a\x00(\x00\
\xa0\x02\x80\x0a\x00(\x00\xa0\x02\x80\x0a\x00(\x00\xa0\x02\
\x80\x0a\x00(\x00\xa0\x02\x80\x0a\x00(\x00\xa0\x02\x80\x0a\
\x00(\x00\xa0\x0bt\x00P\x01@\x05\x00\x14\x00P\x01\
@\x05\x00\x14\x00P\x01@\x05\x00\x14\x00P\x01@\x05\
\x00\x14\x00P\x01@\x05\x00\x14\x00P\x01@\x05\x00\x14\
\x00P\x01@\x05\x00\x14\x00P\x01@\x05\x00\x14\x00P\
\x01@\x05\x00\x14\x00P\x01@\x05\x00\x14\x00P\x01@\
\x05\x00\x14\x00P\x01@\x05\x00\x14\x00P\x01@\x05\x00\
\x14\x00P\x01@\x05\x00\x14\x00P\x01@\x05\x00G7\
\xdc\x1fZ\x00\x82\x80\x0a\x00(\x00\xa0\x02\x80\x0a\x00(\
\x00\xa0\x02\x80\x0a\x00(\x00\xa0\x02\x80\x0a\x00(\x00\xa0\
\x02\x80\x0a\x00(\x00\xa0\x02\x80\x0a\x00(\x00\xa0\x02\x80\
\x0a\x00(\x00\xa0\x02\x80\x0a\x00(\x00\xa0\x02\x80-\xd0\
\x01@\x05\x00\x14\x00P\x01@\x05\x00\x14\x00P\x01@\
\x05\x00\x14\x00P\x01@\x05\x00\x14\x00P\x01@\x05\x00\
\x14\x00P\x01@\x05\x00\x14\x00P\x01@\x05\x00\x14\x00\
P\x01@\x05\x00\x14\x00P\x01@\x05\x00\x14\x00P\x01\
@\x05\x00\x14\x00P\x01@\x05\x00\x14\x00P\x01@\x05\
\x00G<\xf1[De\x9a@\x88:\x93U\x18\xb9;\
\x22e%\x15vg\x9f\x11\xe9#\xfe^\xff\x00\xf2\x1b\
\xff\x00\x85k\xf5j\xbd\xbf#\x0f\xadQ\xef\xf9\x87\xfc\
$\x9aG\xfc\xfd\xff\x00\xe47\xff\x00\x0a>\xadW\xb0\
}n\x8f\x7f\xcc?\xe1%\xd2?\xe7\xef\xff\x00!\xbf\
\xf8Q\xf5z\xbd\x83\xebt\x7f\x9b\xf3\x13\xfe\x12]#\
\xfe~\xff\x00\xf2\x1b\xff\x00\x85?\xabU\xed\xf9\x0b\xeb\
t\x7f\x9b\xf0a\xff\x00\x096\x8f\xff\x00?\x9f\xf9\x0d\
\xff\x00\xc2\x8f\xabU\xec\x1f[\xa3\xfc\xdf\x83\x0f\xf8I\
t\x8f\xf9\xfb\xff\x00\xc8O\xfe\x14}Z\xaf`\xfa\xe5\
\x0f\xe6\xfc\x18\xbf\xf0\x92i\x07\xfe^\xff\x00\xf2\x1b\xff\
\x00\x85\x1fV\xab\xd8\x7f[\xa3\xdf\xf3\x14x\x8bJn\
\x97\x7f\xf9\x0d\xbf\xc2\x97\xd5\xea\xf6\x1f\xd6iw\xfc\xc5\
\x1e \xd2\x89\xc0\xbb\x1f\xf7\xc3\x7f\x85/aS\xb0\xfe\
\xb3K\xb9-\xbe\xb1\xa7\xddL!\x86\xe5Y\xcf@A\
\x19\xfaf\x94\xa8\xce*\xed\x0e5\xe9\xc9\xd9=K\xb5\
\x91\xb0P\x04s}\xc1\xf5\xa0\x08(\x00\xa0\x02\x80\x0a\
\x00(\x00\xa0\x02\x80\x0a\x00(\x00\xa0\x02\x80\x0a\x00(\
\x00\xa0\x02\x80\x0a\x00(\x00\xa0\x02\x80\x0a\x00(\x00\xa0\
\x02\x80\x0a\x00(\x00\xa0\x02\x80\x0a\x00(\x00\xa0\x02\x80\
\x0a\x00(\x02\xdd\x00\x14\x00P\x01@\x05\x00\x14\x00P\
\x01@\x05\x00\x14\x00P\x01@\x05\x00\x14\x00P\x01@\
\x05\x00\x14\x00P\x01@\x05\x00\x14\x00P\x01@\x05\x00\
\x14\x00P\x01@\x05\x00\x14\x00P\x01@\x05\x00\x14\x00\
P\x01@\x05\x00\x14\x00P\x01@\x05\x00\x14\x00P\x01\
@\x05\x00\x14\x00P\x06\x1f\x89]\x02[\xa4\x8b\xb9I\
c\x8fq\x8f\xf1\xae\xac=\xf5\xb1\xc7\x8aiY3\x09\
`\xb5pO\x97\xfa\xd7O<\x9399 \xd1\x19\xb6\
\xb5'*H\xfa\x9a\xbey\x19\xbap\x18l\xe2=\x1c\
\x0f\xc6\x9f;'\xd9\xc5\x81\xb3\x88&\x03)=\x8ei\
\xf3\xb0\xf6QDf\xc5\xb1\x90U\xbe\x84S\xf6\xa8\x8f\
b\xc0\xd90\x5c\xe0\xfd1G\xb4\x1f\xb2\x1b\xf6r:\
\xa3~T\xf9\xc9\xe4\x1d\xf6ID^f\xc6\x09\x9cd\
\xd4\xf3\xab\xda\xe58I+\x91\xf9d\xd5\xdc\x8b\x5cT\
FGWS\x86S\x90})^\xea\xc3I\xa7tz\
=x\xa7\xd0\x85\x00G7\xdc\x1fZ\x00\x82\x80\x0a\x00\
(\x00\xa0\x02\x80\x0a\x00(\x00\xa0\x02\x80\x0a\x00(\x00\
\xa0\x02\x80\x0a\x00(\x00\xa0\x02\x80\x0a\x00(\x00\xa0\x02\
\x80\x0a\x00(\x00\xa0\x02\x80\x0a\x00(\x00\xa0\x02\x80\x0a\
\x00(\x00\xa0\x02\x80-\xd0\x01@\x05\x00\x14\x00P\x01\
@\x05\x00\x14\x00P\x01@\x05\x00\x14\x00P\x01@\x05\
\x00\x14\x00P\x01@\x05\x00\x14\x00P\x01@\x05\x00\x14\
\x00P\x01@\x05\x00\x14\x00P\x01@\x05\x00\x14\x00P\
\x01@\x05\x00\x14\x00P\x01@\x05\x00\x14\x00P\x01@\
\x05\x00\x14\x00P\x01@\x05\x00d\xebv\xabs%\xb8\
v\xda\x17w\xe3\xd2\xb7\xa3.[\x9c\xd5\xe9\xa9\xda\xe6\
T\xdab@\xa2E\x94\x95\xfat\xad\xd5W-\x0ew\
EGfQ\x92\x03\xe6c\xaez\x13\xc6kU-\x0e\
w\x07q\x9eV\x1bi\x185\x5c\xc4\xf2;\x8e\xf2N\
\x07\xcb\xec1S\xccW+D\x91B\xecN#\xc9\x1d\
i9$Tb\xfb\x08\xd6\xb2\xb1,\xb1\x90=(S\
\x88\x9d9nFbel0 \xfb\xd5si\xa16\
e\xa8\xd2O%\x90\xcb\xf2\xfa\x0esY\xb6\xaf{\x1b\
\xa8\xbe[\x0e\x86\xd6(\xf9\xc8\x90\x9f\xd2\x94\xaa6\x11\
\xa7\x14I$\x01\xd0'\x96\xa8s\x80zT\xa9\xb4\xcb\
qMluu\xc4z\x01@\x11\xcd\xf7\x07\xd6\x80 \
\xa0\x02\x80\x0a\x00(\x00\xa0\x02\x80\x0a\x00(\x00\xa0\x02\
\x80\x0a\x00(\x00\xa0\x02\x80\x0a\x00(\x00\xa0\x02\x80\x0a\
\x00(\x00\xa0\x02\x80\x0a\x00(\x00\xa0\x02\x80\x0a\x00(\
\x00\xa0\x02\x80\x0a\x00(\x00\xa0\x0bt\x00P\x05-b\
\xf2M?E\xbe\xbd\x84+Ioo$\xa8\x1cd\x12\
\xaaH\xcf\xb7\x14\x9b}\x0b\xa7\x15)\xa8\xbe\xa7\x19\xa8\
\xf8\xdbU\xd2\xa6ho.\xec\x11\xd4\xa8+\xf6xA\
;\xb1\x83\xb4\xde\x86\x00\xe4\x1c\x908\xe4\xe2\x9f[\x10\
\xb5\x8a\x97ur\xff\x00\x87\xfcQ\xa8j\xda\x90\x85\xae\
\xec\x1e\x08\xd4\xbc\xc6(\xe0%Tw\xca]\xc8G8\
\xe7i\x14\xf4\xb3\x93\xd9\x09\xb7t\x96\xec\xd0\xd4\xfca\
\xa1G\xa5]\xc9i\xe2\x0d0\xdc,\x0eb\x0bw\x1b\
\x1d\xdbN03\xcf=\xab*\x8eJ\x0d\xc7sH$\
\xe4\xaf\xb0\xbag\x8c4)4\xbbI.\xbcA\xa6\x0b\
\x86\x81\x0c\xa1\xae\xe3S\xbbh\xceFx\xe7\xb5oQ\
%6\xa3\xb5\xcci\xb98'-\xecI\xadjZ\xb0\
\xb4\x9a=\x17J\xba\x9eb\x81\xad\xeeU\xed\xcc.x\
<\xee\x906\x0fBq\xf4\xac\xdd\xd3\xdbg\xff\x00\x0e\
h\xb9_]\xca'\xc4z\xce\xa4!\xfe\xce\xd0/\xa3\
XnJ^\xbe\xfbf#g\xdeD\xcc\xb89n\x0b\
v\x19\xc7=\x1a\xb5\xd4\xbe\xce\xbf>\x9f\xf0~K\xa3\
'[4\xf7\xd3\xf4\x7f\x97\xe7\xe4O\xaf\xf8\x86\xe6\xc7\
\xc3WW\x9fb\xbe\xb0\xb9\x00\x88\x83\xc2\xb3\x10F>\
c\xe5\x97P?\xde\x22\x8d9\xa2\xbb\xb5\xf9\xab\xff\x00\
_p\xfa7\xe4\xff\x00'\xfdv\x16\xdfZ\x9e\xebR\
\xd5V)%X \xb0\x8ahRX\x0cl\xaeL\xb9\
$0\x0d\xfc\x03\x83\xe9\xefSR\xf1\xa3)uM\xff\
\x00\xe9)\xfe\xa3\x85\x9c\xe0\xbb\xef\xf7\xd8\xb9\xa2\xea\xd1\
\xddX\xe9\xd0\xdc\x5c\xab\xdf\xdcY%\xc3\xa0\x1c\x91\x81\
\x96 p2O\x1e\xbc\xe3\xa1\xad\xaaE)\xc9Gd\
\xcc\xa9\xb6\xe0\x9b\xea\x1an\xab=\xe6\xbf\xac\xe9\xf2$\
b+\x06\x84DT\x1d\xc7zn9\xe7\xd7\xd3\x15\x9c\
u\x877\x9b_u\x8d%\xa4\x92\xf2O\xf1k\xf45\
\xa8\x03\x91\xd5<M\xaaX\xeb\x1a\xacq\xe9\xb7\x06\x1b\
M4\xcf\x1e\xff\x00$\xa0`d\xfd\xe1\xc3\xee*v\
\x81\x8e\xbct\x15\x1c\xcf\x92O\xb3_\xd7\xcc\xd1E9\
B=\xef\xfa~W\xff\x00\x87\x1d\xfd\xa5\xe2_\xb5\xb5\
\xbf\xdb\xb4\xbf\x96\xc0^n\xfe\xcf\x93\xb9#o\xfa\xef\
n\xbf\xa5UG\xc9\xcf\xfd\xdf\xc7\x7f\xf23\xa7\xef\xf2\
\x7f{\xfe\x07\xf9\x93_\xf8\x92h\xbc;\xa7\xdc\xc4O\
\xf6\x95\xe5\xba\xdcGo\x15\xac\x93\x09p\x15\x9dp\x81\
\x8a\x83\xb8\x0c\x9e\x99\x15u\x17-G\x15\xad\xb7\xf4\xdb\
\xfa\xf3\x157\xcfO\x99\xe9\x7f\xcf\xfa_p\x83\xc5/\
\x1e\xa3#\x1b\x1dVkI-\xf7\xa2\xff\x00e\x5c\x06\
\x8aQ\xd5>\xe7;\xb3\xc1\xecA\xe7\x91P\xf4R\xb6\
\xaf\xa7\x9f\x97\xe1\xf8\xf9\x0dk\xcb};\xff\x00\x9f\xf5\
\xd9\x16\xfc=\xad\x9b\xebIc\xbe\x98\xfd\xba\x05\xf3n\
#kI`\x11+\x16*\x07\x98\xa0\xb0\x18#w}\
\xb5R\xb4c\xcd{\xa5\xbb\xff\x00\x81\xd0J\xeeV\xb6\
\xfb\x22\x8e\x97\xe2;\xeb\x8b$\x97\xecWW\xaf\x7f\xe6\
\x5cZ\x98Z\xd9vE\xbb\x0a6\xbc\x88\xc7\x03i'\
\x07\x96\xebI\xa7\xcbn\xb6W\xf9\xeb\xf8m\xf2*\xeb\
\x99\xb5\xb5\xed\xf7\x7f\x9d\x9b\xf4&\xd25\xcdV?\xb2\
\xd8kzL\xf1\xdeJ\xcc\xab/\x9dl\xa2U_\xe3\
\xd8%'8\xc1`\xa0\xe3\xb5V\x92\xf2\xd3R^\x9e\
\x84\xfaf\xab\xaa\xde\xde\xc3\x1c\xf6\x0do\x03\x89\xe4f\
xYJ\xaa\xb8X\x86I\xfb\xcc2\xc4zv\x15)\
^:\xf6_{\xff\x00%\xbf\x9f\xdc9h\xec\xbb\xfe\
\x09k\xf8\xed\xe4\x0b\xab\xddh\xd62\x8dp\x09\xa7Y\
|\xbbSn\x06\xfb\xec\x80Wl`\xe47$\x11\xd3\
\x82x\x1d\x15\xee\x92K\xde\xed\xe9\xd7\xc9u}\x86\xd2\
\xbb}?\xad<\xfc\xbb\xfa\x90\xe9\x9a\x8e\xafav\xb0\
\xf8\x91\xe1U\xbe!\xad\xe4\x8dp\x90\xb9?\xea\x19\xbb\
\x9e\x98c\xf7\x8eG\xa6i[\xe1\xdd\xfe~\x9e\x9f\x96\
\xbd\xc9m\xfc]?/__\xc1\xfc\x89\xb5M_Y\
\xd3\xefm\xe2\x8fJ\xb2\x96\x1b\x99\xfc\x98\xa5k\xe7R\
\x0e\xd2Ap\x228\xce1\xc1<\x91S\x1d]\x9f\x9f\
\xe1\xff\x00\x03_\x93)\xe8\xaf\xe9\xf8\xe9\xf9\x99\xc6\xf3\
\xc4\xfe\x1fI\xa4\xb9\xb3\xb3\xbd\x8a\xea\xf1\x16\xde#\xa9\
H\xcf\x19\x90\x81\xb4\x13\x0f*\x0eOl\x0c\x8eqN\
?f\x1du\xfd^\xbe\x88R\xeb?\xeb\xb6\x9e\xba|\
\xcdk\x8b\xfdb\x14\xb3V\xd3\xe1Yf\xb8\xdb7\x92\
\xef:G\x10R\xc5\xb3\xb5~c\x80\x00\xc7R:\xd2\
n\xcf\xe4\xdf\xf9%\xf8~!gg\xf2\xb7\xfc\x1f\x95\
\xff\x00\x03*\xff\x00\x5c\xf1\x05\x8e\x8f\x16\xa9t\xb6\x96\
6\xebl%\xb82[4\x8c\xae\xce\x02\xc7\xb4\xca\x98\
8#$\x9e\xa0\xd0\xf4\x97+\x7f\xca\xbeo\x7f\x92\xfc\
\x83}R\xfeg\xf2[|\xda\xb8\x9f\xf0\x92\x7f\xd4\xef\
\xe1o\xfb\xf3\xff\x00\xdd4\xc0\xd0\xd35\x1df\xf2\xca\
\xe2h\x8e\x95\xa9\x010[y\xe1\x98\xc3\x14\xd1\xed\x19\
9\x06R\x08l\x8c{Si\xa4\xb4\xfe\xba\x06\x97z\
\xff\x00\xc3\x99v~!\xf1\x15\xc4\x9a\x96\xaa\xd6\xbax\
\xd2\xec\xc3E\xb5\xaf\x1fn\xe8\xf2d\x91X@Y\x87\
n\x83\xee\x9c\x03St\xa1\xcc\xfa\xed\xe9\xb7\xe3\xb8\xec\
\xdc\xf9\x16\xeb\xf3\x7f\xe4oY\xdd\xebs\xbco6\x9d\
\xa7\xa4\x0e7o\x8e\xfeGlc\x8c)\x85}\xbb\x8a\
\xa6\x9a\xba{\x92\x9ai4g\xde\xeb\x1e \x86\xe6\x1b\
\x03\xa6\xe9\xd0Ox\xae \x97\xed\xd2\xb2\x07\x038\xcf\
\xd9\xf1\x9cd\x80z\xed56r\xbaO[\x7f_q\
WJ\xcd\xed\xfd}\xc1i\xaa\xf8\x88\x5c\x0d2k-\
&\xe2\xfa\x18\x16I\x99/\xa5U\xe7\x8c\x9f\xdc\x10\xb9\
 \xe0g\xd6\xa9\xd9\xb6\xd2\xd3\xfa\xfe\xbe\xe2uVO\
\xa9\xa3u\xaa*[^\xc0\xb2,z\x85\xb5\x9f\x9e\xf1\
\xaeX&C`\x82@\x0c2\xa7\xb7n@\xcdeY\
\xda\x9c\xe5\x1e\x97\xfc\xaeiM^qR\xeb\xfefe\
\x9e\xaf}-\xdf\x86cy\xf2\xb7\xf62Kp6/\
\xce\xe1# \xf4\xe3\x96=1\xd6\xba$\x92\xab8\xf4\
K\xf5\xb1\x8c\x1bt\xa3'\xbd\xd7\xe4\xff\x00\xc8\xde\xb3\
\xbe\xb6\xd4 3\xda\xcb\xe6\xc6\x1d\xa3\xdc\x01\x03r\xb1\
V\xeb\xee\x08\xac\xfa'\xdfR\xde\x8d\xae\xc5\x8a\x00\x86\
\xea\xe6\x1b+Yn\xae$\x11\xc3\x0a\x17w=\x00\x03\
&\x93vW\x1aWv9\xfb/\x10\xcd\x143\x8dE\
/M\xcc\xbf\xbeX\xa1\xb2y~\xca\x8f\x9f.6\xf2\
\xd4\x9d\xd8\x199\xee~\x94\xa7u\x06\x96\xeb\xaf\x9e\xff\
\x00\x85\xd7\xae\xfa\xebb-9)t\x7f\x97~\xfa\xeb\
\xe9\xb1[\xc3\x9a\xde\xb3\xa9Zi\x97\x8di\xa8O\x0c\
\xb0*\xdc;Cn\x91\xbbc\x99\x17.\xae9\xeb\xf2\
\x90@\xe0w;I.g\xd9\xed\xfdy\xfd\xe4;\xab\
\xae\xa9\xbf\xeb\xd7\xfe\x0d\xce\xbe\xb3((\x00\xa0\x02\x80\
\x0a\x00(\x03\x9f\xf1L\xc2/\xb2\xe4\xe3;\xff\x00\xf6\
Z\xe9\xc3\xab\xdc\xe3\xc5;X\xc0\x1a\x8f\x986y\xb9\
\x1e\x9b\xab\xa7\x91\x1c~\xd1\x8an\xd5\x80\x05\x81\xc7\xbd\
>Q:\x97\x03v\x8cs\x91\x9a,>q\xd1j\x0a\
\xe1\x80\x0c\xc38$!\xc0?Z\xe7ui\xf3r\xdc\
\xebT*\xf2sr\x8f\x8fP\xf2\xdfr\xb2\xd6\xae\x09\
\x9c\xca\xad\x89\x8e\xa9\xb8r\xdc}i{2\xbd\xb0\x8d\
\xa9D\xe3k\x158\xf54{0u\x13\xdcT\xd4 \
\xc1T\xd9\x9fcG+\x1f:\x1co\xe3?.\x00\x07\
\xb04\xb9\x18\xfd\xa2\x1e/\x15S\x9e\x01\xefI\xc5\xdc\
~\xd1\x1duq\x1e\x88P\x04s}\xc1\xf5\xa0\x08(\
\x00\xa0\x02\x80\x0a\x00(\x00\xa0\x02\x80\x0a\x00(\x00\xa0\
\x02\x80\x0a\x00(\x00\xa0\x02\x80\x0a\x00(\x00\xa0\x02\x80\
\x0a\x00(\x00\xa0\x02\x80\x0a\x00(\x00\xa0\x02\x80\x0a\x00\
(\x00\xa0\x02\x80\x0a\x00(\x02\xdd\x00\x14\x01\x91\xe2\xc9\
<\xbf\x09\xea\x98\x19g\xb5tQ\xea\xcc6\x81\xf8\x92\
)=\x5cWv\xbf4]6\xa3.g\xd3_\xbbS\
\x84\xd7.\xdbL\xf1]\xf5\xb4\x97\xa6\xd9\xa6X\xa5P\
.\xccj@\x8d\x14\xe7\x17p\x80r\x0f\x05rG9\
\xc7F\xa4\x9f2\xec\xdf\xe3\xfd\x7fW\x22\xd6\x84=?\
&\xff\x00\xaf\xe9\x9a\x9e\x0a\x91\xef<I%\xc0\xbb[\
\x94\x8e\xd1\x90\x9f\xb6\x09\x8a\x92\xeaG\x1fi\x9c\x8e\x87\
\xfb\xa3\xebW\x1f\x86_/\xd4\x89k(\xfc\xff\x00C\
\xa0\xf1T\xedqc\xfd\x85jw^j\x8ab\x0a?\
\xe5\x9cG\x89$>\x80)?R@\xefYr\xf3\xb5\
\x1e\x9b\xbfO\xf8;/\xf8\x0c\xd5I\xc1s\xad\xfaz\
\xff\x00\xc0\xdd\x8b\xe1i\x9a\xde\xc8\xe8\x97-\x8b\xbd0\
\x08Hc\xcc\x91\x0e#\x90z\x82\xa0s\xea\x08\xedZ\
99\xaew\xbf_^\xbf~\xeb\xc8\xcdG\x91\xf2\xf4\
\xe9\xe9\xff\x00\x03c'\xc6\xb1E6\xbd\xa2\xa4\xd0\xc1\
2\xf9W'l\xfak\xdf/\xfc\xb3\xff\x00\x96hA\
\xfc{Vq\xf8\xe5\xe9\xfa\x9a\xbf\xe1\xfc\xd7\xe4\xcc\xb9\
\xac,\x04\x12\x11\xa6\xe9c\xe5=<\x17t;z\xee\
\xe2\x95O\x81\x8a\x1f\x12/\xdd\xfd\xac\xfc%\xb4[o\
%P\xe9\x91y\x8f&I\x03b\xf0\x14c9\xf5\xcf\
\x1e\x86\xba+\x7f\xbc\x7f\xdb\xcb\xff\x00J_\xd7\xe1\xe6\
\xb2\xa7\xfc9zK\xf2\x7f\xd7\xf5f\x97v\xdad~\
\x22\xd4\x8e\xad\xe4]\xdc\xa5\x85\xba\xdbKs\x124\x86\
Bf? \x0b\xc1\xe3<\x0e\x02\xe4\xf4\xcds\xcf\xf8\
3\xe5\xde\xef\xff\x00I_\xd3\xe8k\x0f\x8e\x9d\xf6\xb7\
\xeb\xfd[\xa9\xa9\xe1\x86\xb0\xd2\xb4\xad\x16\xc6\x1bv\x13\
\xea6\xa2f\x90|\xc5\x8a\xa2\xe4\xbb\x13\x93\xd4\x01\xd7\
\x1c\x0e\x00\x15\xd1W\xf8\x92\x8a\xe9w\xf8\xdb\xef\xfc\xcc\
)\xff\x00\x0dI\xf5\xb2\xfc\x1f\xf9\x17t\xbbh\xa1\xf1\
\x0e\xb7:\x5c\xdb\xca\xf3\xbc%\xe3\x8e@^,F\x06\
\x1cv\xce2+(\xe9\x0by\xbf\xd0\xd6_\x12\xf4_\
\x9b\xff\x003b\x808?\x10Y\xca\xda\xaf\x88%\xb9\
\xbc\x96B\x9a\x19tH\xcf\x96\x8a30\x00\x80r\xd8\
\x1f\xde$\x12I\xc0\xe0\x0c\x9e\x94\xe7\xeb\x1f\xeb\xfc\x8d\
\xe1\xadJ~\xaf\xf3\x8f\xf5\xfd;\xec\xdbxGJ\x9a\
\xce)Y\xf5\x11,\x96\xeb\x1bH5;\x8c\xed#\xa7\
\xdf\xe9\x93\xd3\xa5oZ+\x9aQ\xeesR\x97\xbb\x16\
2\xd2\xe2\xdam\x1e\xd5,\xb4=J\xf2(\x12KH\
\xe7G\x869QP\xec$1\x91\x18n\xd9\x9c\xae:\
\x0e\x94\xa4\xdc\xdf;\xfbI?\xbfQ\xc5(.E\xd1\
\xdb\xfa\xfb\xcc\x1dV\x1b\xc9\xf5\x1bm.\xcbO\xf1-\
\x93\xcd\x1bM$\x9f\xda\xdb\xe5\xd8\xac\xa0\x84\x06\xe7`\
\xfb\xd8\xcbg\xaf\x0az\x84\x95\xdb\xec\xbf[\xff\x00\x97\
\xfc0\xde\x89y\xff\x00_\xd7\xeat_\xd9\xe7V\xd3\
'\xd3\xe5\xd3\xaf\xf4\xdf2\x14\x86k\xab\x87\x85\xe5\x9e\
5<\xa1tvbH,2\x7f\xbcH\xa5WT\xdf\
\xce\xdf\xd7\xcb\xf2\x08\xb7\x1b[~\xfd\x8c\x8b\x1f\xf4/\
\x06xcUL(\xb1h\x96B\x7f\xe7\x94\x9f\xbbo\
\xcbr\x9f\xf8\x0dh\xff\x00\x8b\x1f4\x97\xde\x93_\x8a\
A$\x94f\x97F\xda\xf97\x7f\xc2\xe6\xcd\x98\x1a\x97\
\x8d/o0\x0czd\x0bi\x19\xff\x00\xa6\x8f\x87\x93\
\xf2\x1eX\xfc\xea!\xf0\xca]\xdd\xbeK\xfe\x0b\x7fp\
Ox\xc7\xb6\xbf~\xdf\x82\xfcM\xd9\xa1\x8a\xe2\x17\x86\
x\xd2X\xa4R\xae\x8e\xa1\x95\x81\xea\x08=E&\x93\
\xdci\xb5\xaa8R\x96\xda_\x87ui,a\x8e\xde\
\xe6\x1b\xf9R\x01n\x169\x04~rnT\xe9\x85\xe8\
\x08\xe0r3J2|\xb4\xfdU\xff\x00\xf07\xff\x00\
\x04RJ\xf3\xf4\xfcy\x11\xb9t'\x94\x8b\xef\x10H\
\x96\xba~\xe1\x12i\xea\xbeh\x90\xb9\x0a<\xe3\x82\x18\
\xe5\xb1\xb5~Py\xcbu\x14\x95\xa5m\xdb\xdb\xb7\x7f\
\xd3},\x0e\xed]h\x96\xbf\xd7\x97\x96\xb7.x\x8a\
\x1b\x194)\xa3\xbe\xbc\x8e\xc6\x15\xda\xc9p\xec\x14B\
\xe0\x82\x8c3\xdc0\x18\x1d\xfaRm\xa6\x9a\xdf\xa7\xf9\
y\xdcqKki\xb7\xc8\xc1\xd2\xf5w\xd65\xcb!\
\xaf\xc44\xe9\xad\xd3u\x9d\xbc\xa8\xc8.\xa5#\x0d\x22\
\x96\x03\xa0<'\xde\x1b\x89#\xa5\x5cR\xbbk~\xdd\
\x93I\xfc\xfb_\xa5\xbc\xc8o\xddK\xa7~\xfa\xd9z\
w\xf3\xe9\xb5\xdfgRQ\x83\xe2X\xa5\xd4-\xfe\xc0\
4\xddNX\xf7\xc7(\x9e\xc9\xed\x86\x19[p\x18\x95\
\xc7p?\x87\x14\x97\xc4\x9fa\xf4k\xb9EF\xbcX\
\x02\xde(POS\xfd\x97\x81T\xb5d\xbd\x11\x1c7\
\xba\xed\xe7\x85/\x96\xda\xed\xa6\xb9\xfb]\xc4\x09{*\
\xa2\x98bFa\xbc\x85\x0a\x0bap0:\x91\xd8\x1a\
\xca\xa6\xb4T\x9fUw\xf8\xfez|\xb5\xde\xc6\xb0I\
Uq\xdfT\xbf\x05\xf9;\xbf\xc0\x86}6c\xf0\xd8\
K\x06\xa9wm\x0ah\xd96\xd1$&6\xfd\xd6N\
K!n{\xe1\xabLV\x92\x97\xa9\x18V\xe4\xe0\xde\
\xed\xfe\xa7C\xa2\xd8\x5c\xdb[\xc1,\xba\xc5\xe5\xda\x18\
T\x08\xa6HB\x8e\x07#dj\x7fZ\xd2\xa6\x93\x92\
\xf32\xa7\xac#\xe8f\xe8\xfad:\xba\xdf^\x5c\xdd\
\xeaLM\xf4\xe8\x9e^\xa3<j\x15\x5c\xa8\x00#\x81\
\x8e\x0fAYAZ\x9c[\xea\xaf\xf8\xbb~\x165\x97\
\xc6\xd7k~K\xf5.G\xe1\x1d&)$\x926\xd4\
Q\xe6!\xa4e\xd5.Ar\x06\x01'\xcc\xe7\x80\x05\
=\x95\x85\xe6U\xf16\x9dr\x8d\x06\xa3d\xbb\xc46\
\xd3\xdb\x5c\x86~L,\x84\xe7$\xf2C*\xfa\x9eM\
cY\xfb\x95\x1b\xd9\xc5\xfd\xea\xed~\xab\xe6iM+\
\xc5uM[\xf2\x7f\xe7\xf21\xa7k\xd5\x83\xc2\xdf\xd9\
\xb1y\xb7\x87H\x9cB\xa5\x82\x8d\xc68\x809>\x9d\
\x7f\x0a\xe9\xaa\xb9\xabT\x8e\xd7_w\xbc\xb5\xf9\x18\xd1\
iQ\x8b}\x1a\xf9\xfb\xb2\xd3\xe6u\x10xz\xd2-\
\x22\xcfNi.\x95-#\x0a\x1a\x0b\xa9`,q\xc9\
%\x18g'\x9es\xd6\xa6mJW_\xd2\x08&\xa3\
g\xbf\xea'\xfc#6\x1f\xf3\xf1\xaa\x7f\xe0\xda\xeb\xff\
\x00\x8eR(d\xfa\x0d\xad\xb5\xa5\xc4\x90\xc1w\xa8I\
\xe50[[\xadBic\x98\xe3\x85+#\x95\xe7\xd4\
\x8e*e~Wd8\xa5\xcc\xae\xecc\xf8^\xdd\x9f\
Om.\x0b\x9b=\x22\xe2\x162\xdcC\xa5]C4\
\x82F'r\xba4ES\x07\x80\x06zc<V\x92\
JQ\xd1\xdd-?\xa6N\xcd\xddY\xbd\x7f\xaf\x97\xf5\
\xa9\x95\xe1\x93`\x96\xdfc\x13jS\xad\x85\xd4\xb1]\
\xde6\xab,\x16\xd0\x22\xb9\xd9\x8d\xac\x11\x89\x1b~U\
\x18\xe7\x9cwP|\xd1\x8c\x96\xd6_7\xb5\x95\xf7\xd7\
\xe5kn\xf4\x1dEiI>\xef\xee\xde\xef\xb7_;\
\xa6z5 \x16\x80\x0a\x00(\x00\xa0\x02\x808\x9f\x88\
\xb3]C\xfd\x9c\xd6\xf1\xc6\xeb\xfb\xdd\xfb\xdc.>\xee\
:\x9f\xadiN\xa3\x81\xcf^\x8b\xabo#\x8c\x8bR\
\xba\x9aa\x12\xda2\x93\xdd\xc9\x03\xf9V\xdfX9~\
\xab\xe6Z\xb6y\xee\x09-\x12\x22\x83\x82\xder\x90?\
Zj\xban\xcc\x89`\xe5k\xa1neKh\x9d\xd6\
X\x99\xd7\xb6\xed\xc3\xf1\xc59\xcdIYu.\x8d\x19\
FJRKA\xf0\xea\x1a\x8c\x1aj\xdd}\xa3L*\
N\xe6\x03vTp\x07\x02\xbc\xb5\x85\x83oV{\x8f\
\x1bQ%\xa2-N\x84ma$21\x1f?\x90N\
\xd55\xe9\xd1\x92J\xc7\x85\x89\xa6\xdc\xb9\xd2\xdf\xb1\x09\
g\x1e\xb5\xbd\xd1\xc7f&\xf6\xf7\xa2\xe2\xd4Q#z\
\xd3\x1d\xc5\xf3[\xd6\x80\xb8y\xa4\xd2\xb8\x8fV\xaf4\
\xfa\x00\xa0\x08\xe6\xfb\x83\xeb@\x10P\x01@\x05\x00\x14\
\x00P\x01@\x05\x00\x14\x00P\x01@\x05\x00\x14\x00P\
\x01@\x05\x00\x14\x00P\x01@\x05\x00\x14\x00P\x01@\
\x05\x00\x14\x00P\x01@\x05\x00\x14\x00P\x01@\x05\x00\
\x14\x00P\x05\xba\x00(\x02\xb5\xf6\x9fm\xa8\xc7\x14w\
H]\x22\x95&U\xdc@\xdc\xa7+\x9cu\xe7\x9c\x1a\
\x16\x8d>\xdf\xe5`z\xa6\xbb\x98\xf1x6\xc5.|\
\xd6\xba\xba`\x19\xd9U<\xb8\x99Ku\x22X\xd1e\
\xc9\xc0\xc9/\xce9\xcd\x0bEo\x97\xf5o\xf8`\x96\
\xae\xff\x00\xd7\xf5\xff\x00\x0d\xb1b\xd7\xc3\x89ap\xf2\
X\xeaW\xb6\xf1\xc8\xdb\xa4\x8b1\xc9\xe661\xb9\x9e\
Di\x18\xfd[\xb0\x1d8\xa3[[\xfa\xfe\xbd~a\
\xd6\xe5\xad3G\xb5\xd2\xfc\xc9#2Ms9\x06k\
\x99\xdbt\xb2\x9e\xd9>\x83\xb2\x8c\x01\xd8\x0a{+/\
\xeb\xfe\x08\xba\xdd\x89\xa9h\xd6\xba\x9bG+\x99 \xba\
\x87\xfdM\xd4\x0f\xb2X\xfd\x81\xee=T\x82\xa7\xb84\
\x96\x8e\xe8\xad\xd5\x99\x1d\xfe\x81m\xa9\x5cY\xcfuq\
xd\xb4GEhn\x1a\x12\xfb\xb6\xe4\xb1\x8fi\xfe\
\x11\xc0 {Q\xf6\x9c\x97Q&\xf9y\x7f\xae\xbf\xe6\
F\xfe\x17\xd3\xdd\x0a\x9b\x8dS\x04c\xfeB\xd7_\xfc\
r\x93WV\x1avw$\xff\x00\x84z\xc1\xb4kM\
&o>[[TDU\xf3\x99\x0b\x85\x18\x1b\xf6\x10\
\x18z\x83\xc7\xb5\x5c\xa4\xe5>w\xbe\xe4\xa5h\xb8\xf7\
-\x0d2\xc8^\xcd{\xf6h\xcd\xc4\xd1\x88\x9eF\x19\
%\x07\xf0\xf3\xd0{\x0a\x8b+8\xf4{\xfeC\xea\x9f\
b\xb6\x9f\xe1\xed7K\x9d&\xb5\x8em\xf1\xc6b\x8f\
\xcd\xb9\x96Q\x1aq\xf2\xa8v!G\x03\xa6:\x0a\xab\
\xbd|\xc5o\xeb\xfe\x01v;[hg\x96x\xad\xe2\
\x8eY\xf0e\x91P\x06\x93\x03\x03q\xef\x81\xebKe\
a\xee\xeeM@\x14\x13D\xd3\xd6{\xb9\xda\x17\x95\xef\
S\xcb\x9f\xce\x95\xe4\x0c\x9c\xfc\xa01!W\xe6<\x0c\
\x0eiYr\xf2\xf4\x1f3\xe6R\xea\xbf\xaf\xd0\xac\x9e\
\x16\xd3cED\x9bSUQ\x80\xa3U\xba\x00\x0fO\
\xf5\x94\xde\xbb\x89+h\x8d\x1b;+m>\xce+;\
HV\x18!]\xa8\x8b\xd0\x0f\xf3\xde\x9bn[\x89+\
\x15\xad4K\x1b+\xd6\xbd\x89g{\x86B\x9ed\xf7\
2\xccUI\xc9\x0b\xbd\x8e\xd1\x90:c\xa0\xa4\xb4V\
_\xd5\x86\xf5we\xfe\xa2\x93WV\x03\x1a\xdf\xc2\xba\
}\xbd\xa4\x16\xcb>\xa3\xb6\x08\xc4k\xb3P\x9a,\x81\
\xea\xa8\xca\xb9\xfc)\xff\x00_r\xb0\xdb\xbbo\xd5\xfd\
\xee\xe3\xad|-\xa5\xd9K\xe6[\x9b\xf8\xd8\xc9\xe6\xb0\
\xfe\xd2\xb8!\xdf\xb9`_\x0d\x9cs\x9e\xb4\xd3\xb6\xc4\
\xb5sb\x90\xccE\xf0\x96\x92\x96\xba\x84)\x13\xac\x9a\
\x8c\x8d$\xf7\x19\xcc\xa5\x89\xc8\xc3\x11\xc0S\x8c\x0e\x9c\
t\xeb\x94\x95\xa2\x92\xd2\xd6\x7f5\xad\xc6\xdd\xdbo\xaa\
\xb7\xcba\xc7\xc3\xef4\xb0\xb5\xf6\xb5\xa8^\xc5\x0c\xab\
(\x86U\x81P\xb2\x9c\xa9;#S\xc1\xc1\xc6z\x81\
T\x9d\x9d\xff\x00\xae\xdf\x91/T\xd7r\xe2i\x16\x09\
~o\xcd\xb8\x92\xe8\x93\xb6iX\xc8\xd1\xe7\xa8B\xc4\
\xec\x1e\xcb\x81Ii\xb7\xf5\xfd~\x03z\xeeOug\
m}n\xd6\xd7\x96\xf1\x5cB\xf8\xdd\x1c\xc8\x1dN9\
\xe4\x1e)4\x9e\xe3M\xad\x86Xi\xf6\xfae\xa8\xb6\
\xb5\x12,J~Uy^M\xa3\xd0\x16'\x03\xd0\x0e\
\x05Sm\xeeJIlY\xa42\x95\xf6\x95m\xa8:\
\xbc\xf2^!A\x81\xf6{\xd9\xa1\x1f\x88F\x00\xfe4\
\xad\xad\xc7~\x82\xdbiv\x96zg\xf6m\xac^M\
\xbe\xc6P\xa0\x92y\xceNNI$\x92rs\xcd\x13\
\x5c\xd1\xe5{Z\xdf-\x82/\x96\x5c\xddos?\xfe\
\x11\x1d-\xac\xd6\xd2Y5\x09!\x11\x08J\x1dFu\
VP\xbbpU\x5c/#\xa8\x00\x0a\xa9>f\xdb\xea\
L\x17\x22It'\xb7\xf0\xf5\x95\xab\x06\xb7\x9fQF\
U!7j3\xc8\xab\xc6>\xeb\xb9S\x8fpiJ\
\xed=w\x1a\xb2\xb1oN\xd3\xe0\xd2\xf4\xf8l\xad\x81\
\x11B\xb8\x05\x8eKz\x92{\x92rO\xb9\xa6\xdd\xc4\
\x95\x8bT\x86f^x~\xc6\xfeY$\xb8\x92\xfc\xf9\
\xa3\x0e\x89\xa8\xdc\x22\x11\x8ccb\xb8P?\x0a\x5c\xa9\
\xab1\xdd\xde\xe5U\xf0n\x8c\x8d\x0b(\xbfSn\xa5\
!#S\xb9\x0658\x04/\xef8\x1c\x0e\x07\xa5U\
\xdd\xdb\xee$\xac\xacjYX\xc3\xa7\xc2b\x85\xee\x1d\
Kn&{\x89&l\xfd]\x89\xc7\x1d:Qp,\
\xd2\x029\xed\xe1\xba\x81\xe0\xb8\x869\xa1\x90mx\xe4\
P\xca\xc3\xd0\x83\xd6\x93I\xee\x09\xd8\xa7u\xa1i\x97\
\x91A\x0d\xc5\xaa\xbd\xbc\x0b\xb5-\xb7\x11\x0e;\x03\x18\
;\x18\x0c\x0cd\x1cv\xa6\xf5w{\x86\xca\xc8\x82\x7f\
\x0a\xe8w\x17\x11\xce\xdaz#F\xa8\xa0B\xcd\x1a\xb2\
\xa1\x05\x03*\x90\x18\x02\x06\x03\x02\x06)\xa6\xd4\xb9\xba\
\xfe\xbd\xfd|\xc1\xea\xad\xeb\xf8\xeek\xd2\x00\xa0\x02\x80\
\x0a\x00(\x00\xa0\x0e\x17\xe2U\xbcs\xb6\x97\xe6n\xc0\
2\x0f\x95wu\xd9\xd4Rbj\xe73\x1c\xd6$G\
\x19\x94;\xcb\x10YY\x8f(3\x8e\x0fb\x07LS\
\xe7\x89&U\xc3\xcf\xbd\x82[\xc4\xea2\x15\xce\xc2v\
\xf4\x1e\xfd*\x1c\x80\x0c\xac\x96\xd2\xcd4n\x8d+\x85\
e8\x1cu\xff\x00?J\xe8\x84\xaf\x136t+\x1c\
0\xf8v\x17\x9aYJ\x94b\x02\x93\xf3rq\xcfo\
\xbb\xda\x9d\x85q/\xa41h\x93Md\xd9u~X\
\x90Obp}9\xcfJ\x996\x96\x83I=\xcc5\
\xd7\xef\x88\xdadE\xed\x92\xab\xe9Y:\xd2\xb0\xfd\x94\
\x1fCOKh\xad\xe2?l\xd5\x22\x92I\x0f\xc8\x92\
?O\xeb\x8e}\xab'\x89\xa8\x9e\xc7M<\x1d\x16\xbd\
\xe7\xa9\x0d\xde\xbfmnB\xa5\xa0\x94\x86!\x8crp\
\x00\xfc?Z\xe8\x8e!\xdbS\x92\xae\x1e\x9avE\xc8\
/\xb4\xeb\xabvu\x9a8$\xc9\x0a\x93\xbe\xdc\xfa\x7f\
J\x1e)\xae\x82\x8e\x0e\x12[\x8b\x1b\xdb<Y\xfbM\
\xb32\x9c6\xd9\xd5F{\xe38\xa7\xf5\xcf!\x7fg\
\xdfi#\xd5\xea\x0e\xa0\xa0\x08\xe6\xfb\x83\xeb@\x10P\
\x01@\x05\x00\x14\x00P\x01@\x05\x00\x14\x00P\x01@\
\x05\x00\x14\x00P\x01@\x05\x00\x14\x00P\x01@\x05\x00\
\x14\x00P\x01@\x05\x00\x14\x00P\x01@\x05\x00\x14\x00\
P\x01@\x05\x00\x14\x00P\x05\xba\x00(\x00\xa0\x02\x80\
\x0a\x00(\x00\xa0\x02\x80\x0a\x00(\x00\xa0\x02\x80\x0a\x00\
(\x00\xa0\x02\x80\x0a\x00(\x00\xa0\x02\x80\x0a\x00(\x00\
\xa0\x02\x80\x0a\x00(\x00\xa0\x02\x80\x0a\x00(\x00\xa0\x02\
\x80\x0a\x00(\x00\xa0\x02\x80\x0a\x00(\x00\xa0\x02\x80\x0a\
\x00(\x00\xa0\x02\x80\x0a\x00(\x00\xa0\x0f>\xf8\xaa[\
\xc9\xd3Ue)\x93.@]\xc1\xbe\xe7\xbdL\xaeL\
\x8f7\x8e\xe5\xad\xe6efm\xe3\x00\x93\x1fQ\xc7n\
\xd5\x91\x16e\x9f*K\x8c\xbc\x0d\x13\x8f\xe2\x0eB\x1f\
\xc3=i]\x01#\xf9\xdf\xd9\xcee\x85\xa2o8d\
\x10\x07\xf0\xf6\xf6\xae\xaa?\x08\x99\xd5\xbf\x96|)f\
X\xed,\xa4\x06\xdcG\xf7\xbb\x8a\xd9\x90=\xcd\xbc:\
\x0d\xd4\xd7FF\x8d%\xceC\x02\xc3\x85\xc6\x08\xa8\x93\
\xb2\xd8\xbaq\xbfS>]\x03M\xf2\x16\xf4\xdb\xdey\
r(f\x08\xc3\xa1\x19\xce\xd0?\x91\xfc+\x82Uc\
~U\xa3=\x08a\x9a\x5c\xcfU\xe4e\xda\xe9z}\
\xe7\xdac\xb9\xbb0y2\x01\x09l\x1e\xa3 \xf4\xfa\
g\x15mME8\xeaDaK\x99\xa9\xdd\x15o4\
\x8b\xbd1\xe4kq-\xeaF\xa0\xb8C\xd0\x1e\x87\x8e\
\xc7\x9a\x94\xdb\xf8\x95\x8c\xa7K\x95\xe8\xeeA4\x12o\
\xf3Z\x16\xb7\xdf\x86D#?\x9ej\xaed5>\xd6\
\xd1\x98\x92\xd0\x9c\x86`\xc1\x8a\x0cw\xcf>\xbcQq\
3\xe8Z\xdc\xd0(\x029\xbe\xe0\xfa\xd0\x04\x14\x00P\
\x01@\x05\x00\x14\x00P\x01@\x05\x00\x14\x00P\x01@\
\x05\x00\x14\x00P\x01@\x05\x00\x14\x00P\x01@\x05\x00\
\x14\x00P\x01@\x05\x00\x14\x00P\x01@\x05\x00\x14\x00\
P\x01@\x05\x00\x14\x01n\x80\x0a\x00\x86\xeaO.\x02\
pN\xe2\x17\x83\x822q\x9c\xfe4u\xb0\xfc\xcaO\
t\xe0\xba\x89n\x8f\x97\xf2\xee\x8e!\xb5\x8frN\xd3\
\x8cw\xfd(\xf3\x15\xad\xa0\xef;\xfdb\xb5\xf1\x00\xaa\
4O&\xd5\xe4\xe4\xe3\xa0\xe3\x8e\x94\xff\x00;\x8a\xe3\
n\xae\xa6,\xd1G.\x1c\x15%\x16\xdaB@\xc8\xcf\
9\xe4u\xfa\xd2[\x8c\xb7k9\x97z\xb3\x86e\xc7\
\x1eKG\x81\xf4j:\x00\xd5\x96\x7f\xed\x0f*B\x81\
\x0ce\x82\xa8\xe9\xc8\x1dh]~_\xa8>\x82\xdeL\
\xf1\xf9H\x8d\xb3\xcd\x90!|go\xff\x00_\xb5\x1b\
\xbb\x07K\x8c\x8d\xe4k\x89\xad\x0d\xc3\x12\x81XH\x02\
\xee\x19\xecx\xc7\xe9\xde\x8d\xd0=\x08|\xc9\x16\xe6h\
\x9e\xee\xe8\x84 \x0d\x90\x86\xea3\xce\x10\xd0\xb6\x06Z\
\xb5`\xe1\x9dn%\x94\x03\xb4\x89\x10.\x0f\xd3h4\
\x01,\xc2C\x0b\x88\x88\x0eA\xdaO@i0F,\
r]\xaf\x98D\xac\x16E\x07qpx\xe89\xd9\xd4\
\xe3\x8f\xa8\xe0\xd3\xe8\x1dK:s\xcd\x15\xcbA4\x83\
s1;\x0b\x82y\xf9\xb3\x80\xa3\xd7\xaeqMma\
>\xe5\x9b\xbf6(\xe5\x9c]\x18\xc2.Uv\xae\xde\
=s\xc9\xcf\xb1\x15-\xd8\xa4\xaf\xa0\xb3K\xfb\x98\xda\
K\xaf\xb3\x16\x5c\xe0m\xc9>\x9c\xe7?\x859h\xdd\
\x84\xb5Wby\x97F\xc1d*\x89.\xcc\xb6\xe0x\
\xe3\xd3\xff\x00\xafJZ]\x8e;\x93[;Ik\x13\
\xb1\xcb2\x02O\xbe*\xa5\xa3&:\xa1\xee\x18\xa1\x0a\
\xc1X\x8e\x09\x19\xc5!\x95U\xe4\x86\xf9 3\x99\x83\
\xa1b\x18\x0c\xae;\xf0\x07\x074.\xa1\xd0e\xc4\xff\
\x00h\x5cG+E\x00 4\xcb\xdc\xe7\x80\xbf\x8fS\
GP,C9c\xe5J\x02\xcc\xa3\x91\xd9\xbd\xc7\xb7\
\xf2\xa3\xcd\x01A.\xe6\xd8\xad\xe7\xca\xcc\xd1\xb9!\xa2\
\x01A\x03\x8c\x1d\xa3?\x99\xa9oO\x97\xf9\x0f\xaf\xcc\
\x96\x09\xe53\xc6\xab,\xb2\xee\x8d\x98\xac\xd1\xec\x19\x18\
\xc6\x0e\xd1\xeb\xefW\xdc\x95\xb2\x1a\xf7\xb2\xc7|\xcb#\
[G\xb5\x00\xd8\xf7\x04\x02I\xeb\xf7z\xd2]F\xfa\
\x13\xa5\xe3\xbcr:\x8bgT\x5c\x92\x97\x05\xb1\xf5\xf9\
hz+\x82\xd5\xd8\xae\x97\x13Ci+\x97U\xda\xc7\
+\xe43\x10\xc7\xe6\xea\x0f\xbe3\x81C\xda\xcb\xfa\xe8\
\x09\xdd\xdc}\xb3N-\xfc\x84\x7f\x9f\xcb!w[\xba\
a\xbdK\x1e?J\x1a\xd2\xc8\x13\xd6\xec\x8f\xedr\xc3\
u\xe5\xc8\xf0'\x95\x18R\x1e\xe4\x8c\x93\xdf\x95\xe4\xf1\
\xfa\xd1\xbd\xc3k\x16l$\x95\xd5\x83I\x0c\xb1\x83\xc3\
$\xbb\xc8\xf6<\x0c\xfdi\xf4\x0e\xa5\xca@\x14\x00P\
\x04\x17\x97\x90\xd8\xdb\x99\xe7$.\xe5@\x00\xc9,\xcc\
\x15@\xfa\xb1\x03\xf1\xa0\x02\xce\xf2\x1b\xeb\x7f>\x02J\
\xefx\xc8#\x05YX\xab\x03\xf4e#\xf0\xa0\x09\xe8\
\x00\xa0\x02\x80\x0a\x00(\x00\xa0\x02\x80\x0a\x00(\x00\xa0\
\x02\x808\x9f\x88\x970[M\xa5\xf9\xd0\x89K\x19v\
\x82zp\xbc\xe3\xbf$Q\xcb\xcf\xee\xdc\x5c\xdc\x92R\
\xb6\xc7=\xa7\xd8iwVV\xf3\x5c\xc5\x15\xcd\xdc\x91\
\xee`\x83\x0cG8\xf9G\xb5pV\xa3V\x1f\x0b\xd0\
\xf4)\xd6\xa3U\xfb\xebR\xbd\xa6\x8c\x9a\xc5\xc4\xb1Y\
*(\x8b\x1b\xb7\xb0;I\xecH\x1dk\xae\x95Ir\
r\xb4qbp\xf1\xe7\xe6\x84\x8a\x1a\xfe\x9a\xba\x14k\
i$\xc8\xed#\xef\xca\x1c\xed\xe0\x8es[\xc3Ds\
\xb8\xb5\xb9\xbb\x04\xd0K\xe1{H\xc4\xff\x000\xc9!\
\x1f\x0c\x07\xcd\xd7\xaf\x1fZ\xd1\xb39lV\xd4\xe7H\
\xbc1{\x1by\x8c|\xde\xf1\x85\xce@\x1c\x11\xc1\xa9\
\x93\xd0\xa8lS\xb2\xd4\xd4\xeaH\x9778\xb7\x11m\
dv\xe3\x01N:\xfb\x81Y\xb8\xc1\xab\xb3X\xd4\x9c\
\x1e\x8c\xa3\xaa\xcd\x14\xab\x02Yn\x90G\x09\x121S\
\xb8\x90\xccr\x7f\x0e\xf5*j*\xc8%y1\xc3\xc5\
\x0et\xe3m\x18\x92\x09c\xf2\xd408\x1f(\xc6\x08\
>\xbd\xfe\x952i\xeeTo\x1d\x8a\xf0\xf8\x82k\x8b\
\x90\xd2\xc5\x0c\xf9\x1fy\xd1r=\xf8\xc6O\xe1X\xb8\
\xae\x83r\x93z\x93\xb8\xb1H\xcd\xc0\xbe\xe4\x1f\xf5\x0c\
\xa4g\xdb=8\xa2\xc4\xb4{\x9dt\x94\x14\x01\x1c\xdf\
p}h\x02\x0a\x00(\x00\xa0\x02\x80\x0a\x00(\x00\xa0\
\x02\x80\x0a\x00(\x00\xa0\x02\x80\x0a\x00(\x00\xa0\x02\x80\
\x0a\x00(\x00\xa0\x02\x80\x0a\x00(\x00\xa0\x02\x80\x0a\x00\
(\x00\xa0\x02\x80\x0a\x00(\x00\xa0\x02\x80\x0a\x00\xb7@\
\x05\x00U\xd4?\xe3\xd8\x7f\xd7D\xff\x00\xd0\x85\x0bt\
>\x8c\xa8\xf6\xce|\xc9\x93\xed\x02\x22\xe1\x8a\x19J\x16\
\x19%\x8e2\x00\xeb\xdf\x1d)l\xb5\xfe\xb4\x07\xab\xd0\
`\x7f2\xd2\xe8\xa0R\x04j\xaa\xb1\x9d\xdd\xce\x06A\
98\xc5W\x9f\x9f\xf9\x13\xd6\xcb\xb7\xf9\x85\xc7\x9fq\
\xbcD\xcb#\xb6G\x94#\xdd\xe5\xe7\x8f\xbc[\x01\xb1\
\xd8~T\x86\xb4/Y\xbb>\xfd\xe57\x8c\x06Q\x11\
F\x1f\x5c\x93\x9ab\xf2\x1cb\x7f\xed\x01.>A\x11\
\x5c\xe7\xbei.\xbf/\xd4o\xa03<\x91H%\xb5\
\xdc7\x11\xb3p;\xd7\xd7\x9e?\x03@\x10\xc2\x89i\
\xe6\x5c\xc9\x18\x846\x15#Q\xc8\x1d\x86\x07rOj\
:\x06\xe3\xe1?g\x8c\xc92\xbe\xf9\x9bs\x04B\xfb\
}\x07\x00\xf6\x02\x8d\xb4\x0d\xf5\x1dd\xac\x22we+\
\xe6H\xce\x01\x188'\x8c\xd1\xb2H:\xb2iB4\
L$8L|\xd98\xe2\x803QA@\x22in\
_y$\xc53\xed\x0b\x9e\x80\xe4.@\xc7\x14\x07{\
\x16l\xd9D\xb2\xa0i\x06pBJX\xb0\xf5\xeb\xd7\
\x9fBE\x1d\x03\xa9\x1c\x91\xcb%\xdb<\xf6\xd2\xca\x88\
\x7ft\xaa\xcb\xb7\xeaA#\x9e\xb4.\xe0\xcb2K \
Q\x8bW}\xc3\xa0e\xc8>\x87'\xf9f\x8f C\
!\xb7x\xb4\xf3\x01\xc1}\xac\x00\x07\x81\x9c\xf0)K\
X\xdb\xc8q\xde\xe4\xb6\xc8\xd1\xda\xc4\x8c0\xca\x80\x11\
\xef\x8a\xa9j\xc9\x8e\x88.\x0c\xa2\xdd\xcc\x0b\xba\x5c|\
\xa3\xde\xa5\x94\x8a\xf6\xb1\x04\xdc\x8di)2\x7f\xac\x92\
R\x8d\xbb\xeb\xc9\xfc\xa9\xf9\x0b]\xc7j \x0b0\x07\
\x03\xccO\xfd\x08Q\xf6\x97\xa8t~\x84\xf3\x18\xd63\
$\x8a\x08\x8f\xe6\xe4g\x18\xf4\xa4\xc6\x8c\x97\xccQ\xc5\
\x11\x9c\xc97\x96\xcb\xe4\xfc\xbf!a\xc0\xe0g\xbfz\
m]\xdb\xe5\xf9\x05\xfa\xf9\xdf\xf3,\x03\xe4\xde \x13\
\xbd\xcbG\x13e\x06\xd2W\xee\xf1\x80\x07_zw\xdd\
\x89-\x12`\xa98;\xe2C\xf6\x92\xc4\xc8\xcc0\x9c\
\xf6\xe7\x928\x18 \x1e\x94\xbd\x03\xd4|H\xc6\x19\x22\
\x9a\x173\xcb\xcb\xee$+}\x19s\x81\xe9\xde\x8e\x9a\
\x07]H-\xedeqt>S\xfb\xccyfW<\
\x8c\x1f\xbd\x9f\xd7\x14t_\xd7P\xeb\xfdv%\xb5g\
O>b\xb3\xee_\x90[\x97f#\xdf\x93\xdf\xd7\xa6\
(\xe9\xa0u\x11\x19\xa3\xc3[\x8f\xb4\x5c\x12|\xdd\xbc\
!\xcfm\xdd\x068\xf5>\xd4z\x07\xa9=\x93 \x05\
\x19\xff\x00\xd2\x1c\x97\x91X`\xe7\xd8z\x0e\x99\xa7\xe8\
\x1e\xa5\xba@\x14\x00P\x06?\x89H:d \x10H\
\xd4ls\xed\xfe\x95\x154\x06v\x9e5].\xc2k\
\xa8\xe43G.\xad:\x9b9\xa2\xc1Q%\xdb\xa0*\
\xe3\x90>`\xe4\xb0n\x01\xc6\x01\xe1\x81\xbb\xa6_\xff\
\x00h\xd9\x99\xcc^S,\xd2\xc2\xcb\xbbv\x1a9\x1a\
3\x83\xc7\x19SR\xc0\xb9@\x05\x00\x14\x00P\x01@\
\x05\x00\x14\x00P\x01@\x05\x00p\xff\x00\x12a\x86X\
\xec\x0bq2\x89LG8\xc7\xdc'\xb7\xb0\xa8\x94\x9c\
Z\x07\xb6\xc7\x07\xa7\xea\x07M\xbf\xb6\x9a\xe6\x06\x22\xd8\
`\x0e\x9b\x86\x08\xe0\xfe5\xab\xab\x1b\x18\xd9\xa6lY\
j\xeb\xfb\xc8,m\x9eI'U\xdc\x06\xd8\xf6\xe0\x92\
rA\xf7\xebYs\xab\xda\xc6\xaaV\xd8\xc4\xb8\xf0\xee\
\xa0\xae\xed(8-\x90T\xef\x1f\xce\x97\xb5\x92\xe8f\
\xd1n+\xddJ\xd2\xc4X\xf9B4N\x01\x93r1\
\xc1'\x80q\xeb\x8f\xca\x9b\xac\xd0r]\x16\xac\xefZ\
\xea\x11o{\x13yX!\xc89e'\xf8\x89=\x00\
8\xe9\x9a\x14\xdc\x81G\x94\x82]\x1fKa\xbamF\
XCr\x8d5\xa9*@\xcf;\xba\x1c\x81\xd4R\xe4\
\x90\xf4*[\xf8}\x95\xdc\xda\xeb\x96\x12\xb7T\x02R\
\x1b\xf2=:R\xb3]\x07rI\xbc)\xab\xdd*\x89\
\xa5\x85R\x08\x83y\xa0\x86\xdd\xc99\xc8>\xfd\xea\x94\
[Avg\xc9\xa7O\xa5\xcf\xbdY\x0bc\x0c\xad\x80\
H\xc6r=r\x0fZ\xc9\xf6cRi\xdd\x16\xe6\xb6\
\xbd])\xe4\xb8\xb1|\xb9\x0f\x13\x049\xdb\xc7q\xdf\
\xdb\xdf5).\xe6\xb2\x9bj\xd2G\xba\xd7Q\x01@\
\x11\xcd\xf7\x07\xd6\x80 \xa0\x02\x80\x0a\x00(\x00\xa0\x02\
\x80\x0a\x00(\x00\xa0\x02\x80\x0a\x00(\x00\xa0\x02\x80\x0a\
\x00(\x00\xa0\x02\x80\x0a\x00(\x00\xa0\x02\x80\x0a\x00(\
\x00\xa0\x02\x80\x0a\x00(\x00\xa0\x02\x80\x0a\x00(\x00\xa0\
\x0bt\x00P\x01@\x05\x00\x14\x00P\x01@\x05\x00\x14\
\x00P\x01@\x05\x00\x14\x00P\x01@\x05\x00\x14\x00P\
\x01@\x05\x00\x14\x00P\x01@\x05\x00\x14\x00P\x01@\
\x05\x00\x14\x00P\x01@\x05\x00\x14\x00P\x06$\xda=\
\x8f\xdb\xa1K\xdbQ,\x0brnme\xe4\x1byK\
\x87*[9\xc3?\xcc\x07L\x8d\xbf\xdd\x14\xee\x06\xfd\
 1\xbc6\x8e\xba*\xc8\xeaW\xed\x13\xcfr\xa0\x8c\
\x10\xb2\xca\xf2.}\x0e\x1cS`j\xd2\x00\xa0\x02\x80\
\x0a\x00(\x00\xa0\x02\x80\x0a\x00(\x00\xa0\x0e\x7f\xc5\x16\
V\xf7\xaff\x93[\xac\xee\xbb\xca)\x00\xe3\xee\xe4\xf3\
\x5c\xf5\xe37nS\xa2\x83\xa6\xae\xe6p\x9e,\xf0\xca\
\xcdb\xd7\x96G\x17v\xf8\xdbo\x00\xce\xfep@\xfa\
g=;Q\x088\xafy\x98\xd5\x9cf\xfd\xd5c\x92\
\xb5\x12\xc5&\xdb\x91$2\x14#d\xb1\xe3\x07\xdc\x1f\
\xcf\xa5T_+\xbd\x8cM\x08\xe4\xb9\x81q\x03\x15L\
\xe0\xb4.\xc81\xf4\x04\x0a\xd5T\x83\xdcD\xd0\xeb\x97\
\xd0\x85\xfd\xe4\xa8\x1b'\xe7U}\xa7\x9fU\x07\xf5\xa7\
\xee0\xd4\xb3\x1f\x88'\x0a\xb7\x11J\xb1\x19\x1c\xa1)\
\x02\xe4\xe0\x03\xcf>\x9e\xe2\x9f$B\xed\x02jp\xcd\
3I%\xb5\x9c\x92\xa8\xe1\xccl\x8c\xddO_\x9a\x97\
\xb3]\x18s2x$\xd2u+\x84\xb7\x9fNv\x95\
\xe4\x08\x02\xdd\x09\x01$\xe0|\xa4\xfb\xfaQ\xcb%\xb3\
\x1ak\xaa4\x9fL\x83C\x1a\xa4\x16\xb1\x00\xc9\xa7\xef\
\x0eG\xccY\xa4`y\xfa(\xc0\x15OH\x87S\x9c\
\xbf\xd6,.\xe1\x91\x160\xf2dyR\xb1\xfb\xb8\xe0\
}?\x1fZ\xe4\xea2\x18\xf5\x9b\xb8\xdc\x95\xb8\x901\
\xef\xb8\xe5\xbd\xc9\xcdn\xb9l&{\xcdQ\xa0P\x04\
s}\xc1\xf5\xa0\x08(\x00\xa0\x02\x80\x0a\x00(\x00\xa0\
\x02\x80\x0a\x00(\x00\xa0\x02\x80\x0a\x00(\x00\xa0\x02\x80\
\x0a\x00(\x00\xa0\x02\x80\x0a\x00(\x00\xa0\x02\x80\x0a\x00\
(\x00\xa0\x02\x80\x0a\x00(\x00\xa0\x02\x80\x0a\x00(\x02\
\xdd\x00\x14\x00P\x01@\x05\x00\x14\x00P\x01@\x05\x00\
\x14\x00P\x01@\x05\x00\x14\x00P\x01@\x05\x00\x14\x00\
P\x01@\x05\x00\x14\x00P\x01@\x05\x00\x14\x00P\x01\
@\x05\x00\x14\x00P\x01@\x05\x00\x14\x00\xd7E\x91\x19\
\x1dC#\x0c2\xb0\xc8#\xd0\xd0\x05C\xa4\xd9\xbd\xa4\
v\x92,\xb2\xc1\x19\x04$\xb3\xbb\x83\x83\x91\xbb$\xee\
\x1e\xc7\x22\x9d\xc0\xbbH\x02\x80\x0a\x00(\x00\xa0\x02\x80\
\x0a\x00(\x00\xa0\x02\x80\x0a\x00\xe5|is\x7fi5\
\x84\xb6V\xaf2\x91*HP\xf2\xb9\xdb\x8f\xe4\x7f*\
M]nRv9A\xe2\x88D\x84O\xbe6c\xc9\
\x1d\x0f\xbds\xca\x8c\x9e\xb7%\xb4]\xfbd7\x96\x9b\
\xd4\x09-\xceAf\x5c)\x1d\xf2H\xc1\xf7\xac\x9a\xa9\
\x168\xc6\xec\x87L\xd1\xace\x8ew\xf3#\xb8\x12\x00\
\x13\xca\x90\xecQ\xf4\x1c\x0e\xd4\x9d{;8\x9dk\x08\
\x9a\xd1\x90\xbf\x84a\x8a\xd1\xee\x14\xba(\x03\x09\xbdy\
\xe4\x0c\x86=+\xa6\x11\xba\xba8\xe5\x1eYX\xc4\xb5\
\xf0\xd5\xdc\x96\xb3\x98\xafcq\x0b3\xaa\xc8H<\x81\
\xc1 \xf4\xc0\xeb\xebNU\x5cZM\x1aF\x8f:m\
2\x8cV\xd7q\xce\xdel\x06<.NX\x13\xd0\xe7\
\xa7\xf8\xd5\xba\xa9nc\xca\xf6\x1f\xa3H#\xf1-\xa7\
\x9cv\x1f\xb4\xc5\x80s\xcf\xce\xbe\x99\x15\xa2\x9a\x96\xc4\
\x9d?\x895\x08\xa3\xd6nM\xa5\xcb\xef{q\x14\xaa\
\xa3\x03\x01\x89\xe0\xff\x00\xc0\x8dsT\x9b{\x15c\x89\
\xb9\x19f\x99\x18\x90\xf8eA\xd5q\xdc\xe7\xea1\xfa\
\xd4\xc5\xe8 \x85f\x96D\xb4\x08$v`\xa8\xacz\
\x9e\x83\x8f\xf3\xd6\x9d\x82\xc7\xd15\xd0XP\x04s}\
\xc1\xf5\xa0\x08(\x00\xa0\x02\x80\x0a\x00(\x00\xa0\x02\x80\
\x0a\x00(\x00\xa0\x02\x80\x0a\x00(\x00\xa0\x02\x80\x0a\x00\
(\x00\xa0\x02\x80\x0a\x00(\x00\xa0\x02\x80\x0a\x00(\x00\
\xa0\x02\x80\x0a\x00(\x00\xa0\x02\x80\x0a\x00(\x02\xdd\x00\
\x14\x00P\x01@\x05\x00\x14\x00P\x01@\x05\x00\x14\x00\
P\x01@\x05\x00\x14\x00P\x01@\x05\x00\x14\x00P\x01\
@\x05\x00\x14\x00P\x01@\x05\x00\x14\x00P\x01@\x05\
\x00\x14\x00P\x01@\x05\x00\x14\x00P\x01@\x05\x00\x14\
\x00P\x01@\x05\x00\x14\x00P\x01@\x05\x00\x14\x00P\
\x047v\x96\xf7\xd6\xcfou\x12\xcb\x13\x8c2\xb5\x00\
a\x1f\x00x]\x981\xd39\x07#\xfd\x22^\x0f\xfd\
\xf5@\x1a\x0b\xe1\xdd-`\x10}\x99\x8cj0\x03J\
\xe7\x03\xd3$\xd2qM\xdc\x16\x83-<1\xa2\xd8H\
\xf2Z\xd8$M&7\x90\xcd\xf3c\xa6y\xf7\xa4\xe2\
\x9e\xe5)5\xb1k\xfb*\xcb\xc9hL;\x91\x8eH\
gc\x9f\xc4\x9c\xd5\x12TO\x0bh\x91\xcb\xe6\xa5\x8a\
\xab\x96\xdd\x90\xec9\xf5\xebJ\xc0M>\x81\xa5\xdc\x97\
3Z\x06.\xbb[\xe6a\x91\x8cz\xd2p\x8b\xd5\x82\
v\xd8\xaa\x9e\x0e\xf0\xfc`\x05\xd3\x97\xe59\x04\xc8\xe4\
\x83\xea\x094\xbd\x9cB\xc4O\xe0O\x0dH0\xfa`\
a\x9c\xf34\x9d\x7f\xef\xaa|\x91\x00\xff\x00\x84\x13\xc3\
[\xcb\x7ff\xe0\x91\x83\x89\xe4\xc6>\x9b\xa8P\x8a\x15\
\x916\x9f\xe1\x0f\x0f\xe9wb\xee\xcfL\x8a9\xd7\xee\
\xb9fb\xbe\xe3q8\xa6\xa2\x90\xcd\xaa`\x14\x01\x1c\
\xdfp}h\x02\x0a\x00(\x00\xa0\x02\x80\x0a\x00(\x00\
\xa0\x02\x80\x0a\x00(\x00\xa0\x02\x80\x0a\x00(\x00\xa0\x02\
\x80\x0a\x00(\x00\xa0\x02\x80\x0a\x00(\x00\xa0\x02\x80\x0a\
\x00(\x00\xa0\x02\x80\x0a\x00(\x00\xa0\x02\x80\x0a\x00\xb7\
@\x05\x00\x14\x00P\x01@\x05\x00\x14\x00P\x01@\x05\
\x00\x14\x00P\x01@\x05\x00\x14\x00P\x01@\x05\x00\x14\
\x00P\x01@\x05\x00\x14\x00P\x01@\x05\x00\x14\x00P\
\x01@\x05\x00\x14\x00P\x01@\x05\x00\x14\x00P\x01@\
\x05\x00\x14\x00P\x01@\x05\x00\x14\x00P\x01@\x05\x00\
\x14\x00P\x01@\x05\x00\x14\x00P\x01@\x05\x00\x14\x00\
P\x01@\x05\x00\x14\x00P\x04s}\xc1\xf5\xa0\x08(\
\x00\xa0\x02\x80\x0a\x00(\x00\xa0\x02\x80\x0a\x00(\x00\xa0\
\x02\x80\x0a\x00(\x00\xa0\x02\x80\x0a\x00(\x00\xa0\x02\x80\
\x0a\x00(\x00\xa0\x02\x80\x0a\x00(\x00\xa0\x02\x80\x0a\x00\
(\x00\xa0\x02\x80\x0a\x00(\x02h\xe5\x18\xc3~t\x00\
\xfd\xeb\xfd\xe1\xf9\xd0\x01\xbd\x7f\xbc?:\x007\xaf\xf7\
\x87\xe7@\x06\xf5\xfe\xf0\xfc\xe8\x00\xde\xbf\xde\x1f\x9d\x00\
\x1b\xd7\xfb\xc3\xf3\xa0\x03z\xff\x00x~t\x00o_\
\xef\x0f\xce\x80\x0d\xeb\xfd\xe1\xf9\xd0\x01\xbd\x7f\xbc?:\
\x007\xaf\xf7\x87\xe7@\x06\xf5\xfe\xf0\xfc\xe8\x00\xde\xbf\
\xde\x1f\x9d\x00\x1b\xd7\xfb\xc3\xf3\xa0\x03z\xff\x00x~\
t\x00o_\xef\x0f\xce\x80\x0d\xeb\xfd\xe1\xf9\xd0\x01\xbd\
\x7f\xbc?:\x007\xaf\xf7\x87\xe7@\x06\xf5\xfe\xf0\xfc\
\xe8\x00\xde\xbf\xde\x1f\x9d\x00\x1b\xd7\xfb\xc3\xf3\xa0\x03z\
\xff\x00x~t\x00o_\xef\x0f\xce\x80\x0d\xeb\xfd\xe1\
\xf9\xd0\x01\xbd\x7f\xbc?:\x007\xaf\xf7\x87\xe7@\x06\
\xf5\xfe\xf0\xfc\xe8\x00\xde\xbf\xde\x1f\x9d\x00\x1b\xd7\xfb\xc3\
\xf3\xa0\x03z\xff\x00x~t\x00o_\xef\x0f\xce\x80\
\x0d\xeb\xfd\xe1\xf9\xd0\x01\xbd\x7f\xbc?:\x007\xaf\xf7\
\x87\xe7@\x06\xf5\xfe\xf0\xfc\xe8\x00\xde\xbf\xde\x1f\x9d\x00\
\x1b\xd7\xfb\xc3\xf3\xa0\x03z\xff\x00x~t\x00o_\
\xef\x0f\xce\x80\x0d\xeb\xfd\xe1\xf9\xd0\x01\xbd\x7f\xbc?:\
\x007\xaf\xf7\x87\xe7@\x06\xf5\xfe\xf0\xfc\xe8\x00\xde\xbf\
\xde\x1f\x9d\x00\x1b\xd7\xfb\xc3\xf3\xa0\x03z\xff\x00x~\
t\x00o_\xef\x0f\xce\x80\x0d\xeb\xfd\xe1\xf9\xd0\x01\xbd\
\x7f\xbc?:\x007\xaf\xf7\x87\xe7@\x06\xf5\xfe\xf0\xfc\
\xe8\x00\xde\xbf\xde\x1f\x9d\x00\x1b\xd7\xfb\xc3\xf3\xa0\x03z\
\xff\x00x~t\x00o_\xef\x0f\xce\x80\x0d\xeb\xfd\xe1\
\xf9\xd0\x01\xbd\x7f\xbc?:\x00\x0b\xa8\xfe!@\x10\xc8\
\xfb\xcf\xb0\xa0\x06P\x01@\x05\x00\x14\x00P\x01@\x05\
\x00\x14\x00P\x01@\x05\x00\x14\x00P\x01@\x05\x00\x14\
\x00P\x01@\x05\x00\x14\x00P\x01@\x05\x00\x14\x00P\
\x01@\x05\x00\x14\x00P\x01@\x05\x00\x14\x00P\x01@\
\x05\x00\x14\x00P\x01@\x05\x00\x14\x00P\x01@\x05\x00\
\x14\x00P\x01@\x05\x00\x14\x00P\x01@\x05\x00\x14\x00\
P\x01@\x05\x00\x14\x00P\x01@\x05\x00\x14\x00P\x01\
@\x05\x00\x14\x00P\x01@\x05\x00\x14\x00P\x01@\x05\
\x00\x14\x00P\x01@\x05\x00\x14\x00P\x01@\x05\x00\x14\
\x00P\x01@\x05\x00\x14\x00P\x01@\x05\x00\x14\x00P\
\x01@\x05\x00\x14\x00P\x01@\x05\x00\x14\x00P\x01@\
\x05\x00\x14\x00P\x01@\x05\x00\x14\x00P\x01@\x05\x00\
\x14\x00P\x01@\x1f\xff\xd9\
\x00\x01R\x81\
\x00\
\x00\x01\x00\x0a\x0000\x10\x00\x01\x00\x04\x00h\x06\x00\
\x00\xa6\x00\x00\x00  \x10\x00\x01\x00\x04\x00\xe8\x02\x00\
\x00\x0e\x07\x00\x00\x10\x10\x10\x00\x01\x00\x04\x00(\x01\x00\
\x00\xf6\x09\x00\x0000\x00\x00\x01\x00\x08\x00\xa8\x0e\x00\
\x00\x1e\x0b\x00\x00  \x00\x00\x01\x00\x08\x00\xa8\x08\x00\
\x00\xc6\x19\x00\x00\x10\x10\x00\x00\x01\x00\x08\x00h\x05\x00\
\x00n\x22\x00\x00\x00\x00\x00\x00\x01\x00 \x00\xf3\xef\x00\
\x00\xd6'\x00\x0000\x00\x00\x01\x00 \x00\xa8%\x00\
\x00\xc9\x17\x01\x00  \x00\x00\x01\x00 \x00\xa8\x10\x00\
\x00q=\x01\x00\x10\x10\x00\x00\x01\x00 \x00h\x04\x00\
\x00\x19N\x01\x00(\x00\x00\x000\x00\x00\x00`\x00\x00\
\x00\x01\x00\x04\x00\x00\x00\x00\x00\x80\x04\x00\x00\x00\x00\x00\
\x00\x00\x00\x00\x00\x00\x00\x00\x00\x00\x00\x00\x00\x00\x00\x00\
\x00\x00\x00\x80\x00\x00\x80\x00\x00\x00\x80\x80\x00\x80\x00\x00\
\x00\x80\x00\x80\x00\x80\x80\x00\x00\x80\x80\x80\x00\xc0\xc0\xc0\
\x00\x00\x00\xff\x00\x00\xff\x00\x00\x00\xff\xff\x00\xff\x00\x00\
\x00\xff\x00\xff\x00\xff\xff\x00\x00\xff\xff\xff\x00\x00\x00\x00\
\x00\x00\x00\x00\x00\x00\x0f\xff\xff\xff\x00\x00\x00\x00\x00\x00\
\x00\x00\x00\x00\x00\x00\x00\x00\x00\x00\x00\x00\x00\x0f\xff\xff\
\xff\xff\xff\x00\x00\x00\x00\x00\x00\x00\x00\x00\x00\x00\x00\x00\
\x00\x00\x00\x00\x0f\xff\xf8\xf8\xf8\xf8\x8f\x00\x00\x00\x00\x00\
\x00\x00\x00\x00\x00\x00\x00\x00\x00\x00\x00\x00\xff\xf8\xff\x8f\
\x8f\x8f\x88\x00\x00\x00\x00\x00\x00\x00\x00\x00\x00\x00\x00\x00\
\x00\x00\x00\x00\xf8\xff\x8f\xf8\xff\xf8\x8f\x00\x00\x00\x00\x00\
\x00\x00\x00\x00\x00\x00\x00\x00\x00\x00\x00\x00\x08\x8f\x8f\x8f\
\x8f\x8f\x88\x00\x00\x00\x00\x00\x00\x00\x00\x00\x00\x00\x00\x00\
\x00\x00\x00\x00\x08\x8f\x88\x8f\xf8\xff\x87\xff\x00\x00\x00\x00\
\x00\x00\x00\x00\x00\x00\x00\x00\x00\x00\x00\x00\x0f\x7f\x8fx\
\x8f\x88\x88\x8f\x00\x00\x00\x00\x00\x00\x00\x00\x00\x00\x00\x00\
\x00\x00\x00\x00\x0f\x88\xf8\x88w\x87\x88\x8f\x00\x00\x00\x00\
\x00\x00\x00\x00\x00\x00\x00\x00\x00\x00\x00\x00\xf8\x88\x8f\xf7\
\x88\xb8\x88\x80\x00\x00\x00\x00\x00\x00\x00\x00\x00\x00\x00\x00\
\x00\x00\x00\x00\xf79xx\xb7\x87\x88\xff\xff\x00\x00\x00\
\x00\x00\x00\x00\x00\x00\x00\x00\x00\x00\x00\x00\xf3\x9b\x97x\
\x8f\x88x\x88\x7f\x00\x00\x00\x00\x00\x00\x00\x00\x00\x00\x00\
\x00\x00\x0f\xf8\x87\xb7\xb98\x88\xf8y98\x00\x00\x00\
\x00\x00\x00\x00\x00\x00\x00\x00\x00\x0f\xf7s\x97\x99yw\
x\x879\xb7\x98\xff\x00\x00\x00\x00\x00\x00\x00\x00\x00\x00\
\x00\xf8y\xb9y{\x9bx\x88xw\x9byx\xf0\x00\
\x00\x00\x00\x00\x00\x00\x00\x00\x0f\x83\x9b\x98\x9b7x\x88\
\x8f\x88\x88u\x9b\x97\x80\x00\x00\x00\x00\x00\x00\x00\x00\x00\
\xf8y\x89\xb9\xb5\x88\xf8\xff\xf8\xff\xf8\x87\xb9\xb9\x80\x00\
\x00\x00\x00\x00\x00\x00\x00\x00\xf7\xb9\xb9wx\xf8\xff\x8f\
\x8f\xf8\xf8\xf8y\x8b\x7f\x00\x00\x00\x00\x00\x00\x00\x00\x00\
\x89\xb9\x89x\x8f\x8f\x8f\x8f\xf8\xf8\xff\x88\x87\x99x\x00\
\x00\x00\x00\x00\x00\xff\xff\xff\x83y7\x9f\x8f\xf8\xff\xf8\
\xf8\xff\x8f\xff\x87;\x98\xff\xff\x00\x00\x00\x00\xff\xff\xff\
{\x97\x9b\x7f\xf8\xff\x8f\x8f\x8f\x87\x88\xf8\xf8\x97\x97\xf8\
\x8f\x00\x00\x00\x00\x8f\x88\x8fy{\x97x\xf8\xf8\xf8\xff\
\xf8x\x88\xf8\xf87\xb7\xff\x8f\xf0\x00\x00\x00\xf8\xff\xff\
\x83\x9b\x93\x8f\xf8\xff\x88\x88\x88\x88\x98\xff\x8f9x\x8f\
\x8f\xff\xff\x8f\x00\xff\xf8\xf8\x8by\x89\x88\xff\x8f\x88\x8f\
\xf8\x88\x8f\x88\x8fy8\x8f\x8f\x88\xf8\xff\xf0\x00\x00\x0f\
y\xbb\x9b\x7f\x8f\xf8\xff\x87\xf8\x88\xf8\xf8\x889x\x8f\
\xff\xff\x8f\x8f\x8f\x00\x00\x00\x8b\x9by\x7f\x8f\x8f\x8f\x87\
\xff\xff\x88\x7f\x88\x9b\x97\xff\xff\xff\xff\x8f\xff\x00\x00\x00\
\xf7\xb9\xb98\xf8\xff\x8f\x88\xf8\xf8\xf8\x88\xf3\x978\x8f\
\xff\xff\xff\xff\x8f\x00\x00\x00\x08{\x9by\xff\x8f\xf8\x88\
\xf8\xf8\xf8\xf8\x83\xb9\x8f\x8f\xff\x8f\xff\x88\xff\x00\x00\x00\
\x0f{y\xb7x\xf8\xf8\x88\xf8\xff\x88\x889w\xf8\xf8\
\xff\xff\x88\xf8\xf0\x00\x00\x00\x00\x87\x9by8\x8f\x8f\xf8\
\xff\x8f\x88\xb7\x88\x8f\xff\xf8\xff\x88\x8f\xff\x00\x00\x00\x00\
\x00\xff\x88\xff\x897\x88\xff\x8f\x88\x87x\xf8\x8f\xff\xff\
\x8f\xff\xf0\x00\x00\x00\x00\x00\x00\x00\x00\x0f\x83ysw\
\x88\xb7\x93\x8f\x88\x87\xff\xff\xf8\xf0\x00\x00\x00\x00\x00\x00\
\x00\x00\x00\x00\x87\x9by3\x93\x978\xffxw\x8f\xff\
\x8f\xf0\x00\x00\x00\x00\x00\x00\x00\x00\x00\x00\xfb\x898\x98\
\x9b\x97\xff\xff\x87\x88\x8f\xff\x8f\xf0\x00\x00\x00\x00\x00\x00\
\x00\x00\x00\x00\x0f\x8b{\xb9\xb7\x88\xff\xff\x88\xff\x88\xff\
\xff\xff\x00\x00\x00\x00\x00\x00\x00\x00\x00\x00\x00\x0fys\
\x88\xff\xff\xffx\xf8\xf8\x8f\x88\xff\x00\x00\x00\x00\x00\x00\
\x00\x00\x00\x00\x00\x00\xff\x8f\xff\x0f\xff\xf8\x8f\xff\xff\x88\
\xff\xff\xf0\x00\x00\x00\x00\x00\x00\x00\x00\x00\x00\x00\x00\x00\
\x00\x0f\xff\x88\xff\xfb\xff\xf8\xff\xff\xf0\x00\x00\x00\x00\x00\
\x00\x00\x00\x00\x00\x00\x00\x00\x00\x0f\x88\xf8\xff\xff\xbf\xf7\
\xff\xff\xf0\x00\x00\x00\x00\x00\x00\x00\x00\x00\x00\x00\x00\x00\
\x00\x0f\xff\xf7\xf8\x88\x8f\x88\xf8\xff\xf0\x00\x00\x00\x00\x00\
\x00\x00\x00\x00\x00\x00\x00\x00\x00\x0f\xff\xf8\x8f\x8b\xff\x8f\
\x8b\xff\xf0\x00\x00\x00\x00\x00\x00\x00\x00\x00\x00\x00\x00\x00\
\x00\x0f\xff\x8f\x88\xff\x88\x8f\xff\xff\x00\x00\x00\x00\x00\x00\
\x00\x00\x00\x00\x00\x00\x00\x00\x00\x0f\xf8\x8f\xf8\x88\x88\xff\
\xff\xff\x00\x00\x00\x00\x00\x00\x00\x00\x00\x00\x00\x00\x00\x00\
\x00\x00\xf8\xff\xff\xff\xff\xbf\xff\xf0\x00\x00\x00\x00\x00\x00\
\x00\x00\x00\x00\x00\x00\x00\x00\x00\x00\x0f\xff\xfb\xff\xff\xff\
\xff\xf0\x00\x00\x00\x00\x00\x00\x00\x00\x00\x00\x00\x00\x00\x00\
\x00\x00\x00\xff\xf8\xff\xff\xff\xff\x00\x00\x00\x00\x00\x00\x00\
\x00\x00\x00\x00\x00\x00\x00\x00\x00\x00\x00\x0f\xff\xff\xff\xff\
\x00\x00\x00\x00\x00\x00\x00\x00\x00\x00\x00\x00\x00\x00\x00\x00\
\x00\x00\x00\x00\x00\xf8\xf0\x00\x00\x00\x00\x00\x00\xff\xff\xe0\
?\xff\xff\x00\x00\xff\xff\x80\x0f\xff\xff\x00\x00\xff\xfe\x00\
\x0f\xff\xff\x00\x00\xff\xfc\x00\x0f\xff\xff\x00\x00\xff\xfc\x00\
\x0f\xff\xff\x00\x00\xff\xfe\x00\x0f\xff\xff\x00\x00\xff\xfe\x00\
\x03\xff\xff\x00\x00\xff\xfe\x00\x03\xff\xff\x00\x00\xff\xfe\x00\
\x03\xff\xff\x00\x00\xff\xfc\x00\x07\xff\xff\x00\x00\xff\xfc\x00\
\x00\xff\xff\x00\x00\xff\xfc\x00\x00\xff\xff\x00\x00\xff\xe0\x00\
\x00\xff\xff\x00\x00\xff\x80\x00\x00?\xff\x00\x00\xff\x00\x00\
\x00\x1f\xff\x00\x00\xfe\x00\x00\x00\x1f\xff\x00\x00\xfc\x00\x00\
\x00\x1f\xff\x00\x00\xfc\x00\x00\x00\x0f\xff\x00\x00\xfc\x00\x00\
\x00\x0f\xff\x00\x00\x00\x00\x00\x00\x00\xff\x00\x00\x00\x00\x00\
\x00\x00\xff\x00\x00\x00\x00\x00\x00\x00\x7f\x00\x00\x00\x00\x00\
\x00\x00\x03\x00\x00\x00\x00\x00\x00\x00\x01\x00\x00\xf8\x00\x00\
\x00\x00\x00\x00\x00\xfc\x00\x00\x00\x00\x00\x00\x00\xfc\x00\x00\
\x00\x00\x00\x00\x00\xfe\x00\x00\x00\x00\x00\x00\x00\xfe\x00\x00\
\x00\x00\x01\x00\x00\xff\x00\x00\x00\x00\x03\x00\x00\xff\x00\x00\
\x00\x00\x1f\x00\x00\xff\xf8\x00\x00\x00\x7f\x00\x00\xff\xfc\x00\
\x00\x00\x7f\x00\x00\xff\xfc\x00\x00\x00\x7f\x00\x00\xff\xfe\x00\
\x00\x00?\x00\x00\xff\xff\x80\x00\x00?\x00\x00\xff\xff\xc0\
\x80\x00\x1f\x00\x00\xff\xff\xff\x80\x00\x1f\x00\x00\xff\xff\xff\
\x80\x00\x1f\x00\x00\xff\xff\xff\x80\x00\x1f\x00\x00\xff\xff\xff\
\x80\x00\x1f\x00\x00\xff\xff\xff\x80\x00?\x00\x00\xff\xff\xff\
\x80\x00?\x00\x00\xff\xff\xff\xc0\x00\x7f\x00\x00\xff\xff\xff\
\xe0\x00\x7f\x00\x00\xff\xff\xff\xf0\x00\xff\x00\x00\xff\xff\xff\
\xf8\x03\xff\x00\x00\xff\xff\xff\xff\x1f\xff\x00\x00(\x00\x00\
\x00 \x00\x00\x00@\x00\x00\x00\x01\x00\x04\x00\x00\x00\x00\
\x00\x00\x02\x00\x00\x00\x00\x00\x00\x00\x00\x00\x00\x00\x00\x00\
\x00\x00\x00\x00\x00\x00\x00\x00\x00\x00\x00\x80\x00\x00\x80\x00\
\x00\x00\x80\x80\x00\x80\x00\x00\x00\x80\x00\x80\x00\x80\x80\x00\
\x00\x80\x80\x80\x00\xc0\xc0\xc0\x00\x00\x00\xff\x00\x00\xff\x00\
\x00\x00\xff\xff\x00\xff\x00\x00\x00\xff\x00\xff\x00\xff\xff\x00\
\x00\xff\xff\xff\x00\x00\x00\x00\x00\x00\x00\xff\xff\xff\x00\x00\
\x00\x00\x00\x00\x00\x00\x00\x00\x00\x00\xff\xff\x8f\xf8\xf0\x00\
\x00\x00\x00\x00\x00\x00\x00\x00\x00\x00\xff\x8f\xf8\xf8\xf0\x00\
\x00\x00\x00\x00\x00\x00\x00\x00\x00\x00\x8f\x8f\x8f\xf8\x80\x00\
\x00\x00\x00\x00\x00\x00\x00\x00\x00\x00\x88\xf8\x8f\x88\x8f\x00\
\x00\x00\x00\x00\x00\x00\x00\x00\x00\x00\xf8\x88\x88\x88\x8f\x00\
\x00\x00\x00\x00\x00\x00\x00\x00\x00\x0f\x87\x8fwx\x8f\x00\
\x00\x00\x00\x00\x00\x00\x00\x00\x00\x0f9s\x8f\x87\x88\x8f\
\x00\x00\x00\x00\x00\x00\x00\x00\x0f\x88;\x97\x88\x87\x9b\x7f\
\x00\x00\x00\x00\x00\x00\x00\x00\x87\x93\x97\x97\x88\x83y7\
\xf0\x00\x00\x00\x00\x00\x00\x08\x9b\x98\x98\x88\x88\xf8\x87\x9b\
p\x00\x00\x00\x00\x00\x00\x87\xb9{\x8f\x8f\xf8\xff\x88y\
\x9f\x00\x00\x00\x00\x00\x00\x89\xb7\x9f\xf8\xf8\xff\x8f\x8f\x83\
\xb8\x0f\x00\x00\x00\xff\xff{Y\x8f\x8f\xff\x8f\x88\xf8\x87\
\x97\xf8\xf0\x00\x00\xf8\xffy\xb9\x8f\xf8\x88\xf8\x8b\x8f\xf7\
\x98\xf8\xff\xf0\xf0\xff\x8f{\x97\x8f\x8f\x88\xf8\x87\xf8\x88\
8\x8f\x8f\x8f\xf0\x00\x0f{\x9b\x88\xff\xf8\x88\xf8\x88\x89\
\xb5\xff\xff\xf8\xf8\x00\x00\x89\xb9\x7f\x8f\x88\x8f\x8f\x88\xf3\
\x98\x8f\xff\xff\xff\x00\x00\x08\xb9\xb8\x8f\xf8\x8f\xf8\xf8y\
\x7f\x8f\xff\x88\xf8\x00\x00\x08{Y\x8f\x8f\xf8\xf8\x88x\
\xff\xf8\xf8\xff\x80\x00\x00\x00\xf8\xf87\x88\x8f\x888\x88\
\x8f\xff\x8f\x00\x00\x00\x00\x00\x00\x0f9399\x8f\x88\
\x7f\xf8\xf0\x00\x00\x00\x00\x00\x00\x00\x8b\x98\x9b\x7f\xff\x7f\
\x8f\xff\xff\x00\x00\x00\x00\x00\x00\x00\x0f{x\xff\xff\x88\
\xf8\x88\xff\x00\x00\x00\x00\x00\x00\x00\x00\xf8\xf0\x0f\xf8\x8f\
\x8f\x8f\xff\xf0\x00\x00\x00\x00\x00\x00\x00\x00\x00\x08\xf8\xff\
\xbf\x8f\xff\x80\x00\x00\x00\x00\x00\x00\x00\x00\x00\x0f\xf8\xf8\
\xf8\x88\x8f\xf0\x00\x00\x00\x00\x00\x00\x00\x00\x00\x0f\xf8\x8f\
\x8f\x8f\xff\x00\x00\x00\x00\x00\x00\x00\x00\x00\x00\x0f\x8f\xf8\
\x88\xff\xff\x00\x00\x00\x00\x00\x00\x00\x00\x00\x00\x00\xff\xf8\
\xff\x8f\xf0\x00\x00\x00\x00\x00\x00\x00\x00\x00\x00\x00\x0f\xf8\
\xff\xff\x00\x00\x00\x00\x00\x00\x00\x00\x00\x00\x00\x00\x00\x0f\
\xff\x00\x00\x00\x00\xff\xf0?\xff\xff\xc0\x1f\xff\xff\xc0\x1f\
\xff\xff\xc0\x1f\xff\xff\xc0\x0f\xff\xff\xc0\x0f\xff\xff\x80\x0f\
\xff\xff\x80\x03\xff\xfe\x00\x03\xff\xfc\x00\x01\xff\xf8\x00\x01\
\xff\xf0\x00\x00\xff\xf0\x00\x00\xbf\x00\x00\x00\x1f\x00\x00\x00\
\x05\x00\x00\x00\x01\xe0\x00\x00\x00\xf0\x00\x00\x00\xf8\x00\x00\
\x00\xf8\x00\x00\x01\xfc\x00\x00\x0f\xff\x80\x00\x1f\xff\xc0\x00\
\x0f\xff\xe0\x00\x0f\xff\xf1\x80\x07\xff\xff\x80\x07\xff\xff\x80\
\x07\xff\xff\x80\x0f\xff\xff\x80\x0f\xff\xff\xc0\x1f\xff\xff\xe0\
?\xff\xff\xf8\xff(\x00\x00\x00\x10\x00\x00\x00 \x00\x00\
\x00\x01\x00\x04\x00\x00\x00\x00\x00\x80\x00\x00\x00\x00\x00\x00\
\x00\x00\x00\x00\x00\x00\x00\x00\x00\x00\x00\x00\x00\x00\x00\x00\
\x00\x00\x00\x80\x00\x00\x80\x00\x00\x00\x80\x80\x00\x80\x00\x00\
\x00\x80\x00\x80\x00\x80\x80\x00\x00\x80\x80\x80\x00\xc0\xc0\xc0\
\x00\x00\x00\xff\x00\x00\xff\x00\x00\x00\xff\xff\x00\xff\x00\x00\
\x00\xff\x00\xff\x00\xff\xff\x00\x00\xff\xff\xff\x00\x00\x00\x00\
\xff\xf0\x00\x00\x00\x00\x00\x0f\x8f\x80\x00\x00\x00\x00\x00\x08\
\xf8\x8f\x00\x00\x00\x00\x00\x07\x88\x88\x00\x00\x00\x00\x08\x89\
8y\x80\x00\x00\x00\x89\xb8\x88\xf8\x98\x00\x00\xff{\x88\
\xff\x8f\x8b\xf0\x00\xff9\xf8\x8fx\x89\xff\xf0\x00\x89\x8f\
\xf8\xf8\x83\xff\x8f\x00\xfbx\x8f\x88\xb8\xff\xff\x00\x00\xf9\
\x87\x88\x88\xf8\x00\x00\x00\x08\xb9\x8f\x88\xff\x00\x00\x00\x00\
\x00\xf8\xff\x8f\x00\x00\x00\x00\x00\xff\x88\xff\x00\x00\x00\x00\
\x00\x0f\xff\x8f\x00\x00\x00\x00\x00\x00\xff\xf0\x00\xfc\x7f\x00\
\x00\xf8\x7f\x00\x00\xf8?\x00\x00\xf8?\x00\x00\xe0\x1f\x00\
\x00\xc0\x0f\x00\x00\x00\x07\x00\x00\x00\x01\x00\x00\xc0\x00\x00\
\x00\xc0\x00\x00\x00\xf0\x03\x00\x00\xf8\x03\x00\x00\xff\x03\x00\
\x00\xff\x03\x00\x00\xff\x83\x00\x00\xff\xc7\x00\x00(\x00\x00\
\x000\x00\x00\x00`\x00\x00\x00\x01\x00\x08\x00\x00\x00\x00\
\x00\x00\x09\x00\x00\x00\x00\x00\x00\x00\x00\x00\x00\x00\x01\x00\
\x00\x00\x01\x00\x00\x00\x00\x00\x007V\x9e\x008V\x9c\
\x00<[\x9c\x008e\x9b\x005W\xa7\x005Z\xa3\
\x00;[\xa5\x004W\xa8\x004X\xa8\x009]\xa8\
\x00/V\xb3\x00-[\xb7\x00,W\xbd\x006[\xb2\
\x00<c\xab\x00'`\xbe\x004a\xb5\x00;i\xb5\
\x007b\xb9\x006m\xba\x00B\x5c\x8e\x00A\x5c\x9b\
\x00Sc\x8e\x00L`\x93\x00Hj\x99\x00nt\x8a\
\x00v{\x8d\x00an\x95\x00fs\x97\x00jv\x9a\
\x00rz\x93\x00x~\x94\x00A^\xa3\x00Da\xa4\
\x00Hd\xa7\x00Nh\xa7\x00Dd\xaa\x00Fl\xa9\
\x00Rn\xa2\x00Ql\xa9\x00E\x7f\xac\x00[q\xa4\
\x00Uq\xaf\x00]|\xaf\x00Be\xb1\x00Gm\xb4\
\x00Ck\xba\x00In\xba\x00Hw\xb5\x00Cq\xba\
\x00fy\xa6\x00i{\xa2\x00au\xa9\x00dx\xa8\
\x00g\x7f\xb3\x00\x1e^\xd8\x00(V\xc1\x00&[\xc7\
\x00)[\xc4\x00$V\xcb\x00%X\xcb\x00!V\xd3\
\x00&\x5c\xd6\x00\x1be\xd6\x00\x1ah\xd7\x00\x1ca\xd9\
\x00\x22d\xc5\x00.i\xc4\x00*a\xcf\x005e\xc1\
\x002k\xc4\x00=j\xc2\x002d\xca\x002k\xc8\
\x009j\xce\x005w\xc3\x009p\xc1\x00<z\xc7\
\x001q\xcc\x00+b\xd4\x00$a\xdf\x00(b\xdc\
\x00&i\xdc\x001i\xd3\x00/u\xd5\x00$u\xdb\
\x00(|\xde\x00\x22d\xe5\x00#h\xe6\x00.l\xe6\
\x00(g\xe9\x00%i\xed\x00,n\xec\x001k\xe1\
\x00,q\xe4\x00*s\xea\x00$\x7f\xec\x00'l\xf0\
\x00)n\xf4\x00%r\xf5\x00*q\xf5\x00'v\xfb\
\x00)r\xfb\x00${\xfa\x00{\x81\x97\x00v\x80\x9c\
\x00z\x81\x99\x00H\x81\xad\x00U\x85\xab\x00l\x81\xaf\
\x00t\x81\xa4\x00s\x82\xaa\x00y\x89\xa9\x00z\x91\xaa\
\x00h\x80\xb0\x00t\x86\xb0\x00w\x89\xb2\x00w\x94\xb6\
\x00}\xa1\xbb\x00\x1e\x8b\xdf\x00,\x80\xd6\x00$\x84\xdb\
\x002\x98\xdc\x00\x18\x95\xe5\x00\x16\x9d\xe9\x00\x1c\x8b\xfc\
\x00\x14\x9c\xf2\x00\x17\x94\xfc\x00\x19\x91\xfc\x00\x13\x9b\xfb\
\x00#\x83\xe0\x00!\x84\xf0\x00 \x83\xfb\x00%\x98\xf2\
\x00\x22\x9a\xfa\x00\x22\xaf\xf9\x00N\xb8\xde\x00#\xc1\xf2\
\x00`\xc9\xe6\x00x\xe2\xfd\x00\x82\x87\x9d\x00\x82\x88\x9c\
\x00\x84\x8a\xa0\x00\x88\x8d\xa1\x00\x85\x8f\xa8\x00\x8a\x91\xa6\
\x00\x87\x91\xa8\x00\x8d\x93\xaa\x00\x91\x96\xaa\x00\x94\x99\xab\
\x00\x9a\x9e\xab\x00\x81\x8e\xb1\x00\x8c\x8e\xbc\x00\x8e\x9b\xb1\
\x00\x8f\x9a\xb8\x00\x94\x9c\xb2\x00\x98\x9e\xb5\x00\x92\x95\xbd\
\x00\x94\x9e\xb9\x00\x9e\xa1\xac\x00\x9c\xa0\xb3\x00\x9b\xa3\xba\
\x00\x9b\xa8\xb8\x00\xa2\xa4\xaf\x00\xa2\xa5\xb2\x00\xa7\xa9\xb3\
\x00\xa9\xab\xb6\x00\xa0\xa6\xb8\x00\xa4\xaa\xbc\x00\xac\xae\xb8\
\x00\xad\xb0\xbd\x00\xb1\xb3\xbc\x00\x91\x93\xc1\x00\x98\x9a\xc7\
\x00\x9d\xa6\xc0\x00\xa4\xab\xc2\x00\xa8\xae\xc2\x00\xab\xb1\xc5\
\x00\xab\xb2\xc8\x00\xb4\xb7\xc3\x00\xb6\xb8\xc1\x00\xba\xbc\xc3\
\x00\xb0\xb7\xcb\x00\xb2\xb9\xcd\x00\xbb\xbd\xc8\x00\xa5\xa6\xdc\
\x00\xb5\xbc\xd1\x00\xb8\xbe\xd0\x00\xbe\xc1\xcb\x00\xbe\xc2\xd2\
\x00\xbe\xc4\xd9\x00\xbf\xc0\xf6\x00\x87\xe4\xfd\x00\x98\xe8\xfd\
\x00\xaa\xeb\xfd\x00\xba\xee\xfc\x00\xc1\xc3\xcc\x00\xc7\xc8\xcf\
\x00\xc8\xc9\xcf\x00\xc0\xc4\xd0\x00\xc6\xc8\xd1\x00\xca\xcc\xd2\
\x00\xc0\xc6\xda\x00\xc3\xca\xdd\x00\xcf\xd0\xd6\x00\xd0\xd1\xd6\
\x00\xd3\xd4\xd9\x00\xd9\xd9\xdd\x00\xc0\xc4\xe6\x00\xc6\xcd\xe1\
\x00\xc8\xce\xe0\x00\xcb\xd1\xe3\x00\xcd\xd4\xe8\x00\xd1\xd6\xe5\
\x00\xd4\xd8\xe6\x00\xdc\xdd\xe1\x00\xd0\xd6\xe9\x00\xd4\xda\xea\
\x00\xd9\xdd\xe9\x00\xc5\xc6\xfd\x00\xc7\xc9\xfd\x00\xc9\xcb\xfd\
\x00\xce\xd2\xfe\x00\xd6\xdc\xf1\x00\xd8\xde\xf2\x00\xd0\xd3\xfd\
\x00\xd4\xd8\xfe\x00\xd9\xde\xfe\x00\xde\xe0\xe4\x00\xd5\xe5\xec\
\x00\xde\xe1\xec\x00\xcf\xeb\xf4\x00\xdb\xe2\xf4\x00\xde\xe5\xfc\
\x00\xc9\xf1\xfc\x00\xd8\xf3\xfb\x00\xe2\xe2\xe5\x00\xe3\xe5\xec\
\x00\xeb\xeb\xec\x00\xe5\xe7\xf0\x00\xe6\xe8\xf0\x00\xeb\xed\xf2\
\x00\xe0\xe6\xfa\x00\xe3\xea\xfd\x00\xe9\xee\xfd\x00\xef\xf0\xf4\
\x00\xe3\xf6\xfb\x00\xea\xf4\xfc\x00\xec\xf8\xfc\x00\xf3\xf3\xf5\
\x00\xf8\xf7\xf7\x00\xf5\xf5\xf9\x00\xf8\xf7\xf8\x00\xf4\xfa\xfd\
\x00\xff\xff\xff\x00\x00\x00\x00\x00\x00\x00\x00\x00\x00\x00\x00\
\x00\x00\x00\x00\x00\x00\x00\x00\xfd\xfd\xfd\xfd\xfd\xfd\xfd\x00\
\x00\x00\x00\x00\x00\x00\x00\x00\x00\x00\x00\x00\x00\x00\x00\x00\
\x00\x00\x00\x00\x00\x00\x00\x00\x00\x00\x00\x00\x00\x00\x00\x00\
\x00\x00\x00\x00\x00\x00\xfd\xfd\xfe\xfe\xf5\xf8\xf8\xf8\xfe\xfd\
\xfd\x00\x00\x00\x00\x00\x00\x00\x00\x00\x00\x00\x00\x00\x00\x00\
\x00\x00\x00\x00\x00\x00\x00\x00\x00\x00\x00\x00\x00\x00\x00\x00\
\x00\x00\x00\x00\xfd\xfd\xfe\xf5\xf4\xf4\xf4\xf5\xf4\xf4\xf4\xdb\
\xfa\x00\x00\x00\x00\x00\x00\x00\x00\x00\x00\x00\x00\x00\x00\x00\
\x00\x00\x00\x00\x00\x00\x00\x00\x00\x00\x00\x00\x00\x00\x00\x00\
\x00\x00\x00\xfa\xfd\xf8\xf5\xf4\xf4\xf4\xf4\xf4\xf4\xf5\xf4\xb8\
\xd0\x00\x00\x00\x00\x00\x00\x00\x00\x00\x00\x00\x00\x00\x00\x00\
\x00\x00\x00\x00\x00\x00\x00\x00\x00\x00\x00\x00\x00\x00\x00\x00\
\x00\x00\x00\xfa\xc9\xf4\xf4\xf4\xf5\xf4\xf4\xf5\xf4\xf4\xf4\xbc\
\xcf\x00\x00\x00\x00\x00\x00\x00\x00\x00\x00\x00\x00\x00\x00\x00\
\x00\x00\x00\x00\x00\x00\x00\x00\x00\x00\x00\x00\x00\x00\x00\x00\
\x00\x00\x00\x00\xab\xdb\xf4\xf4\xf4\xf4\xf4\xf4\xf4\xf4\xf4\xbc\
\xcd\x00\x00\x00\x00\x00\x00\x00\x00\x00\x00\x00\x00\x00\x00\x00\
\x00\x00\x00\x00\x00\x00\x00\x00\x00\x00\x00\x00\x00\x00\x00\x00\
\x00\x00\x00\x00\xd0\xb8\xf4\xe9\xa1\xcb\xf4\xf4\xf4\xf4\xf4\xb3\
\x97\xd8\xfd\x00\x00\x00\x00\x00\x00\x00\x00\x00\x00\x00\x00\x00\
\x00\x00\x00\x00\x00\x00\x00\x00\x00\x00\x00\x00\x00\x00\x00\x00\
\x00\x00\x00\x00\xfb\xa1\xf4\xf4\xe1\x9c\xa9\xf4\xf4\xf4\xe1\x95\
\xcc\xa4\xfd\x00\x00\x00\x00\x00\x00\x00\x00\x00\x00\x00\x00\x00\
\x00\x00\x00\x00\x00\x00\x00\x00\x00\x00\x00\x00\x00\x00\x00\x00\
\x00\x00\x00\x00\xfd\xac\xd4\xf4\xf4\xe0\x9c\x8d\x92\x92\x8d\xcc\
\xdb\xab\xfd\x00\x00\x00\x00\x00\x00\x00\x00\x00\x00\x00\x00\x00\
\x00\x00\x00\x00\x00\x00\x00\x00\x00\x00\x00\x00\x00\x00\x00\x00\
\x00\x00\x00\xfa\xd8\xce\x95\xe9\xf4\xf4\xa1\x9d\xb0\xa1\xb0\xd2\
\xa1\xee\x00\x00\x00\x00\x00\x00\x00\x00\x00\x00\x00\x00\x00\x00\
\x00\x00\x00\x00\x00\x00\x00\x00\x00\x00\x00\x00\x00\x00\x00\x00\
\x00\x00\x00\xed\x19\x14\x03j\xa2\xa9\xd2\x95\xa9\xb7\x8d\x9d\
\xb5\xfd\xfd\xfd\xfd\x00\x00\x00\x00\x00\x00\x00\x00\x00\x00\x00\
\x00\x00\x00\x00\x00\x00\x00\x00\x00\x00\x00\x00\x00\x00\x00\x00\
\x00\x00\x00\xfa1\x85\x85S\x22\x1f\x95\xe9\xf4\xf4\xbb \
\xcf\xbd\xa9\x94\xed\x00\x00\x00\x00\x00\x00\x00\x00\x00\x00\x00\
\x00\x00\x00\x00\x00\x00\x00\x00\x00\x00\x00\x00\x00\x00\x00\x00\
\xfa\xfa\xcf\xb9'\x85hf[\x16\x9d\xb0\xf4\xf4\xb8k\
\x22ESD\xca\x00\x00\x00\x00\x00\x00\x00\x00\x00\x00\x00\
\x00\x00\x00\x00\x00\x00\x00\x00\x00\x00\x00\x00\x00\x00\xfb\xef\
\xa9'\x11;\x01`fec\x05i\x1a\xb8\xcb\x8d\x17\
cfh\x12\x97\xd8\xfd\x00\x00\x00\x00\x00\x00\x00\x00\x00\
\x00\x00\x00\x00\x00\x00\x00\x00\x00\x00\x00\x00\x00\xfd\xce*\
EYYY;\x11e?;\x1c\xb8\xbf\xb0\xa1\xb1k\
-R]\x0f`.\xbd\xfe\x00\x00\x00\x00\x00\x00\x00\x00\
\x00\x00\x00\x00\x00\x00\x00\x00\x00\x00\x00\x00\xfd\xbd/c\
ffggc\x03#4\xb2\xe0\xf4\xf4\xf4\xf4\xe0\xd1\
\xb0\x1d\x16Zff0\xd8\x00\x00\x00\x00\x00\x00\x00\x00\
\x00\x00\x00\x00\x00\x00\x00\x00\x00\x00\x00\xfd\xc9Hgf\
ffgcH\x9c\xe0\xe9\xf4\xf4\xf4\xf4\xf4\xf4\xf4\xf4\
\xd5\xbbp^fg]\xa2\x00\x00\x00\x00\x00\x00\x00\x00\
\x00\x00\x00\x00\x00\x00\x00\x00\x00\x00\x00\xfa,hff\
gK\x22u\xbf\xf4\xf4\xf4\xf4\xf4\xf4\xf4\xf4\xf4\xf4\xf4\
\xf4\xe0\xbb3cgg7\xf6\x00\x00\x00\x00\x00\x00\x00\
\x00\x00\x00\x00\x00\x00\x00\x00\x00\x00\x00\xcaUhfg\
T\x01\x94\xf4\xf4\xf4\xf4\xf4\xf4\xf4\xf4\xf4\xf4\xf4\xf4\xf4\
\xf4\xf4\xe0\xb0#ggK\xca\x00\x00\x00\x00\x00\x00\x00\
\x00\x00\x00\x00\x00\xfd\xfd\xfb\xfa\xef\xfb\xa9ah]F\
\x05\x22\xd5\xf4\xf4\xf4\xf4\xf4\xf4\xf4\xf4\xf4\xf4\xf4\xf4\xf4\
\xf4\xf4\xf4\xd5k\x16Zgp\xfd\xfe\xdb\xfb\x00\x00\x00\
\x00\x00\x00\x00\x00\xfd\xfd\xfd\xfd\xfd\xfd\xa3\x84G\x099\
>p\xf4\xf4\xf4\xf4\xf4\xf4\xf4\xf4\xf4\xf4\xf4\xb2\x9c\xbb\
\xf4\xf4\xf4\xf3\xb0\x05\x13g0\xf6\xfa\xcc\xfe\x00\x00\x00\
\x00\x00\x00\x00\x00\xdb\xdb\xe7\xe7\xe7\xdb\x9c\x83\x05YY\
<\x9e\xf4\xf4\xf4\xf4\xf4\xf4\xe4\xf4\xf4\xf4\xbc\xae\xc0\x9e\
\xd2\xf4\xf4\xf4\xd2\x22\x05g7\xfb\xfb\xdb\xdb\xfd\x00\x00\
\x00\x00\x00\x00\x00\xe7\xee\xf0\xf2\xf6\xfe\xab\x04Vhc\
<\xa9\xf4\xf4\xf5\xf4\xf4\xdc\xdc\xdc\xf3\xf4\xb0\x99\xba\xad\
\xbb\xf4\xf4\xf4\xe1#\x05J\xb5\xf0\xf6\xe7\xee\xfa\xfd\xfd\
\xfd\xdb\xdb\x00\x00\xfe\xfa\xf2\xf2\xee\xee\x9cx\x81\x85c\
<\xaf\xf4\xf4\xf4\xf4\xf4\xe3\xdc\xde\xf4\xf4\xe9\xb8\xa1\xa2\
\xe9\xf4\xe3\xde\xe0%:\x15\xca\xd2\xdb\xdb\xfe\xd7\xd7\xf0\
\xdb\xee\xf2\xfd\x00\x00\x00\x00\x00\x00\xfa\x9a\x7f\x81~h\
Q\x98\xf4\xf5\xf4\xf4\xf4\xf5\xf4\xbf\x96\xf4\xf4\xf4\xf4\xf4\
\xf4\xe1\xdc\xdc\xd1\x0eQ\x10\x94\xd7\xf6\xfa\xfd\xf1\xf2\xdb\
\xfd\xe7\xf8\xf2\xee\x00\x00\x00\x00\x00\x00\xa3}\x82\x81\x85\
f'\xe9\xf4\xf4\xf4\xf4\xf4\xf4\xb1\x95\xf4\xf4\xf4\xf4\xf4\
\xa1\x95\xf4\xf4\xb0:BB3\xf2\xfd\xfd\xfd\xfd\xfd\xfd\
\xfd\xe7\xee\xf2\xfe\x00\x00\x00\x00\x00\x00\xedm|\x81~\
hI\xb7\xf4\xf4\xf4\xf4\xf4\xf4\xe1\xd5\xf5\xf4\xf4\xf5\xf4\
\xa9\xbc\xf4\xe1*Q@&\xc5\xd7\xf0\xfd\xfd\xfd\xfd\xfd\
\xfd\xfe\xf2\xf6\xf1\x00\x00\x00\x00\x00\x00\x00\xef)\x82~\
\x85f+\xd5\xf5\xf4\xf4\xf4\xd2\x95\xe1\xf4\xf5\xf4\xf4\xf4\
\xf4\xf4\xf4\xb098C\xab\xf6\xdb\xfa\xfd\xfd\xfd\xfd\xfd\
\xfe\xd4\xee\xf0\xf2\x00\x00\x00\x00\x00\x00\x00\xfbr\x7f\x81\
\x85g]u\xe1\xf5\xf4\xf4\xf5\xd5\xe9\xf4\xf4\xf4\xf4\xd5\
\xa9\xd7\xbb\x07:\x10q\xef\xd4\xdb\xd7\xfd\xfd\xfe\xfa\xd7\
\xdb\xd7\xe0\xfa\x00\x00\x00\x00\x00\x00\x00\x00\x00\xd0)z\
W2H\x22j\xd5\xf4\xf4\xf4\xf5\xf4\xf4\xf4\xf4\xf5\xd5\
\xcb\xb1\x1b\xa4\xa9\xc7\xfb\xfd\xfd\xfd\xf0\xfe\xfd\xd8\xe0\xd7\
\xfd\xfb\xef\x00\x00\x00\x00\x00\x00\x00\x00\x00\x00\xfd\xef\xc5\
\xc5\xee\xd0\xa9I+k\xd5\xe1\xf4\xf4\xf4\xf4\xf4\xf4\xcb\
q\x18\xe5\xfd\xd8\xbd\xd0\xfd\xfd\xfd\xf6\xf0\xf6\xf0\xfb\xf6\
\x00\x00\x00\x00\x00\x00\x00\x00\x00\x00\x00\x00\x00\x00\x00\x00\
\x00\x00\xfd\xbdT\x07I\x18\x1e \x92\xb1\xb3\x9e5\x0e\
\x0d\x9a\xfd\xb5\x96\xb0\x92\xfa\xfd\xfd\xfd\xee\xe7\xfe\x00\x00\
\x00\x00\x00\x00\x00\x00\x00\x00\x00\x00\x00\x00\x00\x00\x00\x00\
\x00\x00\x00\xd0%Fc\x22E\x02\x02\x0b=E<\x22\
\xa1\xfa\xfd\x97\xb0\x95\x8f\xed\xfd\xfd\xfd\xdb\xe7\xfd\x00\x00\
\x00\x00\x00\x00\x00\x00\x00\x00\x00\x00\x00\x00\x00\x00\x00\x00\
\x00\x00\x00\xfa\x8b{TI^JTTf[#\xe5\
\xfd\xfd\xfd\xb9\xa4\xee\xd0\xca\xfd\xfd\xfd\xe0\xf2\xfd\x00\x00\
\x00\x00\x00\x00\x00\x00\x00\x00\x00\x00\x00\x00\x00\x00\x00\x00\
\x00\x00\x00\x00\xf7\xe6\x89\x86\x87\x88\x85\x8aN5\xcf\xfd\
\xfd\xfd\xfd\xed\xac\xfd\xf6\xbd\xd0\xfd\xfd\xfa\xfd\xfd\xfd\x00\
\x00\x00\x00\x00\x00\x00\x00\x00\x00\x00\x00\x00\x00\x00\x00\x00\
\x00\x00\x00\x00\x00\x00\xecvLyHw\xed\xfb\xfd\xfd\
\xfd\xfd\xfd\xa0\xca\xc4\xec\xfa\xc7\xbd\xf7\xc2\xeb\xfd\xfd\x00\
\x00\x00\x00\x00\x00\x00\x00\x00\x00\x00\x00\x00\x00\x00\x00\x00\
\x00\x00\x00\x00\x00\x00\x00\xfd\xd8\xc7\xed\xfd\xfa\x00\xfd\xfd\
\xfd\xfd\xb5\xcf\xfd\xf9\xeb\xfd\xfd\xd0\xe6\xf7\xfd\xfd\xfd\xfd\
\x00\x00\x00\x00\x00\x00\x00\x00\x00\x00\x00\x00\x00\x00\x00\x00\
\x00\x00\x00\x00\x00\x00\x00\x00\x00\x00\x00\x00\x00\x00\xfd\xfd\
\xfd\xfd\xa6\xfd\xfd\xf7\x8c\xeb\xfd\xfb\xab\xfd\xfd\xfd\xfd\xfd\
\x00\x00\x00\x00\x00\x00\x00\x00\x00\x00\x00\x00\x00\x00\x00\x00\
\x00\x00\x00\x00\x00\x00\x00\x00\x00\x00\x00\x00\x00\x00\xf9\xc2\
\xc4\xf6\xaa\xfd\xfd\xfd\xf7\xc1\xf9\xfd\xab\xfd\xfd\xfd\xfd\xfd\
\x00\x00\x00\x00\x00\x00\x00\x00\x00\x00\x00\x00\x00\x00\x00\x00\
\x00\x00\x00\x00\x00\x00\x00\x00\x00\x00\x00\x00\x00\x00\xfd\xfd\
\xfe\xfb\xa6\xfd\xf9\xc1\xf7\x8c\xf9\xef\xc6\xeb\xeb\xfd\xfd\xfd\
\x00\x00\x00\x00\x00\x00\x00\x00\x00\x00\x00\x00\x00\x00\x00\x00\
\x00\x00\x00\x00\x00\x00\x00\x00\x00\x00\x00\x00\x00\x00\xfd\xfd\
\xfd\xfd\xb9\xce\xfd\xeb\xc2\xeb\xfd\xaa\xef\xeb\xc3\xfe\xfd\xfd\
\x00\x00\x00\x00\x00\x00\x00\x00\x00\x00\x00\x00\x00\x00\x00\x00\
\x00\x00\x00\x00\x00\x00\x00\x00\x00\x00\x00\x00\x00\x00\xfd\xfd\
\xfd\xf9\xfb\xab\xb9\xee\xef\xd0\xaa\xcf\xfe\xfd\xfd\xfd\xfd\x00\
\x00\x00\x00\x00\x00\x00\x00\x00\x00\x00\x00\x00\x00\x00\x00\x00\
\x00\x00\x00\x00\x00\x00\x00\x00\x00\x00\x00\x00\x00\x00\xfd\xfd\
\xc3\xc3\xfe\xfd\xd8\xb6\xb6\xc5\xe8\xeb\xfd\xfd\xfd\xfd\xfd\x00\
\x00\x00\x00\x00\x00\x00\x00\x00\x00\x00\x00\x00\x00\x00\x00\x00\
\x00\x00\x00\x00\x00\x00\x00\x00\x00\x00\x00\x00\x00\x00\x00\xfd\
\xeb\xfe\xfd\xfd\xf9\xfe\xfb\xfd\xf7\xc1\xfe\xfd\xfd\xfd\x00\x00\
\x00\x00\x00\x00\x00\x00\x00\x00\x00\x00\x00\x00\x00\x00\x00\x00\
\x00\x00\x00\x00\x00\x00\x00\x00\x00\x00\x00\x00\x00\x00\x00\x00\
\xfd\xfd\xfd\xfd\xc1\xfe\xfd\xfd\xfd\xf7\xf9\xfd\xfd\xfd\x00\x00\
\x00\x00\x00\x00\x00\x00\x00\x00\x00\x00\x00\x00\x00\x00\x00\x00\
\x00\x00\x00\x00\x00\x00\x00\x00\x00\x00\x00\x00\x00\x00\x00\x00\
\x00\xfd\xfd\xfd\xc1\xfd\xfd\xfd\xfd\xfd\xfd\xfd\xfd\x00\x00\x00\
\x00\x00\x00\x00\x00\x00\x00\x00\x00\x00\x00\x00\x00\x00\x00\x00\
\x00\x00\x00\x00\x00\x00\x00\x00\x00\x00\x00\x00\x00\x00\x00\x00\
\x00\x00\xfd\xfd\xf9\xfd\xfd\xfd\xfd\xfd\xfd\x00\x00\x00\x00\x00\
\x00\x00\x00\x00\x00\x00\x00\x00\x00\x00\x00\x00\x00\x00\x00\x00\
\x00\x00\x00\x00\x00\x00\x00\x00\x00\x00\x00\x00\x00\x00\x00\x00\
\x00\x00\x00\x00\x00\xfd\xef\xf6\x00\x00\x00\x00\x00\x00\x00\x00\
\x00\x00\x00\x00\x00\xff\xff\xe0?\xff\xff\x00\x00\xff\xff\x80\
\x0f\xff\xff\x00\x00\xff\xfe\x00\x0f\xff\xff\x00\x00\xff\xfc\x00\
\x0f\xff\xff\x00\x00\xff\xfc\x00\x0f\xff\xff\x00\x00\xff\xfe\x00\
\x0f\xff\xff\x00\x00\xff\xfe\x00\x03\xff\xff\x00\x00\xff\xfe\x00\
\x03\xff\xff\x00\x00\xff\xfe\x00\x03\xff\xff\x00\x00\xff\xfc\x00\
\x07\xff\xff\x00\x00\xff\xfc\x00\x00\xff\xff\x00\x00\xff\xfc\x00\
\x00\xff\xff\x00\x00\xff\xe0\x00\x00\xff\xff\x00\x00\xff\x80\x00\
\x00?\xff\x00\x00\xff\x00\x00\x00\x1f\xff\x00\x00\xfe\x00\x00\
\x00\x1f\xff\x00\x00\xfc\x00\x00\x00\x1f\xff\x00\x00\xfc\x00\x00\
\x00\x0f\xff\x00\x00\xfc\x00\x00\x00\x0f\xff\x00\x00\x00\x00\x00\
\x00\x00\xff\x00\x00\x00\x00\x00\x00\x00\xff\x00\x00\x00\x00\x00\
\x00\x00\x7f\x00\x00\x00\x00\x00\x00\x00\x03\x00\x00\x00\x00\x00\
\x00\x00\x01\x00\x00\xf8\x00\x00\x00\x00\x00\x00\x00\xfc\x00\x00\
\x00\x00\x00\x00\x00\xfc\x00\x00\x00\x00\x00\x00\x00\xfe\x00\x00\
\x00\x00\x00\x00\x00\xfe\x00\x00\x00\x00\x01\x00\x00\xff\x00\x00\
\x00\x00\x03\x00\x00\xff\x00\x00\x00\x00\x1f\x00\x00\xff\xf8\x00\
\x00\x00\x7f\x00\x00\xff\xfc\x00\x00\x00\x7f\x00\x00\xff\xfc\x00\
\x00\x00\x7f\x00\x00\xff\xfe\x00\x00\x00?\x00\x00\xff\xff\x80\
\x00\x00?\x00\x00\xff\xff\xc0\x80\x00\x1f\x00\x00\xff\xff\xff\
\x80\x00\x1f\x00\x00\xff\xff\xff\x80\x00\x1f\x00\x00\xff\xff\xff\
\x80\x00\x1f\x00\x00\xff\xff\xff\x80\x00\x1f\x00\x00\xff\xff\xff\
\x80\x00?\x00\x00\xff\xff\xff\x80\x00?\x00\x00\xff\xff\xff\
\xc0\x00\x7f\x00\x00\xff\xff\xff\xe0\x00\x7f\x00\x00\xff\xff\xff\
\xf0\x00\xff\x00\x00\xff\xff\xff\xf8\x03\xff\x00\x00\xff\xff\xff\
\xff\x1f\xff\x00\x00(\x00\x00\x00 \x00\x00\x00@\x00\x00\
\x00\x01\x00\x08\x00\x00\x00\x00\x00\x00\x04\x00\x00\x00\x00\x00\
\x00\x00\x00\x00\x00\x00\x01\x00\x00\x00\x01\x00\x00\x00\x00\x00\
\x00?[\x9c\x007]\xae\x005[\xb6\x000\x5c\xb5\
\x006_\xb9\x002\x5c\xbf\x00<c\xad\x00;f\xb5\
\x000h\xb6\x00>h\xb9\x00>o\xb9\x00I`\x9a\
\x00Od\x9a\x00Ld\x9c\x00Uj\x9d\x00bq\x99\
\x00py\x97\x00u}\x98\x00Fc\xa9\x00Rm\xac\
\x00_|\xae\x00@g\xb9\x00Eh\xba\x00Nq\xb8\
\x00Pv\xb3\x00Xv\xbb\x00W~\xbc\x00Yy\xbe\
\x00i}\xaa\x00i\x7f\xb5\x00f\x7f\xb8\x00\x1f^\xd8\
\x00(V\xc2\x00+\x5c\xc1\x00#X\xd2\x00&]\xd6\
\x00\x1fe\xcf\x00\x1ea\xd7\x003c\xc0\x008e\xc7\
\x005f\xc9\x004g\xcf\x00;q\xce\x007z\xca\
\x00.f\xd6\x00%e\xd8\x002g\xd1\x004h\xd0\
\x002i\xd6\x004n\xdc\x00/u\xd5\x004u\xd9\
\x00!c\xe0\x00(d\xe0\x00&n\xe5\x00$l\xed\
\x00-l\xe9\x00(o\xef\x002l\xe1\x00-v\xe1\
\x00)y\xe2\x00+q\xec\x00#x\xea\x00)o\xf0\
\x00,o\xf1\x00+p\xf9\x00(t\xfa\x00*r\xfc\
\x00)t\xfc\x00#}\xfb\x00#~\xfc\x00$}\xfc\
\x00Hq\xc7\x00Br\xce\x00Sx\xc5\x00y\x83\xa0\
\x00a\x82\xbf\x00|\x8c\xb5\x00v\x8b\xbf\x00x\x95\xb3\
\x00u\x97\xbe\x00\x7f\xa1\xbd\x00/\x8a\xcd\x00-\x80\xd7\
\x00:\x83\xd0\x00\x1d\x93\xe1\x00\x1d\x89\xf2\x00\x1f\x87\xfd\
\x00\x1a\x90\xfc\x00\x15\x99\xfb\x00\x14\x9a\xfc\x00#\x82\xe9\
\x00(\x92\xe1\x00(\x80\xf5\x00 \x85\xfd\x00D\x80\xcb\
\x00N\x8d\xcc\x00a\x81\xc4\x00a\x84\xc5\x00f\x9e\xc4\
\x00t\x9a\xc9\x00w\xd2\xef\x00\x81\x86\x9c\x00\x83\x8b\xa1\
\x00\x8c\x92\xa9\x00\x90\x96\xa9\x00\x90\x97\xae\x00\x92\x98\xad\
\x00\x97\x9d\xaf\x00\x85\x98\xba\x00\x94\x9b\xb2\x00\x98\x9e\xb4\
\x00\x96\x9a\xb9\x00\x91\x9d\xbe\x00\x9c\xa1\xb2\x00\x9a\xa1\xb7\
\x00\x93\xa1\xbf\x00\x9e\xa5\xbb\x00\x99\xa2\xbd\x00\x9e\xa5\xbe\
\x00\xa0\xa4\xb4\x00\xa5\xa8\xb5\x00\xab\xad\xb7\x00\xac\xae\xb9\
\x00\x8c\x9b\xc1\x00\x8b\x9c\xc5\x00\x9a\xa7\xc7\x00\x9d\xa7\xc4\
\x00\x91\xa7\xc8\x00\x9f\xac\xcc\x00\x9b\xbe\xd1\x00\xa6\xac\xc0\
\x00\xa4\xac\xc5\x00\xa8\xae\xc2\x00\xaf\xb5\xc2\x00\xab\xb1\xc4\
\x00\xa5\xb0\xcc\x00\xa9\xb1\xc8\x00\xac\xb3\xca\x00\xa9\xbb\xcc\
\x00\xb2\xb5\xc2\x00\xb6\xb8\xc1\x00\xbc\xbe\xc6\x00\xb7\xbb\xc9\
\x00\xb1\xba\xce\x00\xb4\xba\xcd\x00\xb7\xbd\xcf\x00\xa2\xa4\xd3\
\x00\xa5\xa6\xd9\x00\xa8\xb4\xd1\x00\xb1\xb9\xd1\x00\xb7\xbd\xd1\
\x00\xb6\xbe\xd4\x00\xbf\xc1\xca\x00\xbc\xc0\xcc\x00\xbc\xc2\xd3\
\x00\xba\xc0\xd5\x00\xbe\xc4\xd8\x00\xa4\xea\xfd\x00\xab\xec\xfd\
\x00\xc0\xc3\xcd\x00\xc5\xc6\xcd\x00\xc1\xc5\xd0\x00\xc5\xc8\xd2\
\x00\xc9\xca\xd0\x00\xcb\xcd\xd7\x00\xce\xcf\xd5\x00\xc2\xc8\xdb\
\x00\xc3\xc9\xdd\x00\xc5\xcb\xde\x00\xc7\xcd\xdf\x00\xcb\xce\xd8\
\x00\xd1\xd2\xd7\x00\xd3\xd3\xd8\x00\xd4\xd5\xda\x00\xd4\xd7\xde\
\x00\xd9\xda\xdf\x00\xc8\xcf\xe3\x00\xcb\xd1\xe4\x00\xcd\xd3\xe7\
\x00\xcf\xd5\xe7\x00\xcf\xd6\xeb\x00\xd1\xd6\xe6\x00\xd4\xd8\xe7\
\x00\xdb\xdc\xe1\x00\xdd\xde\xe1\x00\xde\xdf\xe4\x00\xd0\xd7\xea\
\x00\xd1\xd8\xeb\x00\xd3\xd9\xec\x00\xd6\xdc\xef\x00\xd9\xdd\xe9\
\x00\xc8\xca\xfd\x00\xcd\xd0\xfd\x00\xd8\xde\xf1\x00\xd1\xd5\xfa\
\x00\xd6\xda\xfe\x00\xd9\xdd\xfd\x00\xde\xe1\xec\x00\xcd\xec\xf5\
\x00\xc1\xef\xfd\x00\xc9\xee\xf8\x00\xd9\xe0\xf2\x00\xdb\xe1\xf4\
\x00\xdd\xe3\xf5\x00\xde\xe4\xf7\x00\xd6\xe9\xf0\x00\xd7\xef\xf6\
\x00\xc2\xf0\xfc\x00\xc4\xf0\xfd\x00\xcc\xf2\xfc\x00\xd1\xf3\xfc\
\x00\xdd\xf5\xfc\x00\xe1\xe1\xe5\x00\xe3\xe5\xe9\x00\xe6\xe6\xe9\
\x00\xe0\xe2\xed\x00\xe3\xe5\xee\x00\xe4\xe6\xee\x00\xe6\xe8\xee\
\x00\xea\xea\xec\x00\xef\xee\xee\x00\xe5\xe7\xf0\x00\xe2\xe7\xf4\
\x00\xe1\xeb\xf0\x00\xe6\xe8\xf0\x00\xe8\xea\xf1\x00\xea\xec\xf1\
\x00\xee\xee\xf1\x00\xed\xee\xf4\x00\xe0\xe6\xf9\x00\xe0\xe6\xfd\
\x00\xe2\xe8\xfa\x00\xe3\xe9\xfd\x00\xe4\xea\xfd\x00\xf0\xef\xf0\
\x00\xe4\xf0\xf5\x00\xef\xf0\xf5\x00\xe4\xf5\xfb\x00\xee\xf0\xf8\
\x00\xec\xf0\xfd\x00\xec\xf8\xfc\x00\xf1\xf0\xf1\x00\xf1\xf2\xf5\
\x00\xf3\xf4\xf7\x00\xf5\xf5\xf6\x00\xf7\xf7\xf8\x00\xf8\xf7\xf8\
\x00\xf6\xf9\xfc\x00\xf9\xf9\xf9\x00\xfc\xfb\xfb\x00\xf8\xfa\xfc\
\x00\xfc\xfb\xfc\x00\xfa\xfc\xfc\x00\xff\xff\xff\x00\x00\x00\x00\
\x00\x00\x00\x00\x00\x00\x00\x00\x00\xf8\xf8\xf8\xf9\xf8\xf7\x00\
\x00\x00\x00\x00\x00\x00\x00\x00\x00\x00\x00\x00\x00\x00\x00\x00\
\x00\x00\x00\x00\x00\x00\x00\xf8\xf8\xf1\xeb\xeb\xeb\xeb\xe0\xf3\
\x00\x00\x00\x00\x00\x00\x00\x00\x00\x00\x00\x00\x00\x00\x00\x00\
\x00\x00\x00\x00\x00\x00\x00\xf1\xeb\xeb\xeb\xeb\xeb\xeb\xaa\xbb\
\x00\x00\x00\x00\x00\x00\x00\x00\x00\x00\x00\x00\x00\x00\x00\x00\
\x00\x00\x00\x00\x00\x00\x00\x90\xeb\xeb\xeb\xeb\xeb\xeb\xab\xbb\
\x00\x00\x00\x00\x00\x00\x00\x00\x00\x00\x00\x00\x00\x00\x00\x00\
\x00\x00\x00\x00\x00\x00\x00\xa2\xce\xbc\x84\xce\xeb\xeb\x98z\
\xf3\x00\x00\x00\x00\x00\x00\x00\x00\x00\x00\x00\x00\x00\x00\x00\
\x00\x00\x00\x00\x00\x00\x00\xf3\x93\xeb\xbdl\x86\x86\x86\x9c\
\xf3\x00\x00\x00\x00\x00\x00\x00\x00\x00\x00\x00\x00\x00\x00\x00\
\x00\x00\x00\x00\x00\x00\xf3\x87h\xb4\xbdtok\x98\x8d\
\xf8\x00\x00\x00\x00\x00\x00\x00\x00\x00\x00\x00\x00\x00\x00\x00\
\x00\x00\x00\x00\x00\x00\xf3,?\x0a\x11\x93\xce\xbfg\xad\
\xa4\x9b\xf3\x00\x00\x00\x00\x00\x00\x00\x00\x00\x00\x00\x00\x00\
\x00\x00\x00\x00\xf3\xa3u\x0aGC\x05i\xb4\xce\x12)\
7\x1b\xf3\x00\x00\x00\x00\x00\x00\x00\x00\x00\x00\x00\x00\x00\
\x00\x00\x00\xa6\x18.5\x04@6\x13tvtg/\
:\x08M\xd7\x00\x00\x00\x00\x00\x00\x00\x00\x00\x00\x00\x00\
\x00\x00\x932CCC-\x1d\x80\xbd\xeb\xeb\xe7\xb6\x84\
\x0fACM\x00\x00\x00\x00\x00\x00\x00\x00\x00\x00\x00\x00\
\x00\xbb3CC2K\x96\xeb\xeb\xeb\xeb\xeb\xeb\xeb\xcc\
\x97IC;\xbb\x00\x00\x00\x00\x00\x00\x00\x00\x00\x00\x00\
\x00\x81HC/\x0e\xc3\xeb\xeb\xeb\xeb\xeb\xeb\xeb\xeb\xeb\
\xcev/B~\x00\xf3\x00\x00\x00\x00\x00\x00\xf8\xf8\xf8\
\xf8e=\x05!~\xeb\xeb\xeb\xeb\xeb\xeb\xeb\x9c\x9e\xeb\
\xe8\xb6\x0e1J\xf3\xbf\xf8\x00\x00\x00\x00\x00\xda\xe2\xe3\
\xe2Q\x09:#\x97\xeb\xeb\xeb\xc5\xc5\xeb\xaa\x95\x94\xb4\
\xeb\xeb\x1e)M\xf8\xda\xe2\xf8\xf3\x00\xf3\x00\xe2\xe2\xe2\
\xdaPWH$\x98\xeb\xeb\xeb\xc2\xc1\xe7\xbdvq\xbf\
\xc6\xc6O\x04x\xb8\xbf\xdc\xd9\xe3\xda\xee\x00\x00\x00\x00\
\xf3d[X:u\xeb\xeb\xeb\xeb\xaa\x84\xeb\xeb\xeb\xab\
\xc4\xc2\x1a&\x15\xda\xf8\xf8\xf3\xee\xd9\xda\xe0\x00\x00\x00\
\x00\x8cVYH\x1c\xeb\xeb\xeb\xeb\xbd\xb5\xeb\xeb\xebo\
\xce\xab\x22%n\xbf\xf8\xf8\xf8\xf8\xf7\xf3\xf3\x00\x00\x00\
\x00\x00R[X>\x82\xeb\xeb\xeb\x87\xc3\xeb\xeb\xeb\xce\
\xce\x1f \x19\xdd\xbf\xf3\xf8\xf8\xee\xd9\xe2\xee\x00\x00\x00\
\x00\x00\xb0S\x5c+\x16\x8a\xeb\xeb\xeb\xeb\xeb\xeb\xbd\x87\
jNq\xdc\xee\xf3\xe3\xf9\xd9\xd9\xe2\xdc\x00\x00\x00\x00\
\x00\x00\x00\xdd\xb1\xe3\xa2)\x10\x8a\xb4\xbd\xeb\xbf\x89\x14\
\xa2\xbb\x87\xa6\xf8\xf8\xe3\xdc\xf3\x00\x00\x00\x00\x00\x00\x00\
\x00\x00\x00\x00\x00\x00\xbb\x079\x02\x01\x0e\x16\x05\x05}\
\xf7tvy\xf8\xf8\xe2\xe2\x00\x00\x00\x00\x00\x00\x00\x00\
\x00\x00\x00\x00\x00\x00\x00f`<T3^)\xa6\xf8\
\xf8|\xda\xa5\xf8\xf8\xe3\xf9\xf8\x00\x00\x00\x00\x00\x00\x00\
\x00\x00\x00\x00\x00\x00\x00\x00\xc8a]U\x83\xbb\xf8\xf8\
\xf8|\xd0\xee\xa7\xbb\xd1\xef\xf8\x00\x00\x00\x00\x00\x00\x00\
\x00\x00\x00\x00\x00\x00\x00\x00\x00\xec\xbb\xf3\x00\x00\xf8\xf8\
\xa6\xdd\xf2\xd1\xf8\xb0\xef\xf8\xf8\xf7\x00\x00\x00\x00\x00\x00\
\x00\x00\x00\x00\x00\x00\x00\x00\x00\x00\x00\x00\x00\x00\xd1\xef\
\x8f\xf8\xf8\xa0\xd4\xba\xd8\xf8\xf8\xf3\x00\x00\x00\x00\x00\x00\
\x00\x00\x00\x00\x00\x00\x00\x00\x00\x00\x00\x00\x00\x00\xf8\xf8\
\x9b\xf8\xa0\x9f\xd4\xa6\xca\xd1\xf8\xf7\x00\x00\x00\x00\x00\x00\
\x00\x00\x00\x00\x00\x00\x00\x00\x00\x00\x00\x00\x00\x00\xf8\xf8\
\xee\x8e\xdc\xed\xa5\xad\xf8\xf8\xf8\x00\x00\x00\x00\x00\x00\x00\
\x00\x00\x00\x00\x00\x00\x00\x00\x00\x00\x00\x00\x00\x00\xf8\xa0\
\xf2\xf7\xaf\xa7\xcf\xd4\xf8\xf8\xf8\x00\x00\x00\x00\x00\x00\x00\
\x00\x00\x00\x00\x00\x00\x00\x00\x00\x00\x00\x00\x00\x00\x00\xf8\
\xf8\xf2\xd3\xf8\xf8\xd1\xf8\xf8\x00\x00\x00\x00\x00\x00\x00\x00\
\x00\x00\x00\x00\x00\x00\x00\x00\x00\x00\x00\x00\x00\x00\x00\x00\
\xf8\xef\xd5\xf8\xf8\xf8\xf8\x00\x00\x00\x00\x00\x00\x00\x00\x00\
\x00\x00\x00\x00\x00\x00\x00\x00\x00\x00\x00\x00\x00\x00\x00\x00\
\x00\x00\xf8\xf3\xf8\x00\x00\x00\x00\x00\x00\x00\x00\xff\xf0?\
\xff\xff\xc0\x1f\xff\xff\xc0\x1f\xff\xff\xc0\x1f\xff\xff\xc0\x0f\
\xff\xff\xc0\x0f\xff\xff\x80\x0f\xff\xff\x80\x03\xff\xfe\x00\x03\
\xff\xfc\x00\x01\xff\xf8\x00\x01\xff\xf0\x00\x00\xff\xf0\x00\x00\
\xbf\x00\x00\x00\x1f\x00\x00\x00\x05\x00\x00\x00\x01\xe0\x00\x00\
\x00\xf0\x00\x00\x00\xf8\x00\x00\x00\xf8\x00\x00\x01\xfc\x00\x00\
\x0f\xff\x80\x00\x1f\xff\xc0\x00\x0f\xff\xe0\x00\x0f\xff\xf1\x80\
\x07\xff\xff\x80\x07\xff\xff\x80\x07\xff\xff\x80\x0f\xff\xff\x80\
\x0f\xff\xff\xc0\x1f\xff\xff\xe0?\xff\xff\xf8\xff(\x00\x00\
\x00\x10\x00\x00\x00 \x00\x00\x00\x01\x00\x08\x00\x00\x00\x00\
\x00\x00\x01\x00\x00\x00\x00\x00\x00\x00\x00\x00\x00\x00\x01\x00\
\x00\x00\x01\x00\x00\x00\x00\x00\x00@j\xbf\x00X{\xbe\
\x003g\xcf\x00.c\xd1\x00/n\xd6\x00.k\xdb\
\x00$h\xe5\x006r\xe5\x002q\xec\x00,r\xf4\
\x00Hv\xc3\x00Q}\xcf\x00Kz\xd8\x00{\x8f\xbe\
\x004\x85\xd9\x00\x22\x8a\xeb\x00 \x80\xf8\x00N\x87\xc6\
\x00K\x8d\xdb\x00T\x8e\xdb\x00d\x82\xc1\x00c\x8c\xc6\
\x00{\x91\xc4\x00y\x91\xcc\x00h\x8c\xd1\x00Q\xa1\xdb\
\x00\x99\xa0\xb9\x00\x83\x9d\xcc\x00\x86\x9d\xd7\x00\x94\xa4\xca\
\x00\x91\xa2\xce\x00\x9f\xa2\xc9\x00\x89\xa0\xd3\x00\xa5\xab\xc1\
\x00\xa7\xad\xc3\x00\xa1\xac\xca\x00\xa7\xb1\xcc\x00\xaf\xb5\xca\
\x00\xb3\xb6\xc5\x00\xa5\xb2\xd3\x00\xa6\xb4\xdb\x00\xae\xbc\xdf\
\x00\xa9\xbc\xe2\x00\xbb\xc1\xd4\x00\xbe\xc4\xd7\x00\xbf\xc5\xd9\
\x00\xb8\xc4\xe0\x00\xb9\xc9\xe2\x00\xad\xd4\xeb\x00\xc5\xcc\xd4\
\x00\xc2\xc7\xde\x00\xd4\xd5\xdd\x00\xc3\xcd\xe0\x00\xce\xd4\xe3\
\x00\xcb\xd1\xe5\x00\xcc\xd3\xe8\x00\xce\xd5\xea\x00\xd4\xd7\xe2\
\x00\xd7\xdd\xe3\x00\xda\xdb\xe1\x00\xdb\xdf\xe3\x00\xd0\xd6\xe9\
\x00\xd5\xdb\xee\x00\xd5\xdc\xef\x00\xd6\xdd\xf1\x00\xd8\xde\xf4\
\x00\xd0\xd3\xfd\x00\xcf\xe0\xe7\x00\xc7\xe4\xee\x00\xd8\xe2\xe7\
\x00\xdd\xe2\xe6\x00\xde\xe4\xe9\x00\xdb\xe0\xef\x00\xde\xe5\xf8\
\x00\xd0\xf3\xfd\x00\xe2\xe5\xee\x00\xe5\xe7\xef\x00\xe7\xe8\xeb\
\x00\xe6\xe8\xec\x00\xe7\xec\xef\x00\xe0\xec\xf2\x00\xe9\xeb\xf2\
\x00\xea\xec\xf2\x00\xed\xee\xf2\x00\xe0\xe6\xf9\x00\xe2\xe8\xfb\
\x00\xe4\xea\xfd\x00\xef\xf0\xf3\x00\xef\xf0\xf5\x00\xe3\xf7\xfc\
\x00\xee\xf0\xf8\x00\xee\xf1\xfd\x00\xee\xf8\xfb\x00\xec\xf9\xfd\
\x00\xf1\xf1\xf5\x00\xf4\xf3\xf4\x00\xf8\xf7\xf7\x00\xf1\xf5\xf9\
\x00\xf8\xf7\xf8\x00\xf0\xf8\xfb\x00\xf4\xf8\xfa\x00\xfa\xf9\xfa\
\x00\xfc\xfb\xfb\x00\xfe\xfe\xfe\x00\x00\x00\x00\x00\x00\x00\x00\
\x00\x00\x00\x00\x00\x00\x00\x00\x00\x00\x00\x00\x00\x00\x00\x00\
\x00\x00\x00\x00\x00\x00\x00\x00\x00\x00\x00\x00\x00\x00\x00\x00\
\x00\x00\x00\x00\x00\x00\x00\x00\x00\x00\x00\x00\x00\x00\x00\x00\
\x00\x00\x00\x00\x00\x00\x00\x00\x00\x00\x00\x00\x00\x00\x00\x00\
\x00\x00\x00\x00\x00\x00\x00\x00\x00\x00\x00\x00\x00\x00\x00\x00\
\x00\x00\x00\x00\x00\x00\x00\x00\x00\x00\x00\x00\x00\x00\x00\x00\
\x00\x00\x00\x00\x00\x00\x00\x00\x00\x00\x00\x00\x00\x00\x00\x00\
\x00\x00\x00\x00\x00\x00\x00\x00\x00\x00\x00\x00\x00\x00\x00\x00\
\x00\x00\x00\x00\x00\x00\x00\x00\x00\x00\x00\x00\x00\x00\x00\x00\
\x00\x00\x00\x00\x00\x00\x00\x00\x00\x00\x00\x00\x00\x00\x00\x00\
\x00\x00\x00\x00\x00\x00\x00\x00\x00\x00\x00\x00\x00\x00\x00\x00\
\x00\x00\x00\x00\x00\x00\x00\x00\x00\x00\x00\x00\x00\x00\x00\x00\
\x00\x00\x00\x00\x00\x00\x00\x00\x00\x00\x00\x00\x00\x00\x00\x00\
\x00\x00\x00\x00\x00\x00\x00\x00\x00\x00\x00\x00\x00\x00\x00\x00\
\x00\x00\x00\x00\x00\x00\x00\x00\x00\x00\x00\x00\x00\x00\x00\x00\
\x00\x00\x00\x00\x00\x00\x00\x00\x00\x00\x00\x00\x00\x00\x00\x00\
\x00\x00\x00\x00\x00\x00\x00\x00\x00\x00\x00\x00\x00\x00\x00\x00\
\x00\x00\x00\x00\x00\x00\x00\x00\x00\x00\x00\x00\x00\x00\x00\x00\
\x00\x00\x00\x00\x00\x00\x00\x00\x00\x00\x00\x00\x00\x00\x00\x00\
\x00\x00\x00\x00\x00\x00\x00\x00\x00\x00\x00\x00\x00\x00\x00\x00\
\x00\x00\x00\x00\x00\x00\x00\x00\x00\x00\x00\x00\x00\x00\x00\x00\
\x00\x00\x00\x00\x00\x00\x00\x00\x00\x00\x00\x00\x00\x00\x00\x00\
\x00\x00\x00\x00\x00\x00\x00\x00\x00\x00\x00\x00\x00\x00\x00\x00\
\x00\x00\x00\x00\x00\x00\x00\x00\x00\x00\x00\x00\x00\x00\x00\x00\
\x00\x00\x00\x00\x00\x00\x00\x00\x00\x00\x00\x00\x00\x00\x00\x00\
\x00\x00\x00\x00\x00\x00\x00\x00\x00\x00\x00\x00\x00\x00\x00\x00\
\x00\x00\x00\x00\x00\x00\x00\x00\x00\x00\x00\x00\x00\x00\x00\x00\
\x00\x00\x00\x00\x00\x00\x00\x00\x00\x00\x00\x00\x00\x00\x00\x00\
\x00\x00\x00\x00\x00\x00\x00\x00\x00\x00\x00\x00\x00\x00\x00\x00\
\x00\x00\x00\x00\x00\x00\x00\x00\x00\x00\x00\x00\x00\x00\x00\x00\
\x00\x00\x00\x00\x00\x00\x00\x00\x00\x00\x00\x00\x00\x00\x00\x00\
\x00\x00\x00\x00\x00\x00\x00\x00\x00\x00\x00\x00\x00\x00\x00\x00\
\x00\x00\x00\x00\x00\x00\x00\x00\x00\x00\x00\x00\x00\x00\x00\x00\
\x00\x00\x00\x00\x00\x00\x00\x00\x00\x00\x00\x00\x00\x00\x00\x00\
\x00\x00\x00\x00\x00\x00\x00\x00\x00\x00\x00\x00\x00\x00\x00\x00\
\x00\x00\x00\x00\x00\x00\x00\x00\x00\x00\x00\x00\x00\x00\x00\x00\
\x00\x00\x00\x00\x00\x00\x00\x00\x00\x00\x00\x00\x00\x00\x00\x00\
\x00\xff\xff\xff\x00\x00\x00\x00\x00\x00\x00b\x5c\x5c\x00\x00\
\x00\x00\x00\x00\x00\x00\x00\x00\x00\x00IWW?\x00\x00\
\x00\x00\x00\x00\x00\x00\x00\x00\x00\x00:7.,4\x00\
\x00\x00\x00\x00\x00\x00\x00\x00\x00\x00\x16\x1e&#4\x00\
\x00\x00\x00\x00\x00\x00\x00\x007\x19\x05\x03#\x1b\x06\x1c\
\x00\x00\x00\x00\x00\x00\x000\x0a\x08!9WJ$\x09\
+\x00\x00\x00\x00c`\x14\x04(WWW>W\x17\
\x0dX\x00\x00\x00LL\x12\x079WCA A)\
\x02LSS\x00\x00\x00\x1a\x11*WA>W3\x1d\
\x0bSf`S\x00\x00I\x10\x0c??WJ,\x15\
5S`LS\x00\x00\x00\x00N\x01\x0e\x1e\x18&&\
<Xb\x00\x00\x00\x00\x00\x00\x001\x0f\x13/f2\
<Qb\x00\x00\x00\x00\x00\x00\x00\x00\x00\x00d;b\
KGf\x00\x00\x00\x00\x00\x00\x00\x00\x00\x00fND\
EI^\x00\x00\x00\x00\x00\x00\x00\x00\x00\x00\x00ZQ\
NZf\x00\x00\x00\x00\x00\x00\x00\x00\x00\x00\x00\x00^\
ff\x00\x00\x00\xfc\x7f\x00\x00\xf8\x7f\x00\x00\xf8?\x00\
\x00\xf8?\x00\x00\xe0\x1f\x00\x00\xc0\x0f\x00\x00\x00\x07\x00\
\x00\x00\x01\x00\x00\xc0\x00\x00\x00\xc0\x00\x00\x00\xf0\x03\x00\
\x00\xf8\x03\x00\x00\xff\x03\x00\x00\xff\x03\x00\x00\xff\x83\x00\
\x00\xff\xc7\x00\x00\x89PNG\x0d\x0a\x1a\x0a\x00\x00\x00\
\x0dIHDR\x00\x00\x01\x00\x00\x00\x01\x00\x08\x06\x00\
\x00\x00\x5cr\xa8f\x00\x00\x00\x09pHYs\x00\x00\
\x0e\xc3\x00\x00\x0e\xc3\x01\xc7o\xa8d\x00\x00 \x00I\
DATx\x9c\xec\xbdy\x90\xe5iY\xe7\xfby\xdf\
\xdfv\xf6\x93\xfbV\x99Y{uW\xb34\x0d40\
\xd8\x8d@C7\xa260\xa3Bs\xa71\xf4\xde`\
$BA\x05\xe7j\x18\xd7\xb8\x12!w\x94\xd01\x18\
\xf1\x1f\xef\x0d\x17Tb\xc0\x10\x0710\x06\x98\x91@\
\x81\x01\x11\xc5\xdek\xaf\xac\xac\xcc\xac\x5c\xce\xbe\xfc\x96\
\xf7}\xef\x1f\xef\xef\x9c<Y\x95\xb5WWW\x13\xe7\
\x1b\xf1\xabs2\xf3\x9c\xdfV\xbf\xe7y\x9f\xe5\xfb<\
\x8f`\x88!^dx\xe4\x91G\xdc{\xee\xb9'\x03\
d\x00\x07\x10W\xf9\x8a\x01\xf4\xea\xeaj\xe7\xd3\x9f\xfe\
t\xf3y?\xc1\x17\x11\xaev\xe3\x86\x18\xe2\x05\xc5[\
\xdf\xfap\xe0yn\xff\xe7\xd7\xbf\xfe\xf5\xe2]\xef\xfa\
\xb7\xa5\xbb\xef\xbe{/\xb0\x17(rm\x0a\xa0\x0b\x9c\
z\xf2\xc9'\xff\xe5?\xfd\xa7\xffGW\xabU\x8c1\
\xc9\x17\xbf\xf8E\xf5\xbc\x9d\xfc\x10C\x0cqcx\xfc\
\xf1\xc7E\x92\xa8\x8cR\xfa\x1e\xa5\xf4\xcb\x95\xd2\xf7*\
\xa5_\x91n\x8f*\xa5?\xa9\x94>\xa6\x94\xee^\xc3\
\xd6VJ\xaf(\xa5\xff_\xa5\xf4}\xe9\xbe^\x12E\
\xf1\xc4o\xfe\xe6oz/\xf4\xb5\xbe\x90\x18Z\x00C\
\xdc1\xf8\xb3?\xfb3\xf1\xf0\xc3\x0f\x0b!\x84\xf4<\
?\xc8\xe7\xf3\xfb\x85\x10\x9f\x01\xc6\xd8\xf9\xac:@\x90\
nWs\x01L\xbai \x04:\xe9\xcfuc\xcc\xef\
v\xbb\xdd\xbf\x0e\xc3\xee\x05\xadu\x02P\xadV\xf5\xe1\
\xc3\x87\xf5\xad\xbf\xba;\x13C\x050\xc4\x0b\x86\x0f~\
\xf0\x83\xe2\x91G\x1e\x11\xd9l\x96R\xa9\x94_\x5c\x5c\
\xbck||\xe2-\xc0k\x00\x17\xc8\x03\xaf\xc5\x0a\xba\
`\xf7\xe7\xf5r\xbf\xef\xa1\xa7\x00.\xfe]\x04\x1c\x07\
V\xb0\xee\x81\x06\xaaq\x1c\x7f\xe3\xf4\xe9S\xff\xe3\xfc\
\xf9\xf3\xa7{\xdf}\xf3\x9b\xdf\xfc}\xab\x10\x86\x0a`\
\x88\xdb\x8a\xdf\xff\xfd\xdf\xef\x0b\xec\xeb^\xf7\xba\xfd\x07\
\x0f\x1ez\xb5\xe7y\x07\x85\x10e\xc7qf\x1d\xc7\xb9\
\x07\xd8\x0f\xc8t\xcb\xa5\xafWzV\xaf\xa6\x00v\x83\
\xc2*\x81\x98m%\xd16\xc6\x9cP*yJ)\xbd\
\x01\xd4\x80\xa7j\xb5\xdawfgg\xd6\xae\xe32_\
4\x18*\x80!n\x0b>\xf1\x89O\xc8w\xbf\xfb=\
cR\x8a\xa3\xc0\x1e\xc0\xcf\xe5\xf2{\x83 x\x95\x10\
b?\x90\xc7\x98\x0c6\xa8\x97c\xfb\xd9\xdc~\x15\xbd\
\xf77\xfd\xd8\x0eZ\x05\x83\x0a\x22\x01Z@\x13\xeb.\
\xd4\x81\xefi\xad\xffvss\xf3\x1f>\xf3\x99\xff\xba\
\xf2\xc1\x0f~\xf0\xfb\xca\x1a\x18*\x80!\x9ew\xfc\xd6\
o\xfd\x96\xf3S?\xf5\xd3\x93\xa3\xa3\xa3\xf7\x0b!\xde\
\x0a\x1c\xc1\xa6\xf0J\xc04P\xc6\x18\x0f\x10\x18\x93\xae\
\xf6FX\xab\x5c\xa6Oi\xef\x9f\x9e\x0e\xb8\xa9G\xf7\
rVA/V\xa0\xd3\xf7!\xd6E\xf8\xb6\xd6\xfa\x7f\
\xd6\xeb\xf5g*\x95\xad\x0b_\xfc\xe2\x17\xcf\xfe\xdc\xcf\
\xfd\x5ct3'p\xa7`\xa8\x00\x86x^\xf1\xb1\x8f\
}\xcc\xfd\xe9\x9f\xfe\xdf\xa7&''_\x0d\xbc\x1d\xf8\
\x01`\x0e\xeb\xe3oo\xc6\x08L\xba0\x1b\x05&\x12\
\x98\xb6\xdd\x89\xcc\x82\x18\x88\xf7\x09q\xb3\x0a`7\xec\
\xa6\x1446h\xb8\x0a\x1c\x03N\x03O\xb5Z\xad\xaf\
\x9f<y\xa2\xf6\x8do|c\xe5\x03\x1f\xf8@\xfbV\
\x9f\xc8\xed\x84\xf3B\x9f\xc0\x10\xdf\x9f\xf8\xc0\x07>\xe0\
\xbf\xef}\xef+\xff\xfb\x7f\xff\xf8\xf4\xe4\xe4\xe4+\x81\
\xb7\x01o\xc0\xe6\xee\x0b\xd8\xc0\x9e\xc7\xce(\xbe\xc0h\
\x01\xa1@mAt\x1a\xe25\x10\x12\x84\x0f\xb8\xe9\xfb\
[b\x05\x5c\x0cq\xd1\xd6\xfb]/\x189\x05\xcc\x03\
\xd3\xbe\xef\x8fOOO\xcf\xbf\xeaU\xafn\x1e9r\
\xa4\xa1\x94J\x9e}\xf6\xd9\xcbY\x15w4\x86\x0a`\
\x88[\x8e?\xf9\x93?\xf1~\xfe\xe7\x7fa\xfe\xf5\xaf\
\x7f\xfd\xab\xf2\xf9\xfc\xab\x807bW\xfe\xbd@\x96\xed\
\xa0\xde.B\xa7@7!:\x0b\xad\x7fDDg\xac\
\x05\xe0\x94@f@\xa4\x8f\xec\xf3c\x05\x0c\xe2b%\
\x10`\xe3\x13\xe3\xe9u\xec\x07\x9c\x97\xbd\xece\xb5\xa3\
G\xef\xe9,,\xcc\x93\xc9d\xcc\xb1c\xc7^T\x8a\
`\xa8\x00\x86\xb8\xa5\xf8\x8b\xbf\xf8\x0b\xe7'~\xe2\xdd\
\xb3\xae\xeb\xfe \xf0\x0e\xe0\x07\x81{\xb1\x81\xbf\x9e\xf0\
\xc3\xae\xee\xa7\x01bH*\x88\xees\x88\xe6\xd7!Z\
Fx\x13\xe0M\x81,b\xad\x80\xe7\xcd\x0d\xb8\x18\x17\
[\x03\x0e6v1\x82\xe5&\xcc\x02zzz\xday\
\xf0\xc1\x073\x0f<\xf0@2==\x15}\xe5+_\
y\xd1\x04\x0a\x87\x0a`\x88[\x86\xbf\xfe\xeb/\xb8\x8f\
>\xfa\xe8$v\xc5\xff\x09\xe0\x01\xe0 V`l\x90\
\xcf\xe22\x92k\xc0D\xa0\xb6\x10\xe1qh\xff\x13\xa8\
-\x08\xf6\x817\x0fN\x19\x84\xb7\xed\x06<\xff\x0a\xa0\
\x87\x8b\x15A\xcf*\x98\x00&\x81\x03\xc0L\xb9\x5c\x0e\
\xf7\xec\xd9S\x93Rv\xbe\xf9\xcdo\xbe(,\x01\xf7\
\xea\x1f\x19b\x88+\xe3\xbb\xdf\xfd\xae\xfb\xf2\x97\xdf\x1b\
`\x05\xfdM\xc0{\x81\xd7aM\xe6As\xff:\x90\
Z\x03t\xb0)\xfb;B\x9e\x06\x95@/\x95x\x14\
\xb8\x0bx\x09Pt\x1c')\x14\x8a\xdf\xc2r\x08\xee\
x\xc8\xab\x7fd\x88!.\x8f\xf7\xbf\xff\xfd\xc1\xf8\xf8\
\xc4\x01\xe0\x87\x81\xc7\x80\x9f\xc4\xae\xfc\x83\xc2\x7f\x1d\x10\
\xf6k\xc2I\xbf\xae\xc0\xa4\x5c\x9d\x1bP#\xd7\x06\x03\
\xe6\x0a\xdbUO\x16\x07\xeb\xe2\xdc?77w\xf4\x17\
~\xe1\x17J_\xff\xfa\xd7_\x14\xb2\xf5\xa28\xc9!\
\xee\x5c\xbc\xf7\xbd\xef\xcd\x8e\x8f\x8f\xbf\x14x\x1c\xf8?\
\x80W\xb2\xcd\xde\xbb~\x08R\x13\xdf\xb5\x91\x7f\xa3\xad\
[`\x12\xee\x10+`7\xf4\x5c\x82q\xc7q^R\
.\x97_\xff\xcaW\xbe\xea\xbeg\x9eyv\xfc\x85>\
\xb1\xaba\xa8\x00\x86\xb8a|\xe1\x0b_\xf0\xef\xbb\xef\
\x953A\x10\x1c\x01\x0e\x03\xfb\x802\xbb\xa7\xd3\xae\x11\
\xe9\xea/\xbc\xd4\x0aH@wR%\xa0n\xb1\x0e\xe8\
\xf1\x0e\xd2\xf7\xc6\xa4\x0aG\xa5\xaf\xe9\xc1v\xb7\x02v\
\xbb\xc6q!\xc4\x83B\x88\xc7]\xd7}\xe7\xbe}\xfb\
\xf6}\xedk_\xbb\xa3\xe3lw\xf4\xc9\x0dq\xe7\xe2\
\xb3\x9f\xfdl\xf0\xd0CoY\xc8\xe7\xf3oH\xd9}\
wa\xf3\xe5\x83f\xffu\x1a\xed\x06\x9b\x06\xec \x92\
U\xe8>\x03\xc9\x9a\x0d\x00\xfa\xfb\xc1\x99\xd8N\x05\xde\
l\x10p\x87P\xf7\xc8G1\xe8.6\xf6\x80\xb5D\
\xfa\xc4\xa3\xde\xe5\xec\x8a\xde\x1f\x1c\xd2T\xa1\x10BH\
)\xcf\x95J\xa5\x9a\xef\xfb\xdc{\xef\xbd\xea[\xdf\xfa\
\xd6\x1d\x97\x1d\x18*\x80!\xae\x0b\x07\x0e\x1c\x10\xbf\xf7\
{\xbf\x97y\xfb\xdb\xdf\xbe\x90\xcb\xe5\xdf \x84x;\
p?0\xca6\xa9\xe7\x06\xbd\xf5\x94\x89\xab\xbb\x88d\
\x1d\xc2c\x90\xacZ\xc1\x0f\xf6\xa6\xa9\xc0\xdc\xadQ\x00\
0\xa0\x04\x14\xe86\xa8MH6@\xb7\xec\xaf{V\
\x88 =\xd6U\x8f'\xd9f7\xda=x\xde\xd8\xa1\
C\x87\x82\xfb\xef\xbf\xbf5;;\x1b\xdei)\xc2\xa1\
\x02\x18\xe2\xba\xf0_\xfe\xcb\xefe\x1e}\xf4\xd1\xf9|\
.\xff\x80\x80\x1f\xc5F\xfb'\xb1i>`\xbbd\xe7\
\xc6\x22v\xc6\xae\xc4\xaa\x0a\xf1YDr\x1e\x9c\x22\xc2\
\xdf\x07\xde,\xc8B*\x987\xa1\x00v\xac\xfe\xca\x0a\
|\xbc\x0a\xe1q\x88N\x80\xaa\xd9c\xc8<\xc8\x81\xb4\
\xe3\x95\xaf\xe7bw +\x84\x98\x93R\x1e\x19\x19\x19\
)\x8f\x8d\x8d\xd5\x17\x16\x16\xaa\xa7N\x9d\xea\xdeI\xac\
\xc1\xa1\x02\x18\xe2\x9a\xf1\xe9O\x7f:x\xd7\xbb\xde\xb5\
'\x9b\xc9<\x00\xe6\x1d\xc0\xbf\xe1b\xe1\x87\x01\xc1\xbc\
A\x05\x80\x02:\x90l!\xe2up\xca\x98`?x\
{\xc0)\xde\xbc\x02\x00\xb6\xeb\x0e\xba\xd6\xca\xe8>\x05\
\xed\xef\x22\xc2\xe3\x08\xd3\xb5\x9c\x03g,\xadCp\xae\
\xd5\x02\xe8A\x02>6\x1e2\x89\xa5\x11wFFF\
\xce\x9d9sz\xeb+_\xf9Jr\xe3'~k1\
T\x00C\x5c\x13\xfe\xfc\xcf?\xed\xbd\xfb\xdd\xef\x9eq\
\x1d\xe7\x0d\xc0\xbb0\xbc\x1e\xcc$\xe0\xa4\xc1\xb4\x01\xe1\
\xbf\x09\xae~\xff+=\xbf\x5c!\xbc9\x08\x8eX\x0b\
\xc0)\xdc\x9c\x0b0\xb8\xfa\x9b\xc4\x9a\xfd\xddc\xd0\xfe\
'D\xe7)\x8c\xaa\x81;\x02\xfe^\xf0\xa6w\xba\x1c\
\xd7\xa6\x00.\xb6\x04$6.P\x07\x8e\x95J\xa5\xd5\
\xf5\xf5\x0b\xdd\xa7\x9f~\xfa\x8e\xb0\x02\x86\x0a`\x88\xab\
\xe2?\xfe\xc7\xff\xd3\xf9\xd0\x87>4\x8d\xa5\xf5\xfe\x04\
\x98\x07\x801\xd0\xd2\xa6\xe7b\xb1\x9d\xa7\xbf\x09\x05\xd0\
\xfb\xae\x90\xdb&\xb87\x89\xf0\xf7\x83\xbf\x0f\xdcq\x90\
\xc1\xce\xe0\xdc\x0d\xa1\x17llZ\x93\xbf\xfd]D\xe7\
I\xebv\xb8c\x90\xbd\x072w\x83;\x99\x06\x1d\xc5\
\xf5Z\x00\xb0S\x09\x80\x8d,\xd6\xa6\xa7\xa7\xd7\xb5V\
\xd5\xbf\xfc\xcb\xbf\xbc#\xca\x89\x87L\xc0!\xae\x8a\x83\
\x07\x0f\xb8\xd8\x02\x98\x87\x80\x071\x14\xad\xf0\x87\xa0j\
\x02\xdd\xb6\xbe\xb2,[\xa1\xed\x09Ko\xb5\xbdr\x04\
=\xfdL\xfay\x01\x18\xc7\xee\xc7\xcf\x80?\x95\xb6\x08\
p\xb1\xebUO\xf8\xaf\xf3\x22v\xac\xfc\x06L\x08\xc9\
y\xe8<\x09\xdd'l\xf0\xcf-C\xe6.\xc8\x1c\x05\
o&5\xffo\x90\xc8x\xd1\xd5\x01w\x03\xef\x04\xd4\
{\xde\xf3\x98\x92R>\xfd\xd8c\x8f\xbd\xe0\xa5\xc4C\
\x0b`\x88+\xe2\x93\x9f\xfc\xa4\xf3\xf8\xe3\x8f\x97<\xcf\
\xbb\x1b\xdb\x9f\xef\x10\x10\xf48\xfb\x84\xc7\x05\xe1s\x10\
_\xb0_\x90Y\xbbz\xefh\xde3 <W]\xb5\
\x07\xff\x9e\x0a\xbe\x18,\x03\xbe\xa6\xb4\xdc\xe5a4\x10\
Y\x81\xef\xfc\x0b\xb4\xbe\x05\xd1\x12Bf1\xd9\xbb \
\xff*\x08\xee\xb6\xfe\xbfpw\x1e\xf3\xc6\xd1\xfbr\x11\
\x1b\x13p\x8e\x1c\xb9\xabr\xd7]wU>\xf7\xb9\xcf\
\xbd\xa0\xf1\x80\xa1\x050\xc4e\xf1\xf1\x8f\x7f\x5c>\xf6\
\xd8c\xa3\xd9l\xee5\xc0\xa3\xc0\xab\x81 \xf5\xcf\x05\
\xaa\x0e\xe1iD\xe7I\x0c\x09\x04\xe7-a\xc7?\xb8\
\x1dA7)\xd7\xac'@\xc6\x5c^\x98\x06\xad\x80\xab\
r\x88n4\xc0\xa8S\xd3\xff\xb4U\x00\xd1I\x84P\
\x10\xccY\xb3\xdf\xdf\x97\x16\x1d\xb9\xf4yr7.\xfb\
\xe2\xa2\xf7\x01\xb6p\xe8a\xcf\xf3\x92\x07\x1ex0\x04\
\xbew\xc3{\xbf\x05\x182\x01\x87\xb8,\xa6\xa7gF\
\xca\xe5\x91\x9e\xf0\xbf\x01\xdb\xbe\xabW\x90Oou6\
\xba\x8b\x08OC\xfb\xdb\xd0\xfa:t\x9f\x04\xb5fs\
\xeb&-\xe4\x19\xe4\xd5_\x99_\x0f\x08\xccn[o\
7\x801\xe6\xfa\xb6\xfe\xbe5\xa8&\x84'\x11\xe1\x09\
\x84i\x823\x8a\x09\x0eY\xc5\xd5\xf7\xfb\xe5\x8d[\x19\
\x97\xbb(+oyl\xdd\xc0\x81\xf1\xf1\xf1\x89?\xfa\
\xa3?zA\x17\xe1\xa1\x050\xc4e\xf1\xc67\xbe\xb1\
\x88\xa5\xf8\xf6\xea\xf9\xd3t\x9f\xb0\x91qY\x06o\x01\
\xfc5\xd0u\x887\x81\xef\xa6\xa4\x9a\x0a\x04\x07\xc1\x9d\
NSw>7\xbb\xde\x98\xf4_\xa3\xf5\xe0/\xb61\
 \xb0\xf6\xad@\x5clm\x18K4\x22\xa9\xda\x14\xa0\
(\xd9U\xdf?\x90F\xfd\xf3<\x8f\x9eqO\x09\x14\
\x80\xfd\xb9\x5c\xee\x95o{\xdb\x0f-\x03\xcf>_\x07\
\xbc\x1a\x86\x0a`\x88]\xf1\xb9\xcf\xfdUyzz\xfa\
 V\x01La\xf3\xda\xd0_\x12]+\xd8\xfe\x22\x98\
\x10#4\xa2\xf3\xb4\xf5\xad\xcd\xbfbt=U\x02G\
 X\x00g\x1cD\xd6\x0a\xad\xe8U\xd3\xee\x14Ns\
\x91e\xd0[\xbd\xb5V\xc4qL\xd4\x0d\x89\xc2\x908\
\x0eI\xe2\x18\xad\x14F\x1b\x8c\xd1\x08!\x91\xae\x83\xe3\
\xb8x\x9e\x87\x17\x04\x04A\x80\x17\x048\x8e\x83\xdc\x11\
Cp\x11n\x19\xdc\x05\x10\x19Lp\xd4*2Y\x1e\
\x88_\x5c&\x86q\xe3\x18\xbc\xe8\x0c\xb0O\x08\xf1\xea\
\x5c.\xf7\xecg?\xfb\xd9c?\xfe\xe3?\xfe\x820\
\x04\x87\x0a`\x88]q\xf8\xf0\xe1i\xd7u_\x09\xbc\
\x1c\xdb\xfdf'\xc7_\xa4\x5c\x17w\x1c\xdb;S`\
\x84\x8f\xe8>\x05j\x15\x11>\x87Qukn\x93@\
\xe0\x80\xe3\xa4\x96\x00\x0c\x0a\xd5\xa0\xe0\xef\x10\xfa(\xa2\
\xd3n\xd3m\xb7i5\x1b4\xebu\x9a\xf5\x1a\xedV\
\x8b\xb0\xd3!\x89#\xb4Rhc\x90R\xe2x\x1e\xbe\
\x1f\x90\xcd\xe5\xc8\x17\x8a\x14J%\x0a\xa52\xb9B\x81\
L6K\x90\xc9\xe0z\x12)K\xe0\xef\xc7\xe0\xd9\xa0\
\xa5\xbfh-\x15\x99\x05\x9c\x8b\xe4]\x5c\xc9_\xb9^\
\xcd\xd0S\x02.\x96$\xb47\x9b\xcd\x1c~\xe0\x81\x07\
\xa6\xb0\x8dGo;\x86\x0a`\x88K\xf0k\xbf\xf6k\
\x99R\xa98\x87m\xdf\xbd\x80\xf5[\xb7\x97\xc5~\xb0\
\xce\x01\xb2\xd6o\xc6\x01\x99\xc1\xc8\x8cU\x02\xc99D\
\xb2\x86\x11\x9e\xed\xe7\xe7\x8c\x83,\xed\xcc\x10\xb0-\xfc\
\xc6X\xd3^\xa9T\xf0;-\xaa[[\x5c8\xbfL\
mk\x93F\xbdN\xbb\xd9\xa2\xdbi\x13\x85!*\x89\
\xd1Jc\x8c]8\x0d\x02!%\xae\xeb\xe0\xf9>A\
\x90!\x9b\xcbS(\x15)\x8f\x8d3>9\xc5\xf8\xd4\
\x14\xa5\x91\x11|?\xc0\xf5\xf6#\xdc){>N\xc9\
\xb6\x1b\x13~\xcac\xbe$\xcdh\xb03\x03\xc2\xf4\xfd\
`\xb9\xf3\x8d\x98\x07\x12\x1b\x10\x9c\x95\xd2yU\xb9<\
\xf2\xec\xd7\xbe\xf6\xb5/>\xf8\xe0\x83\xb7\xdd\x0a\x18*\
\x80!.\xc1\xc3\x0f?2?::\xf6rl\xca\xaf\
\xcc\xa0S\xdc\x17\xfe\xc1\x02\xb8T\x09H\x1fd\x0e#\
\x8b\x10\x8e \xd4:\x88\xc02\xeeL|I\xf0oP\
\xf8\xb5RDQH\xab\xd1\xa4\xba\xb5\xc1\xfa\xea\x0a\xab\
\xcb\xcbl\xac\xae\xd0\xa8UH\x92\x04)\x1d\x5c\xd7\xc3\
\xf5=\xb2\xf9\x02\xae\xe7\xe18\x0e\x02\x81\xd2\x0a\xa5\x14\
I\x1c\x93$1\xf5j\x95\xca\xe6\x06RH\xb2\xf9<\
c\x13\x13L\xcd\xce1=?\xcf\xc4\xf4\x0c\xc5B\x01\
\xcf/#\x1d\x17!<\x90.\x02\x89\x11b0\x8a\xd0\
\x83\xc62\xf9Nc\xa7\x09\xdd\x83\xf5\xe3o$X0\
h\x05\x8ca\xf9\x01/\x01\xfe\xf6\x06\xf6u\xd3\x18*\
\x80!v\xe0\x93\x9f\xfc\xa4\xb8\xfb\xee\xbb\xf6\xe7r\xb9\
Wb;\xdf\xf6\xa6\xf4lKDO\x09\xf4\xde\xf7f\
u:c 2\xb6`\xc7\x9b\xb0-\xbd1\xe0\xce\xd8\
UV\x5c:\xc7\xd3\x18\x83J\x12:\xed\x16[\x1b\x1b\
\xac-\x9fce\xe9\x0c\xab\xcb\xe7\xa8ll\xd8\x5c\x83\
\xefS\x1e\x1d\xa3P.S(Z\x93>\x9b\xcb\xa7&\
\xbd\x87\x80T\x81D\x84\xdd\x0e\xddN\x87V\xa3A\xb3\
^\xa3\xd9\xa8\xd3\xed\xb49w\xfa\x14\xeb\xab\xab\xac\x9e\
_f\xe1\xc0Af\xe6\xf6061I\xae\xe0\xe1\xf9\
\x0e\x92+\xb6\x1b\xef\xcd\x12\x5c\x07\x96\xd3\x9f_\x86\xcd\
\xeb\xdf(z\xf5\x02%l+\xb5[\x96n\xb8\x1e\x0c\
\x15\xc0\x10\x17C`W\xfd\x99\xf4u\xf7\xf1\xd9\x97\xe4\
\xf5\xa5\xfdh/\xe2/\x0b\x18o\x11\xd06\xf8\xe7\x8c\
\xa4\xfe\xbfM\xe9\xd9\xcc\xa0!\x89c\x9a\x8d:\xeb+\
\xe7Y:y\x82\xa5\xd3\xa7\xd8\x5c[#\x0c\xbbx\xbe\
\xcf\xe4\xf44\x133s\xa9\xf9>J._ \xc8f\
\xf0\xfc\x00\xcf\xf3\x90\x8e\xd3\xdf\x97R1I\x14\x13\xc7\
1\xddN\x9bf\xbdNuk\x93\xad\xf5\x0bl^\xb8\
@\xbdZe\xf9\xcci\x9a\xb5\x1a\x1bk\xab\xecY\xdc\
\xc7\xf4\x9eyF\xc6\xc7\xc9\xe6\xf26X(%\xc6\x98\
\x8b\xb3\x07\x02\xdb\xd1x\x0a\xd8\x00\xce`\x83\xa37\xaa\
\x00zV\x80\x04\x02\xc7q\xc6\xa7\xa7\xa7\xf7\x02'n\
p\x7f7\x8c\xa1\x02\x18b\x07\xe6\xe7\xe7\x8b\x9e\xe7\x95\
\xb0>\xeau\xe6\xedRk@\xa4\xd6\x80S\xa6\xff\x9c\
\xa7\xb5\xf5\xfd\x81|\xa9\xf0\xd7kUV\xce\x9e\xe1\xf4\
\xf1c,\x9f>I\xadRA:\x0e3\xf3\x0b\xcc.\
,2\xb3g\x0fc\x93S\x14J%2\xd9,\xae\xeb\
#\x1d\x89\x10\x02!.:\xbd\x81\xbc\x7f\xcf\xa5h\xb7\
Z4\xaaU\xb66.pa\xe5<\xab\xe7\xce\xd1\xa8\
Vh\xb5\x9a\xd467\xa9W+\xcc\x1f8\xc0\xe4\xf4\
,\xf9b\x11\xcf\xf3\xfbJ\x00\xe8)\x82^\xea\xee \
V!nr9\xc5x\xfd7\xac\xe08\xce\xd1\xbd{\
\xf7\xbe\xe5\xd4\xa9S\xa7\xf6\xef\xdf\x7f[\xe3\x00C\x05\
0D\x1f\x7f\xf8\x87\x7f(\xee\xbf\xff5G\xb2\xd9\xdc\
Ql\xcb\xeb\x8brb\xbb\xe0\x92\x98\x00X% \xd9\
N\xd4\xa7\xab\xbe}\xdb7\xfb\x1b\xb5*\xcb\xa7Oq\
\xf2\xd9\xa7Y>s\x9aN\xabE\xa1Tbva\x81\
\xf9\xfd\x07\x99\x99_\xa0<:F\xe0\x078\x9e\x8b\x94\
6\x11a\x85\x9f\xcb\x9e\x961\x06\xe3\xba\xb8\xbeG&\
\x9b\xa3T\x1eabz\x9a\xa9\xb9=\x8cMLq\xfe\
\xacu1\xd6V\xce\xd3\xe9\xb4\xe9v:\xc4Q\xcc\xcc\
\x9ey\x8a\xe5\x11kYH\xd9\xdf\x97\x10}?'\x8f\
U\x02\x8b\xe9\xfb\xedk\xbcb\xae\xe0\xb2\xb7O\x02y\
!\xc4A\xd7\xf5\x1e\x18\x1b\x1b\xfb\xff\xb0\xf1\x86\xdb\x86\
\xa1\x02\x18\xa2\x8f\xc5\xc5E122\xf2r\xc7q^\
\x89u\x01\xfc\xab}\x07\xd8\xe9\x0e\xf4\x7f\x1e\x88\xf4\x0f\
|\xd4\x18\x8dJ\x14\xadF\x83\xf3g\xcfr\xf2\x99\xa7\
Y:}\x8a\xb0\xdb\xa1<6\xce\xe2\xc1C\xec?|\
\x98\xa9\xd9=d\xf3y<\xcfGH\xd9'\xf6\xf4\xf7\
h\xacZ\xd9]\xf2R\x02\x90pp\xa4\x83\xeb\xba\xf8\
A@&\x9b\xa3P(1:1I\xbeX\xe2\xcc\xc9\
c4*\x15\xce\x1c{\x0e\xad\x15\x00RJ\x8a\xe5\x91\
\xbe\x0b`\x85\xdf\x98T\x83\x0dv\xfb\x19\xbc\xaaK/\
\xf4\xe2\xfb\xb2\xbb\x12\xe8)\x96\x1c6\x0ep\xdb1T\
\x00C\x5c\x8c\xde\xb0\x8b^\x7f\xbfk\xc7\xe5V\xba\xd4\
,\x07\xd0J\xd3\xedtX;\x7f\x8eS\xcf=\xcd\xd2\
\xe9\x93t\xbb]\xc6&\xa6\xd8\x7f\xe4.\xf6\x1f\xb9\x8b\
\xa9\x99Y\xb2\xf9<R^\x14{\xdc\x91EH\x9bw\
\x926\xf0\xec\x7f\xc8ISy\xd6\x0a\xb1\xe9A\x81#\
\x1cd&\x83\xe7\xfbdr9r\xf9<\xd9|\x8e\x13\
O?Ee}\x9d\xa5\x93'\x90\xd2\xc1\xf3<\x5c\xcf\
#_(\x0eZ\x01\xf6\xca.\xbb\xca\x0f(\xa2\xfe9\
\x0e\xdc\xba>\xf1\x89\xc1\xeb\xb9\xf8\x97i+dnk\
q\xd0\xb0\x1ap\x88>~\xf2'\x7fR,,,<\
\xe0\xban\x8f\xfc\xb33i\x7fC\xd8I\xf2\x89\xa3\x88\
\xcd\xf55\x8e?\xfd\x14'\x9f}\x9aV\xa3\xc1\xe8\xc4\
$\x07\x8f\xde\xc3\xa1\xa3\xf70\xbdg\x0f\xd9\x5c~\xc0\
\xdcO}\x90\x1du\x04\xca\x96\xf3\x9a\xb6m\xdf\xa5k\
\xf6\xd5\xb4\xd2\xdf\xc7)\x7f\xc7\xc6\x09\xfa\x89=ic\
\x07\x9e\xef\x93\xcf\x17\xc8\x17\x8b\x08\xa0\xd5hR\xabl\
\x11\xb6\xdb}\xe1\xcfds8\xae]\x1f\xad\x1a\xba\xa8\
\x9c\xb8\xdf\xb9H\x01\x89-\x822a\xba\xa9\xf4\xae\xf5\
&\x181\xa0\x1cw\xcd0\xc4\xc0\x9a1\xe6K\xa5R\
\xa9\xf3\xe5/\x7f\xf9\xb6\xb9\x01C\x0b`\x88\xdb\x06\xa3\
5\xedV\x83\xf3Kg8s\xe29j\x95-J#\
\xa3\xecM\xcd\xfe\x89\xe9\x19\x82 s)\x7f\xbf\xbf\x83\
\xb4s\xafi\xdb\xe6\x1d\xc9\xa6\xed\xe8\xa3\xeb\xa0c\x9b\
ft\xf2\x96\xd2\xeb\x8e\xa7\xe4\xa3\xb2m\x22\x92\xae\xc8\
\xbd\xd8\x81\xeb\xfb\x8cMMsP+\x92$!y\x22\
\xa6^\xa9p\xf6\xe4\x09\xcb\x1eLy\x06\xae\xeb\xb2\xbd\
\xc2\xf7\xba\x14%X\xa1O@G\xb6\xa6@\xb7\xd2\x8e\
\xc2\xc6fB\x9cq\x9b\xfa\xbc\xba\x0e\xed\xb9\x163\xbe\
\xef?\xfa\xa1\x0f\xfd\xfcg\xbf\xf6\xb5\xafm~\xe1\x0b\
_P\xb7\xe4\xa6_\x05C\x050\xc4m\x80-\xe3\x8b\
\xc2\x90\xea\xc6\x06\xcb\xa7N\xb1\xb1\xb2\x82\xef\xfb,\x1c\
8\xc0\xbe\xc3G\x98\x9c\x9e!\x93\xc9\xf4\xcd\xee\x9d:\
\xa0\xb7\xeawl}A\xbc\x02\xd1\x19\x88\xcfAr\x01\
\xa1kV\x10\x85\x04\x99\xc58\xe3i\x91\xd2\x01\xdb\xda\
\xcb\x9d@\xa44_\x83@\xa4\xd6\x81\xeb\xba\x8cO\xcd\
p\xe0\xee\x98n\xb7\xcb\xf1\xa7\x9fdkc\x9d\xa5S\
'\x19\x1d\x9f W(\xe0H\x99\x9eK\xef\xf85P\
u+\xf0&\x04\xd5\xb0\xcaHUl\x99\xb1\xc8\x80\xb7\
h\x1b\x8b\xc8 \xb5\xea\xafjD\xf9\xc0~!\xc4/\
x\x9e\xf7\xf7R\xca\xba=\xe0\xf3\x8f\xa1\x02\x18\xe2V\
\xe2\x12/\xb9g\xb9k\xa3E\xbb\xd5dy\xe9\x0c+\
\xe7\x96\x88\xe3\x98\xe9=\xf3,\xee;\xc8\xd4\xcc,\x99\
ln\xa7\xf0\xef\xd8\x93\xb6\xablr\xc1\xb6\x0a\xef<\
\x89\x08\x8f\x81Z\xb5B\xd9\x87\x024B\x04\x10\x9d\xc2\
\xc4\xab\xa0\x1b\xb6\xce\xdf\x9b\x05\x91C\xa4\x19\x89\x9e\x82\
\xf1|\x9f\xf1\xc9)\xf6\x1e:L\xa3V\xe5\xcc\x89c\
l\x5cXe}u\x85\xb1\xa9)\xbc\xc0G:\xc2V\
8\xc6+\x10>c{\x08\xaa\xaam\x1e\xaa\x9aV\x09\
\x98f\xba\x96Oa\x8c\x00w\x0e\xbckr\xe7\x07\x98\
T\x8crk\xd2\x8b\xd7\x8c\xa1\x02\x18\xe2V\xe3\xe2\xd0\
\xbc0\xc6\x08\xad\x15\x9dV\x83\x0b\xe7\xcfS\xadT\xc8\
\x97\xca\xcc\xed\xdd\xc7\xc4\xcc,\xd9|\x01\xc7\xb1\x8d7\
w\xb7\xfe\xb5\x15\xe4\xe88t\xbe\x8d\xe8>i\xab\x0e\
\x85gg\x068c\xd6\xf471\xc4\x1bv5NV\
\x10\xba\x85\xd1m\x1b$\x14>x\xb6\xce\xbf_\x96\x97\
\x1e,\x93\xcb393\xcb\xfc\xbe\x03\xb4\xea\x0d:\xed\
\x16\xd5\xadM\x9a\xf5:\xc5R\x09\xd7q\xad\xb0'\xcb\
\xd0\xfe.t\xbe\x8bH\xb6\xac\xd8j\x0d\xdaA8Y\
\x8c;\x06\xee\x94\x9d_\xe0\x16\xb8F\xf3\xbfw\xcf\x86\
L\xc0!\xbe/`\x80\xef\x00\xe7\xb0s\x02g\xb5\xd6\
~\xbb\xd9dcm\x95\xca\xfa\x05t\x1c3\xbe\xb8\xc8\
\xec\xfc\x22\xe5\xb11\x5c\xcf\xdb%\x83\xd0\xd3!i\x03\
\x8f\xeeq+x\xe1\xd3\xd6\x0cw& \xd8o\xcd\xfc\
^\xcf\x01\x13\xdb\xd6d\xe1)\xdb\xec3\xd9@\x84\xc7\
12o\x9b}\xca\x92\xed\xfb\x97\xa6\x09mvN \
\xa5\xa4P,1\xb7\xb0Hmk\x93s\xa7O\xd1n\
5\xe94\x1b$q\x8c\xefK\x0c:\x8d+:\x08\x99\
\x07G\xd8\xeaF\xaf\x00r\x0c\xe3N\x807\x8d\xf1\xf7\
\xd8IF\xeeT\x1a{\xb82\x8d\xe2\x85\xc6P\x01\x0c\
\xd1\xc7\xcc\xcc\x8cp\x9c\x9bN\x0c\x19l\x83\x8b\xef\x02\
\xf3\xc0\x94V\x9aV\xa3\xc9\xfa\xea\x1a\xcdF\x83 \x9b\
a|j\x9a\xd1\xf1q2\xd9,N\xca\xec\xeb\x7f{\
\x9b/h\xb7d\x1d\xba\xcfZ\xf3_\xd50\xce\x18\x04\
\xf7@\xf6ei\x0b\xaf1[\x88d4x\xf5T\xf8\
\xb2\x88\xee\x13i\xcc\xe0\xac\xdd\xfc\x05,{w\xe75\
\xf62\x03\xe5\xb11&gf\xa9ln\x92\xc41\xed\
V\x938\x0a1Y\xdf\xd2\x99\xfd90\xaf\xc4x\xb3\
\x08\x93X\xff^\x161\xee\xa8\xa5:\xf7\xaa\x0ae!\
m'~\xdd\xe2%\x00\xf1\xf6\xb7\xff\xb0\xf8\xcew\xbe\
#\x96\x97\x97\x9f\xf7\xd6\xe1C\x050\x04\x00\x1f\xfa\xd0\
\x87\xe4\xfc\xfc\xfc\xdd\x8e\xe3\xcc\xd3/w\xbd\x06\x96\xdb\
\xa50\x08\xba@\xcb\x18\x12c\x8c\xd1Z\xd3i\xb5\xa8\
lm\xd2\xedv)\x94J\x8c\x8cOl\x9b\xfe\xfd*\
\xe3\x81\x22#3`\x01$5;#P5A\xe4\xed\
\x9c\xc0\xccK \xb8+\xad\xe3\xcf\xd8\xd3\xc5\xa4]\x89\
]\xdb\xa4DU\x11\xbai\x9b\x97\xc6+6xg\xb4\
\x0d\x16\x1a\xfa\xe9AR+ \xc8d\x18\x19\x1f\xa7<\
6\x9a\xd2\x84\xab4\x1b\x0d\xcbI\xf0\xb3\xe9d\xa2\x22\
\x228\x8cA\x01\x9eu-D\x90\x06\xfc\xbcT\xe8\xdd\
]\x0a\x9f\xae\xc9\x0ap\x81\xfb\xde\xf9\xcew\xae\x7f\xe1\
\x0b\x7f\xbd\xb2\xbc\xbc\x1c^\xd7\x9d\xbf\x01\x0c{\x02\x0e\
\x01\xc0\x87?\xfca'\x97\xcb\xbfD\x08\xb1\x08\xe40\
F\xa6\xcd\xf7\xd8N\x81\xf5&\xe7\xa6\xe5\xbd:\xb4\x93\
{u;\x9d\xe0\x9b\x00F`L\x19\xc34\x90\xc1\x18\
\xa1\x95\xad\xf6k\xd6j\xa8$!_(R,\x8f\xe0\
\x07A\x9a\x9b\xbf\xc2\x89\x19m\x8f-<p\xc61\xfe\
\x01+\xf8\xfe\xbe\xb4\x049\x9f\x0a\xa1\x97nYpG\
\xad\xb0\xba\xd3\xf6g\xd3\xb1\x91z\xddb\xc7\xd4\xdf\x01\
\x08!p=\x8fB\xa9Lyd\x14\x10T77\xa8\
ll\x10uC\x0c.\x88\x82=\xa6\xb7\x00\xde\xde\xd4\
\xd4\x9fI\xe7\x15\x94\xd2U?\xd8\x16\xfe\xeb\x1f^\xe2\
\x03?699y\xd7\xd1\xa3Gs\xd3\xd3\xd3\xcf\xbb\
|\x0e-\x80!\x06\x11a\x99h\xbdB}\xb6Sp\
\xc9\xb6\xe0\xd3\xab\xef\x8fl\xfe\xbd\x17dsG\xc0)\
\x0a\x84{\x17\xb6\x92p\xca\x80\x1b\xc7I\xda\xd9\xa7\x05\
\xc6\x90/\x14\xc8\x17l\xe1\x8d\x10\xdb\x84\x9f\xdd!\xad\
i\xed\x1fH\xcd\xec\xb2\xb5\x00\xbc\x99T\xf8{u\x07\
\xe9\xa9\x0a\x09\xc6\xb3\xc2(\xf3V)h\xbdM\x10\xea\
\xad\xdc\x17A\x08\x81\xe3\xb8\xe4\xf2\x05\x0a\xc52R\x0a\
j\xd5\x0a\x95\x8du\xa6\xe7\xe6\xc8\x15\x8aH\xd7a\x97\
\x8eA\x17\xef\xe8\xd2K\xb8v%\xe0b\xe3&\xd7N\
\xc3\xbeI\x0c\x15\xc0\x10=\x08l*j\xa0\x1f\xb6I\
\x85>e\xdc%U\x1b\x8d7\x9dt\xe5\xefn\x93_\
\xe4\x08d\x0e\x81\xf0\x04N\xfe\x00\x88y o\xb4v\
\xe28&\x0a\xbbDQ\x84\x10\x82L6K6\x9b\xed\
3\xed\xb6\x0f\x7f\xf1\xe9`\x05\xdc\x9d\x80\xcc=\xf6\xb8\
2\x97F\xfdK\xf4\xe7\x05\xec\xc0\x80\xb5\x922\xf5\x04\
`\x84\xdc\xe5\xb3\xe9!\x84\xe8\x97\x00{\xbeO6\x9f\
C:.\x9dV\x8bje\x8bV\xb3Ey,\xc1q\
\xdd\xcb\x93\x94v\xee\xf0\xea\x9f\xd9\xe5[\xe9k\x01+\
\xfc\x83-\xd8\x9e7\x0c\x15\xc0\x10=8\xd8\xfe\x7f\xfb\
\xe9\xd7\x01\xf4&\xe8lBx\x0a\x91F\xd6-\xeb\xad\
\x93Z\x006\x18f\xbcy;\xb7\xcf\x9b\x16\x90/\xf4\
v\xda\xef\xef\x97$\xa8$A\x08\x81\xefyxiu\
\xdf\xee\x025\xd8\x92KZ\xf3\xda\xf3\x01\x95\x0a\xbd\xbf\
-\xfc;\xcc\xf9T\xf0uh\xd9\x81\xaa\x06\xa6\x8b\x11\
\x0e\x88\x9c%\xe9\xec\xd2\x94\xa4\x7fT!p\x1c\xdbR\
\xcc\xf5=\x92$\xa1\xd9h\xd0j6\x89\xe3\x88 \x93\
\xe9}\xf0&o\xf5n\x17\xfc\xc2`\xa8\x00\x86\xe8A\
b\xfb\xffM`-\x81\xb4kG\x0c\xaab\x85\xbf\xf3\
/\x10_\xc0\x10a\xc99\x0e\xfd& &\x86\xde\x80\
\xd0\x01\xd80\x82\xee\xb7\xf2\x96R\xe0\xb8n\xda|\xe3\
\x0a\xe6r_\xb0\x85\x8d\xf0\x0b\x87\xedt\xb9\xe8\x9f\x1e\
ie \xbd\xa1\x1f\xa6k\x83~\xd12\x22Y\xc1\xe8\
\xd0F\xe5\x9d\x89t\xb4\xf8\xeeY\x8e~\xf5\x1f\xf4;\
\x0b#\x04Q\x18\xd2\xed\xb4I\xe2;f\xa0\xef-\xc5\
P\x01\x0c1\x88\x0e6\x0e\xa0\xd81\x00DZ\xc1\x91\
AjzK\xfa\xad\xbfd\xde\xfa\xe5\xde\xbcM\x93\xc9\
\x0c\x97,h=\xab<\x15\x5c\xad\x0dz\xa0B\xf0\xda\
\xb0\x9b\xf9\xde\x8bQ\x0c\x14\xe3\xa8M\x9b2\xec<\x09\
\xd19@\xa7\x81\xbb9\xab\xa8\xae\x96\x97\x17\xb6$\xd8\
q\x5c\xdbj,IH\xe2x{\x16\xc1\xf7\x19\x86\x0a\
`\x88\x1eb\xe0\xab\xd8\xdc\xfd\xab\x801\xdb)3\xb0\
y\xf5\xecKl\xb4[\xc76\xb0&3i\xa0-k\
#\xed=\x92\x8d\x08v\xecT\x00\xd2qp<\x17\xc7\
\x91\xc4\x91!I\x12T\xa2\xae\xac\x00\x06\xcd\xecK\xea\
\xe9{E9\xf1v\x84_\xd5 \xa9Ct\x16\xc2g\
\xac\xc5\xa2\x9bV\xf8\xfdC\xb6\xf5\xb7,\xb2=\xee\xeb\
\xda\xacn\xdba(\xcdD|\x1fb\xa8\x00\x86\x00\xe0\
]\xefzW\xfc\x07\x7f\xf0\x07\x7fw\xcf=/\xb9\xd7\
\xf3\xbc\xb4\x1b\xb0p\x11\xbe\x1d\x9d%\x03\xbb\xca\x1bC\
\x7f|w?\xdf\xedl\xff|Q\xec\xca\xb6\xea\xb6\xfd\
\xfa]\xd7C\xab&\xddn\x97n\x18\xa2\x12\x85\xe3^\
\xd2\x7f\xefR\x5c\xac\x0cL\x1a\xd5O\xb6 Z\x82\xe8\
\x14\x22Y\x05]\xb1L\xc0d\xc3\x06/\xdd)[\x07\
\x909j-\x00\x99\xe5r\xab\xff\xf6\x181PZ\x91\
$v\xd5\xefY\x03\xcf\x83\xdf\x7fG`\xa8\x00^D\
\xf8\x9d\xdf\xf9\x1d\x01\x04\xc6p\x00\xd8\x10\x82-@\xfd\
\xe2/\xfe\xe2M/O\xdf\xf9\xcewL\xadV\xdb\xd0\
Z\xd7\xb0n@\xda\x14\xcf\x012\xa9\x80\xf7z`\xf6\
\xdc\x82Aszw\xd3Z\x08\x81\xe7yd2Y\xbc\
 @\x1bC\xbb\xd5\xa4\xddj\x10\xc71~\x10\x5c\xf2\
\x9d\xcb\xa3g\xf2kPm\x88\x96m\x5c\xa2\xfb\x84\x9d\
EHb\xff&|\xf0\xf6`\xfcC)ah\x7f\xda\
\x9f\xb0\xe7\xff_^\x09h\xadI\xe2\xd8\xce\x1eP\x0a\
'\xed&\xe4\xba\x97\xa4\x0eo\xe5\xc0\x10s\xd1\xebm\
\xc3P\x01\xdc\x81\xf8\xd9\x9f\xfdY\xb7P(\x16^\xf1\
\x8a{\x8bo|\xe3\x9b\x06\xf3\xc1\x12\xdb:\xea\x87\x81\
'\x80g\x80\xee{\xdf\xfb\xbf\xf5\x1f\x9cz\xbdn\xbe\
\xf1\x8doDa\xd8\xad=\xf1\xc4\x13\xcdO|\xe2\x13\
\xd7\xfcPi\xdb\x17k\xdb\xd9\xed\xf7\xfb\x93\xf4\x99v\
\xdb\x7f\xdc\xf1r\xc5\xc8\xba\xeb\x90\xc9e\xc9\x17\x8bl\
\xad_\xa0\xd5h\xd0\xa8\xd6\x88\xa2\x90\xac\xc9\xf7\x9b}\
\x5cS\x8a\x0d\xec\xea\xae\x9b\xb6\xe0'<\x0e\xf1\x09k\
\x118\xe36e\xe8N\xdb\x8e\xc4\xfdr\xe0\xc9\x94\xa0\
s\xb1\xc2\xbah\xb7\xc6\x90\xc4\x11\x9dV\x8bn\xbb\x8d\
\xc1\xd8\x94e.g\xeb\x15v9\x13\xa0\x92\xbe\xf6\xaa\
\x7fn\x94\xbc\x93j6\x96\x81\x06\x83|\x8c\xe7\x11C\
\x05p\x07\xe0\x81\x07\x1e\x90\xd3\xd3\xd3\xc1\xa1C\x872\
\x0f>\xf8\xa0s\xf0\xe0\xa1b6\x9b=011~\
$\x9b\xcd\x0d\xf6\x8a\x93\xd8>\xf2o\xc1\xb6\xa5>\xce\
\xf6\xb4\x1a\x00&''\xd5\x81\x03\x07\xaaq\x1c?q\
\xf6\xec\xd9\x13G\x8f\x1eU\xdf\xfd\xee?\xc7\x1b\x1b\xeb\
\xddo\x7f\xfb\xdb\xd1\xd2\xd2\xd2\x95\x1e\xaa\xed\xbf\xed\xda\
\xec\xf32\x02z9%`\x0cB\xd8\x18@6\x9f\xa7\
<:\xc6Zp\x8eV\xb3Auk\x93N\xbbM\xa1\
T\xee\xa7\x03wi\xc7\xbd\xcb\xd9\xf5\x82~-\x1b\xf0\
S\xeb6%\xe9\x8cBp\xb7\x1d\xf9\xe5\xcd\xa5\x0c\xbd\
)\xbb\xf2\xf7\xa6\xfd\xf6\xd8y\x17\xefv\xa0\x93p\xbb\
\xd5\xa2^\xabZ\xe5\x94\xcdQ\x1e\x1d%_(\xe2z\
\xbbr\x004V\x11'\xd8a!\xe3\xdc\x1c\xbb6\x02\
\xbe\x8c\x1d@\xd2e\xa8\x00\xbe\xbfq\xdf}\xf79\xd3\
\xd3\xd3\xee\xfb\xde\xf7\x93\xf9}\xfb\xf6\xcd\x1f8\xb0\x7f\
qrr\xaa\x88]\xe5\x8f\xb2=\x97op\xd9\xf2\x80\
Y\xec\xa8\xee\xfb\xb8\xb4qD\x22\x84\xd8\xf0}\x7f\xff\
\xa1C\x87\x9e<t\xe8Pr\xec\xd8\xb1\xcd\xcd\xcd\xcd\
S_\xfc\xe2\x17W>\xf3\x99\xff\xda~\xee\xb9\xe7\xae\
\xed\xc1\xbaI\xbf\xb7Wq'\xa5$\x97/0>9\
I\xaeP\xa0\xba\xb1Ie}\x9dz\xb5Bit\x14\
\xd7u\xaf.\xfc=\x984\x00\xa8\xdbi\x1d~\x17D\
\x06\xe3\xed\x83\xcc\xbd\xe9D\xe2\x89\xb4('\x9b\xd2\x83\
{\xc2\x7f\xa5\xdd\xda\xe0d\xb3^\xa7Q\xab\xe1\xb8.\
\x9333L\xcd\xccR(\x95l\x1c`\xfb\xd3\x0c\xec\
\xecY\xac\xb0\xee\xc1\xd6\xf3\xdf\x0cb\xe0\xbf?\xf7\xdc\
s\xa7\x9f~\xfa\x99\xce\xda\xda\xdaP\x01|\xbf\xe2\x91\
G\x1e\x91\x8f=\xf6\xde\x91\xbd{\xf7\xce\xbc\xe2\x15\xaf\
\x98+\x95J\xf7\x01\xf7\x19c&\xd8\x1eB1\xc3\xf6\
d\x9e\x8b\x91\xc7*\x82A\x18@\x0b!Z\xe9\xdf^\
\x03\xe8\xc3\x87\x0f\x9f9|\xf8\xf0\xdf\xcf\xcd\xcd\xfd\xaf\
L&8\xfb\xc7\x7f\xfc\xc7\xedc\xc7\x8e]\xeb\xc3u\
\xd3\xb5\xeaRHr\xf9<\xe3\x93v6_e}\x9d\
\xad\x8du\xd6WW\x18\x19\x9f \xf0\x03<\xdf\xbf6\
+\xa0\xc7N\xd4\xa1\x15~H\xa9\xc2\x8b\x10\x1c\x02\x7f\
>\x9d\xf3\x97Z\xe3i\x0b\xb0\xfe\xeb\xe0\x9e.\x1aJ\
\x1a\x85]\x9a\x8d:q\x1412:\xc6\xec\xfc\x023\
\xf3\x0bi\x83\xd2\x01\x17\xc8\x0ct,\x11\xbd\xea\x9f[\
R\xf7\xab\x803\x9f\xff\xfc\x7f\xab}\xe1\x0b\x7f}[\
\x88\x07C\x05\xf0\x02\xe0mo{\x9b\xfc\xe8G?Z\
\xba\xf7\xdeW\xbc\xd4u\xdd\xd7c\xe7\xc3\xddE:\x8b\
\xcf\x18s\xf5\xe8\xda\xee0\xc2\x92\xebK\xd8\x88\xdd\xdd\
\xd8'\xf5\x020\xb2\xb8\xb8\xe8<\xfe\xf8\xe3\xdaq\xdc\
\xb3\x9f\xfa\xd4\xa7\xba++\xe7\xa9T*\x17+\x82\xc1\
\x86\x1e\xb7\xa4Q\x85\x90\x92 \xc8\xf4\x87t\xae.\x9f\
\xa3V\xddb\xf5\xdc\x12\x93S\xd3\x14\x0a\x05k\x05\x08\
q\x0dV@j\x01\xa0\xac\x85\x223\x96\x93\xe0N\xa7\
=\x00\x0b)Sp\xe0\xb6]e\x9f\xbd!%\xedf\
\x93V\xb3\x81\xe7{\x8c\x8e\xcd\xb2\xb0\xff\x00\xa3\xe3\xe3\
\xf8\xbeg\xfb\x08\x19\xd2}\xf6\x85_`\xad\xb0\x84\x9b\
7\xff\xfb\xf8\x87\x7f\xf8\x87\xdb\x16\x0c\x1c*\x80\xdb\x88\
7\xbd\xe9M\xf25\xafyM\xf0\x9e\xf7<\x96}\xf9\
\xcb_~\x0f\xf0#\xc0#\xc6\x98\x03\xd8\x99\xf1\xfd\xa7\
6U\x02\xfd\xa9\xb9\x86\x9483\xf8\xec\x89\xde\x90\x8c\
\xfe&\xd2U\xed\xa2\xa49\xd3B\x88\x07\x009?\xbf\
`\xde\xf7\xbe\xf7\xb1\xb00\xbf\xf2\xd5\xaf~Uw:\
\x9d\xe4O\xff\xf4O\xbb@\xaf%W\xc4vQ\x90\xcf\
\xadP\x00\xd88@\xaeP`zn\x0f+Kg9\
{\xf2$k\xcb\xe7\x98\x9c\x9e\xa14:\x86\x1fd\xf0\
\xaf5\x16\x90\x12\x91\x84\x1c\xc1\xb8\xb3\x96\xe0\xe3M\x83\
\xd3\xab\xc1Oo\xe3.\xab~\xff\xa6\x0c\xac\xfeZk\
:\x9d6\x95\xcd\xed\xb8\xc4\xf4\x9e=\x8c\x8c\x8f\xe3\x05\
\x1e\x02\x95*\x1d\x89\xcd$\xf4c\x09\x02c^>p\
\x99\xe9\xbb\x17O\xcap\xa8\x00n\x13~\xe6g~F\
\xfc\xc6o\xfcFadd\xf4n\xacy\xfe0\xf06\
\xac\xef\xe8\x91\xae\xfa\x96:k\xd3QZ)\x92(\x22\
\x8cB\xe2X'\xfdH\x00\x00 \x00IDAT8\
F\xa9\x04\xb4\xe9\xb7\xb7v]\x17\xd7\xf7\xf1|\x1f\xcf\
\xb5s\xf2\x06)\xad\xf6M\x7fp\xdf\x04\xf0\x06 7\
333\xfa\xd8c\xef}\xe6\xb1\xc7\xde\x1b\x01\xeb\x1f\
\xfb\xd8\xc7\xbe\xb7\xb8\xb8\xa8\x8b\xc5\x22B\x88s\xc0Y\
\xac\xfbq\x03\xe3\xc1vB\x08\x91\x16\xe9I2\xb9<\
\xd3{\xe6\x99\x9d_d}u\x95\xea\xd6&gO\x9d\
\xa08:J&\x9fg$\x0d\xb4]Y\xf8\x1d\xeb\xdb\
\xbb\x13\x96\xe0#\xcb\xa9\x02X\xb4m\xc1vT\xeb]\
}\xe5\x07\xec\x88\xb2j\x95\xf5\xb5\x15\xe2(brf\
\x96\x91\x89\x09<_\x22M\x0b\xa1\xdb\x08\xa3,\x13R\
\x16R\xb2\x93#`\x90\xcb\xfc\xe2\x11\xfaA\x0c\x15\xc0\
m\xc0G>\xf2\x11\xf1\x9b\xbf\xf9[\x1e6R\xfc\x7f\
\x03\xaf5\xc6\xf4\x06o\xf4\x04_\xd0\xcbC'1q\
\x18\xa6\xbd\xe9*lm\x5c\xa0V\xad\x12\x85]\xe2\xc8\
\x16\xa5HG\x92\xcd\x17(\x8f\x8cQ\x1a\x1d\xa5X*\
\x91\xcd\xe6\xf1|\xdfr\xed\xa5\xecG\xf2S\xcb@\x02\
#B\x88\x87\x807a\xfd\xcd:\xf0w{\xf6\xcc\xff\
\x9cR}\xae\xebW\xb1.\xc4(\xd6\x8d\xb8eM*\
}\xdf\xa7<6\xce\xdc\xde}\x5cX]\xe1\xd4s\xcf\
\xb0t\xea$\xd9|\x9eB\xb1H&\x13\x90\xcd\xd9&\
!\xe6\xe2\xd4`\xbfQ\x08\xd6\xbf\xf7&\xac\x220\x07\
S\x17\xa0\xd7\x82;\xc5U\x02~=h\xadi\xd4k\
\x5cX=O\xadZ\xa1P,12:J>\x9f\xc1\
\xa1\x89\x8c\xcf!\xa23\xa0\x1a\xb6\xf3\x8f\xbf\xcf\xf6\xfc\
\x93%v\x16\xed\xf5M\xb3]\xb2'\x97?\x95k\xf9\
\xd0\xf3\x89\xa1\x02\xb8\x0d\xf8\xe5_\xfee\x09\xbc\x16\xf8\
\xbf\xb0>c\xbaTAoj\x8e\xd6\x1a\x95\xc4\xd4*\
\x9b,\x9f9\xc3\xd9S\xa7\xb8p~\x99\xca\xc6\x06\xad\
f\x83(\x8e\xd0I\x82#%\x89\x01\xc7\x11H\xe9\xe2\
\x07\x19\x0a\x85\x22\xe5\xb1Q&gf\x99[\x5cdz\
\xcf<\xa3c\x13ds9D\xaf\xd3.\xf4\xa4\xa9g\
\x118X!\x7f\x08;\x9b\xbe\xa7\x00\x046\x0b1\x81\
\x0d@\xdeRd\xb2Y\x16\x0f\x1eL\xab\xec\x1av*\
\xf0\x89\x13\x04A\x16\xc7\xf5\x98\xdf\xbb\x9fL6\xdb\xef\
\x10\xbc\x13\xbd\x14`\x17T\xcbR\x81eZ\x93p\x9d\
\xdeJ\xef\x9e\xb7\x9a\x0d\x96\xcf\x9e\xe1\xdc\xa9\x93$Q\
L~f\xae?\x95H\xa8\xae%\x1b\xb5\xbf\x03\xf1i\
\xbb\x7fw\x012\x87m\xb6\xa1O0\xf2\xb1\xdd\x81z\
\xe7|]\xd6\xc0\x00\xbb\x89\x9d<\x8c\xdb\x80\xa1\x02x\
\x1e\xb1\xb0\xb0 ~\xf5W\x7f\xb5X.\x8f\xbc\x19\xf8\
)\xe0^\xa0\x94\xae\xc6\xa2\x97{\x0e\xbb\x1d\xb66\xd6\
Y>}\x8a\xb3\xa7N\xb0r\xee\x1c\xd5\xcdM\xba\xed\
&\x22n\xe3\x99\x90\xb2\x89\xf0\x8c\xc6\x11\x02m\x0c\xda\
H\x22$Q\xc3\xa5R\x09\xa8\xaee9\x7f\xc6\x0e\xda\
\x1c\x9f\x9cana\x9e\xbd\x87\x0e3=7G&W\
\xb0\xb5\xec;\xf4\x00`\x95@\x09\x1b\x80\x1c\x84\xc3\x8e\
\xbe\x007\x8f\xde1\xa5t\xc8\xe5\x0b\xec=t\x98v\
\xdat\xb3\xb2\xb1\xc1\x89\xa7\x9fB\xa9\x848\x0cY8\
p\x90B:\x9a\xcbv\xefMwb\x12\xdb\xe3/Z\
\x82\xf8\xbc\xcd\x04\xb8c\x96\xec\xe3\xcdZK\xe0*0\
\x03\x0a7\xeavX9s\x8a3\xcf\xd8\xf1`\xa3\x93\
S\x14J\xe5t8I:\xa9\xcb\xc9Y\x05c\x84\xa5\
\x18\xc7\xb64\x1a\x7f\x8f\xa5\x17{s\xe9\x0c\x82\xf94\
\xfd\x98eg\xe5\xe2\xd5O\x09\x9bF<\x0e\xfcg\xac\
\xfb\x15_\xf7\x0d\xbeA\x0c\x15\xc0\xf3\x88\x87\x1ezH\
\xbc\xeeu\xff&+\xa5\xbc\x0bk\x01\x8c\x18c\x1cR\
\xe1\x8f\xc3\x90z\xad*V\xcf-q\xe6\xc41\x96N\
\x9d\xa4\xb2v\x9e\xa4\xb9E&i2-C\xca\x99\x88\
\xa2\x17\x91\x93\x09\xfe\x80\xc5\xa8\x10$Z\xd0Q\x0e-\
\xe5\xd1T>\xf5\x86O\xbb\xb5Fkc\x95\xcd\xd5e\
\xd6WW\xd8\x7f\xe4.\xf6\xec?\xc0\xe8\xf8\xa4\xc8d\
2H\xdb\xf4\xd3\x88\xed\xf1\xba\x97\x19xy\xeb\xd0\x0b\
\xec\xf5\xde\xbb\x9e\xcf\xe8\xf88\xfb\x0e\xdfE\xd8\xedr\
\xc2<E\xbdZ\xe1\xf4\xb1gQqL\xa7\xd5b\xef\
\xc1C\x8cNN e/.\x00\x98\x10\x91lBx\
\x1c\xc2\xa7m\x8f@w\xce\x1eD\x16\xc1\xf5\xb9t\xda\
\xddvs#\x93v8RJ\xd1\xac7X9{\x9a\
\xe7\x9e\xf8\x1e\xcb\xa7O\xe1\xfa>\x85R\x89\xd2H\xd9\
\xb6*\x13\xae\xadt\xf4\xe60\x99\x97 d\x80\x88\x96\
\xac\x12H\x9av6@|\x06\xe3\x8cBp\x14\x84N\
3\x12\xfe6\xef\xe0\xda\xa1\x80\xf50\x0c\xbf\xfc\xbb\xbf\
\xfb\x9fk\x9f\xff\xfc\xe7o\xcbP\x10\x18\xce\x06|\xde\
\xf0+\xbf\xf2+\xce\x8f\xfd\xd8\x8f\x8f\xbe\xf4\xa5/}\
\x85\xe7y?\x04\xdc\x871\x1e\x18a\xb4\x12\xddN\x8b\
\xcd\x0b+\x9c>\xfe\xac8\xf6\xe4\xbfr\xfa\xb9gh\
\xac-\x91\xed^`VV\xd8\x17\xd49\x90k\xb1/\
\xdfa!\xd7e&\x172\x99\x8b\x99\xc8\xc4L\xe4b\
\xc6\x83\x98\x09?f\xd2\x8f\x98\xf0\x22F\xbd\x88\x92\x13\
\x91%\x84\xa4K\xa7\xdd\xa6V\xaf\xd1j5\x89\x93\x04\
G\x0a\x5c\xdf\x8e\xba\xb2\x99B\xdb\xaf\x7f \xe5(\x00\
!\xb6\xdd\x84+\xf3f\xaf\x1d;Z\xfc\xf6,\x01\xc7\
q\xf0<_\xb8\x9e\x8b1\x9a\xb0\xdb\xe9\x93pZ\x8d\
&Q\x14\x22\x84\xc4\xf5<[\x9a\x9b*\x00\x92uD\
t\x0a\x11\x9eLg\x038i/\xfe\x994\x08hc\
\x1ff\xe0\x94{\x82o\xb4&\x0a\xbb\xac\xaf\xadr\xf6\
\xf81\x8e=\xf1\xaf\x9c;}\x8aD)&g\xe7X\
8x\x90\xa9\xd99\xb2\xb9|\x1ah\x95\x08\xe1\xa7%\
\xcf#\xe9\xb8\xb1\x92\x9d2$$\x10!L\x82p\x8a\
i\x0f\xc2\x89\xb4/\xa0s\x11\xed\xf8\xb2\xf7\xa5\xb7\x85\
\xc0\xa90\xec\xfe\xd1[\xde\xf2\x96\xe8&\xee\xf5uc\
h\x01\xdcb|\xe4#\x1f\xf1\x7f\xe4G~dlq\
q\xef\xcc\xc4\xc4\xc4\xdel6\xfbF\xac\xf0\xbb`\x04\
:\xc4D\x17\x88\x1b\xe7Ds\xfd$\xd5\xe5\x13\xd4\xce\
-c*\x15&\x92\x16sA\x93\xb9L\x8b1?\xa2\
\xe0*2\x81\xc6\xcbjd\xc6\xd8\x91Vi\xcf\x0d\xd3\
\x12\xd0\x15h\x05\xb1\x97\x10\xe9\x98i\x15QOB6\
T\xc8\xaa\xe8Rq\x1b\x98V\x83\xad\xe5\x1aR\xd7\x08\
\xbbMF'\xe7\xc8\xe6\xf2\xc2u]\x1c\xd7\xc5u\xbd\
>\x09g7\x5c3?\xff\xcaPB\x88:\xd04\xc6\
\x14\x84\x10E\xc7q\xdd|\xa1\xc0\xcc\x9e\x05\x8c1H\
\xc7\xe1\xec\x89\xe3T66X>{\x9af\xa3N\xbd\
Z\xe1\xe8+^\xc9\xdc\xc2\xa2\x1d\xd6\xd9\xcb\x008e\
+l\xc2\xb3\x82)s\x98\x8bZpoW\xf7\x19T\
b\x8b{lPu\x83\xa5\x93'9w\xea4[\x1b\
\x17\x10B05\xb7\x87\x85\x03\x87\x98\x9a\x99\xeb\x0f&\
\x15\x08\xeb\x02\xc8\x02x\x9e%\x1by\xd3\xe0\xcfc\xfc\
u\x88\xd7-\x0d\xd9D\xd6\x0aq\xca)\xeb\xf0\xba\xfd\
\xff\x08\xcb\xd38n\x8c\xb9\xed]G\x86\x0a\xe0\x16\xe0\
5\xafy\x8dx\xeb[\xdf\x9a\xf9\xc1\x1f|c\xe9\xc0\
\x81\x03\x93sssG\x83 x\x05\xb0\xdf\x18s\x0f\
\xb0\xd0\x13~\xa2\xf3B\xb4\xfe\x11\xb7\xfd$\x05\xb3\xc4\
\x84\xbfN\x9cm\xa3r1\x13:b\xc6\xef2\xeaG\
\xe4<\x85\xeb\x19\x9c\xbcA\x8c\x19D\xd9\xd8\x5c\x81\x96\
\xa0\x05\x9c\x07\x13[\x85\xe0\x09CFj\xf2\x8e\xa6\x94\
U\x8c\x061\x13\xc5\x90F\xb6E\x22k\x84\xa6J{\
\xab\xc9\x99v\x9d\xf5\xb5Er\x85\x112\xd9,A&\
C&\x9b\xa3X*\xe3\x05>\x9e\x17\xe0y\xdb\xe9\xc4\
kc\xe6]\x13\x12`\x1d;,dA\x08\x91\x03\x5c\
\xdb\x85\xb7\xc4\xcc\xc2\xa2\xad\xba\xf3\x03\xce\x1c\x7f\x8e\x95\
s\xe7X9w\x96\xb0\xdba|j\x86\xf1\xc9)\x82\
L\x16\xa4g9\xff\xfe~+\xf0\xaa\x996#\xb1\xa5\
\xbe\xfdF\xc6J\xd9\x92\xde8!\x8e\x22\xba\x9d\x16\xb5\
\xca\x16\xeb\xab+\xac\x9e;\xc7\xfa\xea\x0a\xadF\x83L\
6\xcb\xcc\xfc\x02\x8b\x07\x0e2\xb7\xb0\x97\xf2\xd8\x18\x9e\
\x9f\x92\x88\x84\x00\x93\x96=\x0b\xc7\xa6\xfed!mL\
:\x03~\xc3\xf6G\xd4\x91\xfd\xbd;eW\xffk3\
\xaa\x07\xad\xa2\xa6\xd6\xfa\xd9N\xa7\xfd\x95\xef}\xef{\
\xb7\xbd\xeb\xc8P\x01\xdc\x04~\xe0\x07~@>\xf2\xc8\
\xdb\x82{\xee9\x9a}\xc3\x1b\xde\xb0gtt\xec\xa5\
R\xca\x83\xc0=\xc6\x98\x97\x00\x93@\xd1\x18\x931Z\
\x09\x13W\x10\xad\x7fD4\xff\x0e?z\x8e\xb1\xa0\x8a\
?\x15Q\x8e\x01\x0f\x8a-MQ+\x02\xa9\x91R#\
\x02\x83\x1810e\x10#\xd8\x90\x9c\xd6\x90H\xd8\xda\
NC\x0b#\x90\x06\x1c\x09n^\x91\x99T\x94\xa6#\
\xe2\x9cD#ht\xda\x9c[\x0f9\xbf\xde`ui\
\x19\x9c\x11\xfc\x8cU\x00\xb9|\x81\xd2\xc8\x18\x85\x91\x11\
\xc6&\xa6(\x8f\x8c\x92\xcd\xe7\xf0\xfc`G\x91\x0e\xdc\
\x945\xd0\xcf<\x0c\x90\x95\xfa\xad\xb8\x8b\xa52\xae\x94\
6\xfd\xa75\xcdF\x93ze\x8bz\xb5J\x1cG\xb6\
\x1b\x8f1\x80\xb3M\xfbuG@G\x18\x11X\xa5 \
\xecl\x00\xad\x14a\xd8\xa5\xd3j\xd1n\xb5\xe8t\xda\
\xb4\x9b\x0d6\xd6V9\x7f\xf6\x0c[\xeb\xeb\x18c\x18\
\x19\x1fgnq\x1f\x0b\xfb\xf6357G\xb1d\xdb\
\x94\xef\xe8S\x98\xbe\x1a\x93v\x1e\x16.\x98T\x11\x98\
\xd1mF\x22\x8e=\xbe\xf0\x10\xd7\xde\xcb\xb3\xb7\xfao\
i\xad\x9e^^^\xfe_\x0f>\xf8\xe0\xb0\x1c\xf8\xc5\
\x82\x87\x1f~\xd8\xf9\xc0\x07>Pz\xf4G\x1f\xdd\x07\
\xec\x03\x8e\x00\xaf3\xc6\xec\xc7\xa6\xd0\xc6\x8c1\x01i\
\xc0/\x0a\xbb\x22\xac-\x91\xe9|\x13?\xfcW\x1c\xbd\
\x8e\xe3\xc6x#P@\x80\x96\xb8\xab\x02\xa7-RR\
\x80\x80\xc0 J\x06J\x06\xb2b;\xdd\x1c\x1bp\x8d\
\xfd\x8c\x11\xb6\x15\x9e\x11v:v\xc6\xe0L(\xfc\x09\
\x83qm,)\x97K0J\xd1\xde\x88\xa8\xacU\xa8\
7sh\xe9\x81\xeb!\xfd,~\xbeDat\x9c\x99\
\x85\x05\xe6\x16\x16\x99\x9a\x9d\xa34:F&\x93\xbd\xc4\
\x1a\x80\x1bR\x04\x0eV\x19\xe6\x80\xbc\xb0\xfcyk\xfa\
K\x89\xe7\xba\x90/0:>\xc1\xd8\xd44\x85r\x09\
!%~\x1002:\x86\xe7\xdb\xf9\x01\xd6\xef\x0el\
\xdf\x7fS\xb4\x8dA\x10 |\x8cp1\x06\xa2(\xa2\
\xb6\xb5\xc5\xe6\xfa\x05\x9a\x8d\x06J\xd9\x96^\xadf\x8b\
$Q\xe4\x8b%F\xc7'\xd8\xb3w/\xb3\xf3{\x19\
\x9b\x9c \x9b\xcb\xa7\xd5~\xdb\xc2/z\x13J\x8d\xbd\
\xef}\x82\xa5\x90`\xd2\x06(\xfd\x1c\x89\xf5\xf7\xc5\x8e\
j\xc3\xcb\xde\xa3\x9e\x90+\xa0f\x8c9\x1e\x86\xd1\xf7\
\x96\x96\x966\xae\xf7\xa6\xde\x0a\x0c\x15\xc0\x0d\xe0\xb5\xaf\
}\x9d\xfc\x0f\xff\xe1gJ\x8f>\xfa\x8e\xa3\x18\xf3V\
0\xaf\x06f\xc1,b(\x03\xaeI\x9f\x00\xad\x8dH\
\xe2\x88\xca\xe6:\x95s\xcf0\xe3\x9f\xc0\xf1\xb6pd\
l\xd3\xca.\xb89\x039c\xc9e6TF\x7fr\
M\xaf\x14\xbf\x17S\xea\x95\xc4\xf6\x9e/\x8du\x09z\
\x7f\x94)Q-\xe8q\x8a!\xf05\x13\xf9\x900W\
\x03\x19\xb3\x19\xfb\xb4cI[\x09:x\xd4\xdd\x1c\x95\
\xf396V\xcf\xb1\xb9\xba\xc2\xe2\xa1#,\xec?\xc0\
\xc4\xf4\x8c\x15\x0e\xf7\xa6;\xe2\xf4\xd2\x8d\xa5\xf4\xe7~\
:\xd2\xa4\xa4\x191\xb0\xf2J\x04A\x10P\x1e\x1bc\
zn\xcf\x00/\xa0'`\x9e\xdd\xc4`\xaaM\xa0\xb5\
\xa2\xd3n\xb1\xbe\xb6\xca\xea\xb9%\x92$\xa1X.\xdb\
\xd4^6Kyt\x8cL&\xc3\xc4\xf4\x0c\xa3\xe3\xe3\
\xe4\x8b\xa5KW}\x06\x15\x5cO\xe9\xf62\x09i0\
Q)\xb4\xd6\xe9\x5cA\x07\xa4\xe8S\xb3\xd3\x1d\x5c\xed\
~\x18l\xaa\xefB\x14E\xfft\xfa\xf4\xa9o}\xe9\
K_zAHAC\x05p\x9d\xb8\xfb\xee\xbb\xe5\xbf\
\xfbw\xff\xb6\xfc\xcew\xbc\xe3\x1e\x8cy\x1b\xf0\xa3\x18\
s\x18\x13\x06\xe8\xb6\xc0\xc4Xo\xdd\x13\xca\x04D\x91\
\xa6V\xadr\xfa\xd8s\xac\x1d\x7f\x12g\xb6\x86;\xa6\
\xc9f\x05B\x1a\xd0\x02\x11\x82\x8cm&\xa9\x1f\x17V\
\x02\xd3\x11\xd0\x10Vl\xb2\xa9[\xaa\x05\xc4 b\x01\
\x89\x00-,\x8b\xd8\x08[%\x9bHtd\x90\xb1\xc2\
I\x87\xd3\x0a \xe3hf3\x09\xc5|\x87V\x18\xd3\
\x8a\x04\xcd\xd0P\x8b\x1d6\x936\xeb\x91K\xadU\xe3\
d\xb5B\xb3Z\xa1\xd3l\x10G\x113{\xe6\xc9\x17\
K8;(\xba\xd7U#tM\x99\x04\xa35Q\x14\
\xd2n6\x09;\x1d\xfc `lr\x8ab\xb9\xdc\x0f\
R^\x22\x98;v`\x88\xe3\x98f\xa3\xce\xd6\xfa\x05\
\xaa\x1b\x1b\xb6\x09I\xa1\xc8\xf4\xfc\x02~\x10`\xb4\xc6\
\xf7}\xf2\xc5\xa2\x9d\xf8\xdb\x1fG.v\xbc^\x09Z\
)\x92n\x878\xec \x85\xc4\xcb\xe5q\xfd\xde4 \
Cj\x97]u7@\x0bXn\xb7\xdbO}\xf3\x9b\
\xdf<\xf1\xf1\x8f\x7f|\xa8\x00\xeet\xbc\xf5\xado\x95\
?\xfb\xb3?7\xf2\xe67\xbf\xf9%\xc0#`~\x08\
c\x8e`:>\xe1\x92\xa4\xfb\x0c\xe8M@\xa0\xcc8\
\xadd\x9e\xcd\x8a\xc3\xd2\xe9%\x8e?\xf5\x04\xcd\xe5\xd3\
\x8c\xd4B\x9cI\x9f\xd2\x84]\xa9\x93\xae \xd3\xd0\xe4\
+\x06\xaf+R%\x90\x9a\xf5m\x89\xae\x80.\x1at\
^\x83\x14\xc8\x10\xdc\x0b\x12\xaa\x0eD\x12\xa1\xa0\xd7\x19\
;I$\xed\x86\xa0y\xde\xc5s\x13F&\x12\x5c\xc7\
 \xb5\xc1M\xa0\xa0597!\x094\x89\x03\x91c\
h\xc4\xb0\x19G\xac%\x0e+Jq\xa1\x1e\xb3q*\
$\x0e\xbb\xc4Q\x88N\x12f\x17\xf7R(\x95\xd3\xc1\
\x18\xa9\xbbq\x8b\xa9\xefZk\xa20\xa4\xdd\xac\xd3\xed\
\xb4\xc9d\xb2\x8cOM!\xa5s\x91\xf0_\x06\xc6\xe6\
\xf7;\xad\x16\x8dj\x95n\xa7E6\x9f\xb31\x8e\xf2\
\x88eEb\x85\x5c:\xbdiD\xd7y\x11\xc6\xa0\x93\
\x98\xb8\xdd\xa2\xdb\xa8\x02\xd6\xa7q\x5c\xabL\xae\xe1\xbe\
\xf4\x84<\xc4\x06D\xff\x0581\xf0\xfb\xdb\x8e\xa1\x02\
\xb8\x0e\xbc\xe9Mo*>\xf8\xe0\x83\xf7d\xb3\xd9G\
\x0c<\x82\xe1\x08&\x0a\x88\xce\x09\x1a_\x83\xf6\xd7!\
9/\x10\x02\xa5\xe7\xa87\x8ep\xf2D\x8eg\x9e^\
cs\xf9\x1c\xf9\xa8N\x98@}\xcb\xa3\xb9\xe1\xd2\x08\
$\xaa%\x98\xea&\xcc\xea\x88\x22\x1aG\x83\xd0\x02\x84\
\xc1\xc4\x82\xa8!\xa9\xaeJ\xaa\x1d\x89\x06JJ3\xb9\
\xaa\x09\xaa \xd2Q|=\x05\x10&\x92\x8d\x8a\xcbR\
\xcb\x87\xae\xe6\xa0\xee0\x99\x8f\x08b\x85\xd8\x128\x0d\
\x90\x89\x0d\x16\xfa.d\xa4 \xebA.6\x14\xda\x1d\
J2\xa1\x10G\xact\x14\xcde\xcd\x09\xa5P\x89\xc6\
\x00\xf3\xfb\x0f\x90/\x16S\x81\xe4V\x04\x06\xd9&\xe9\
\x18\x94J\x08\xbb]Z\xcd&Q\x18\x92\xcb\x17\x18\x9b\
\x9cB\xba\x97>\xa2\x86\x9d\xe4\xa2\xde\xefl\x9e?\xa2\
\xddn\x11\x86\x11\x8e\xe3\xdalG\xe0\xa7\xfc\x87\x9bK\
u\x1ac\xd0qB\xdci\x13\xb7[\x18\xad\xf029\
\xbc\x5c\x0e!\x1d\x84\xbcb\x06\xa0w\xb2\xbd\xd5\xff\xa4\
\xd6\xfa[\xddn\xf7\xd9\xf7\xbf\xff\xfdC\x05\xf0b\xc0\
#\x8f\xbcm\xb2T*\xdd\x0f\xfc \x98#`r\xe8\
.t\x9f\x81\xd6\xd7\xa0\xf34\xb6\x9d\x1b\xa06P\x95\
e\xb6N\x97\xa9\x9e\xd6\xe4\xa2&\x8b~\x8b9\x22\xb2\
]\xc3\x99\xe5,\xc7\xe3,$\x10;\x1d\x0a\x19C\xce\
\x8fq\xc4v\xd3\x09\x9d\x08\xdau\x87sU\x8f\xe7T\
\x86\x8e\x96\x1c\xf0C\x0a\xb2\x8d\xaf\xf5\x0eSSiA\
'q\xb8\xd0\x0d8^\xc9\xd2\xae\x0b\xa4\x86\xd2\xb8\xc2\
\xef\x82\xa8\x09\xa8K\x08{AF\x1b\xcf\x92\x12\xa4\xd0\
\x98X#\xc3.\x81\x93\x10(\xc5RWS[1\x9c\
2 ]\x07/\xf0\xd9\xb3w?\x99L\x16q\xf3#\
\xc4\xb7\xd1\xa3Cw\xda4\xaa\x15\x1a\xd5\x0aa\x18R\
\x1a\x1b\xa342j}\xff\x9e\xa0_APE\xfag\
\xad\x15*QHG\xe2g2\x04A\xa6\xdf\xe3\xff\xe6\
OU\xa3\xe2\x908\xec\xa0\xe3\x08\xad5q\xb7C\x12\
EH\xd7\xc7\x11\xf2j\xfe\x7f\x8f\xf6\xbb\x06\x9c\xda\xd8\
\xd8X\xfe\xf4\xa7\xff\xbcy\x0bN\xed\x861T\x00\xd7\
\x88\x8f~\xf4\xa3\xb9\x99\x99\x99Y\xe0 \xb0\xc7\x18r\
Fk\xa1\xe3.D\x1b8\xf1\x8a\x10\xa6\x81 \x02!\
pL\x8d@u\x19M\xea\xec\x13\x01S\xb9\x88\xc5L\
\xc4T\x10\xa3\x8c@\xb6%\xad\xb6G\xa4`+\x88i\
\xb9\x0e\x89\xa3\xf0\x9d\x81T\xb0\x16\xa8D\xd0i;l\
\xb4|\xaa\x89C9\xa7IF$\xb8i\x04\x1c\xc0X\
\x05\xd0H$\x1b\xa1\xc3V\xc7Au\x05\xf1Y\x07]\
wm\xdc \x04\x12\x81Pij+u\xa3\x85\x11x\
\x8e!\x178\xb6\xdc8\x89\xadE\xa1\x04&\x94\xd4\xd7\
]\xce\x1e\xcb\x90\xcd\xe7\xc9dsL\xcd\xcc\xe1\xa5\x81\
3\xe0\xa6x\x02=zn\x1cE\xd4*\x15\xd6\xce\x9f\
\xa7\xb2\xbeA\x12[*|\x92\xd2\x82E>\x87\xe3z\
;z\x1f\x98\x81\xc0\x5c\x7f\xd36@'\x84-:\xca\
\x17\x8b\xf8\xd9^\x06\xe1\x06L~vV\x0e\xf6\x94\x95\
\x8e\x22\x94\xd2 \x0cI\x1c\x92t\xbbxA\x16\xd3W\
4\xbb\xc6Hz\xc2\x7f\x16\xf8\x06\xf0\xf7\x9dN\xfb\xec\
/\xfd\xd2/\xbd\xa0\x15\x81C\x05p\x8dx\xc7;\xde\
1711q/p\xc4\x18S6F\xcb8\x0ai\
\xd5jBU\xaa\xe4\xc2\x88\x8cc\x90\x12\x04\x06Gk\
\x8a&\xe6\x80\xd7a\xae\x103\xea(F\x5c\x85/5\
]%\xc9IE\xc6(\xdaZRO\x1c\x9a\x89C\xe2\
I\x90\x03\x11\xfe\x94\xfb#\x8d\x00\x05Q\x22\xe9\xc4\x0e\
JKKRI\x1f4c 2\x82z\xe2\xb0\x15\xbb\
DJP\x92\x8aBK\xdb\xefJ\x89\xe9\x8f\xd0\xea'\
\xac\xec!\xd2DC\xe0I:\xae\xc0\xd5\x86\x82N\x98\
\x96]b\x1c\x92\xaeG}\xf5\x1cg\x8e\x15(\x96G\
\xacO\xed\x8e\x22\x84-\xbd\xbd\xd8\x14\xbf^!3\x18\
\xe2(\xa4\xba\xb5\xc9\xfa\xca2\xd5\xadM\xc2n\x97F\
\xad\xc6\xe9\xe7\x9e!\x0e\xbbL\xcd\xce\x91/\x96\xf0\xfc\
\x00\xc7u\xd3\x91b\x03\xc7I]\x88n\xa7E\xbb\xd5\
D+E6_\xa0P*\xe1\xfb\xc1M\x13\x99\xb6\x15\
\x8c\xeeO\x0a\xd2\xda*\x1a\x1d\x86\xe8(\xc4\xe84\x18\
\x83\x19\x8c\x05\x0c\x0a\xb7\x016\x80o\x01_\xda\xd8\xd8\
\xf8\xce_\xfd\xd5_m\xde\xd4\x89\xdd\x02\x0c\x15\xc05\
\xe0\xb7\x7f\xfb\xb7\xdd\xa9\xa9\xe9E\xc7q\xee\x03\x0ec\
LA%\x89h5\x1bb\xf9\xcc9j\xcb\x17\x18\xf7\
`f\xdc%\x9b\xd5H\x0c\xa2%\xc8\xd4a\x8f\x8e1\
\x19\x8d\x1d\x9ba\x9f\x07_\x18J2\xa6$#*&\
\xa0\x9e\xb8T\x95G\xc7\xc4\x14\x8c\x1a\xe0\x92YZ\x89\
+\x0c\xae\x84\x04\x87\x96\xf1I\xb4D\x1b\xbbz\x1b \
1\xd0Q\x92\x9ar\xa9i\x0f-$e\x19R4\x09\
\x226(\x09\xbaGQ\xb1\xcb\xfe%\x96\xaat\xc0s\
\x052\x168h\x8a\x22bJH\xba\xc6e\xb9\xe5\xb2\
y~\x89\xa5S\x13\x8c\x8c\x8d\xe3\xf9>\x99l\x0e\xe9\
8;Rh7\xc2\x1c4\xda\x10E!\xcdz\x9dZ\
\xb5B\xb7\xdb\xc6(M\xb3Z\xe5\x99\xef\xfd3\x1bk\
\xab\xcc-\xeeebz\x86B\xa9L&\x97\xc3\xf7\x83\
\xed\xe6'\x06\x8cV$*\xa1V\xd9\xa2\xba\xb5\x89R\
\x8al>O._\xc0\xf5.Os\xbe.\xf4\x14\x80\
J\xd0:I\xa7\x05\x09T\x12\xa1\xe2\x08\xa3T\x7f\xb0\
\xc8e\x84_\x01+\xc0?mll\xfc\xf3\x9f\xfe\xe9\
\xa7\xd6>\xfc\xe1\x0f\xbf\xe0\x03\x07\x87\x0a\xe0\x1a\xf0\xe6\
7?4Q.\x97\xf7\x03\x0b\xc6\x98\xb2\xd6\xda\x0d\xbb\
]6\xd6\xd68\xfe\xcc1\x96\x8f]`\xa6\xe0\x12-\
f(\x96\x1d\x841\x04\x0dCi\xd5\x90m\x08\x1ca\
\x10\xbd\xb9\x99F\xe0 (;\x8aq7\xe6|\x14\xd0\
6.\x15\xe5\xd3T!#N\x82\x14\xb6\xff\x9c0\x06\
\x07C \x0d\xbe0(\x1c\xda\x08:\xda\xa1\x1b\x83k\
4\x18\x08\x8d\xa0\x96H*\xb1GK\xbb\x08\x0c9\x12\
\xbc$&B\xa5\xe6\xbeI\x15\x80\xa0\xc7\xa9\x11\xc2\xe6\
\xdcIc\x01\xbe\xeb\xe0I\x83\xf5\x12\x14#\x84tq\
h*\x97\x8d\xea&\xe7\xcf\x9c\xa6X\x1a\xc1\x18Ci\
t\x94l.O&\x9b\xb5MH\x1c\x07\xb8\xdc\xb4\xdf\
\xdda\x8c!Q\x8an\xa7K\xbbe\x83\x7fR\x08\x82\
\x5c\x8el.C\xabV\xa5Y\xabq\xe1\xfc2\xa3\xe3\
\x13\x94\xc7&(\x94\xcb)q\xc7C\xc8T\x01\x18\x8d\
@\x10v;\xd4\xabU\xc0\x90\xc9f\x08\xb2Y\x1c\xe7\
\x1a\xb3\x08W=\xd7T\xf8U\x82\x14\x02#\xd3\xe1\xa6\
F\xa0\x92\x04\x95\xc48Zm\xdf\xd8\xf4k\xe9\xab\xc6\
\xce\x0f8\x05\x9c\xf9\xdc\xe7>W\xf9\xf0\x87?|\xdb\
J~\xaf\x84\xa1\x02\xb8\x0a>\xf5\xa9O\x89\xbd{\xf7\
\xbe\x22\x08\x827\x18c\x0e\x02\xd9D)\xd1\xa8\xd6\xc4\
\xf2\xe9\xd3\x9c=~\x92\xear\x15/\x03n-C\xe4\
\xe5\x08\xb5d\x5c+\x8e$!{LDV\xf4\x02v\
i\x9bl\x01E\xa9\x18s5yih'\x82\xadH\
\xb2\xe99\x8c\xb9\x12O(K23\xd6#\xf00\x04\
)\xeb\xac\x13k6\xbb\x82@h\x02c[\x84\xb5\xb5\
\xc3\x05\x03\x9b\xb1\xa0\x9b\xd8\xcf\xbbIBb\x22\x9aR\
[\xafB\x98~\x8b<G\x08\xa4\x03\x8e\x148R\x22\
\xa5 p\xed\xc3,{\xec!m\xf0I\x18\xa1\xcb\xb8\
\xf6\xa8u\x1b\xac\x9f[\x22\x8a\x22V\xcf/1>9\
\xc5\xe4\xec\x1cS3\xb3\x8c\x8c\x8d\x93\xcd\xe7\xad\x89\xbe\
K\x80\xf0J\xc2\xa7\x92\x84v\xbbM\xbb\xd5\x22I\x12\
2\x99\x0cS\x93\x93LMN\xd2l\xb5\xd8\xd8\xdc\xa0\
\xdd\xac\xd3\xaa\xd79\x7f\xf6,\xae\xef\xe3\xf6\xea\x15R\
\xf2\x93\xe38\xe4r9\x82L\x96n\xb7K\x90\xcd\x10\
\x04\x01A\xb0\xfb\xf9\xdc\x08\x8c\xd6\xa8\xc8\xae\xf6 ,\
;\xd1qlL \x89\x89\xbb\x1d\xdc k\xcb\x97\xad\
\x1f\xd0S\x04\x1ah\x02\xdf\x01\xbe\x14\x86\xe1\x93O=\
\xf5\xe4\x0b\x1a\xf8\x1b\xc4P\x01\x5c\x1d\x02;6\xfb\x10\
0i\x8c\xf1\x938\xa6^\xab\xb2v~\x99\xea\xfa\x1a\
\xd9\xa4\xc3t\x1c\x91\xd9\x92\xac\xc6Y\xd6b\x9f\xaa\x8c\
)f5c\xb9\x84\xacgv\x18\x84\xd2@F\x18\xc6\
\xdc\x84q/\xa6\xa6$\xb5Xr!r\x99\xf5%\x05\
G!\x8cAiH\x12\x83Q\xd6\x12\x10@\xa8`\xb5\
\x0dyi(\x08\x8d\xd4\x9a\x96\x11T54\x94\xf5\xa9\
3B\x91!\x06\x95\x10+\xd3\xef\x5c\xd7\x0b\xbaI\x91\
v\x14\x12\x02-\x0c\xc2q\xf1Hp}\x97\xa4_\x1d\
l\x90\x18r\x22a\xc2\x09\xa9\x99\x0e\xadv\x95\x0bg\
\xdal\xad\xad\x90+\x14)\x8f\x8f353\xc7\xdc\xe2\
>\xf6\xec\xdb\xc7\xf4\xdc\x1e\xb2\xf9B?@x-\xab\
n\x12\xc7t\xda-:\xed\x16Fkr\xb9<\x93\x93\
\x93\xec\xdf\xbf\xcf\x12{Z{\xd8\xda\xda\xa2R\xa9R\
\xaf\xd7\xe9t\xdbt\x9bI\xdf\xdc\x96B\xe0\xfb>\xc4\
\x11Q\xb7\x83\xd2\x86|\xb1@&k]\x05\xb1kg\
\xa1\xeb\x841\x18\xadPq\x84Nb[E\x99\xcd\xe2\
\x06Y\xba\xad\x86u\x03\xc2.:\x89\xc1\xef\x8f:\xeb\
Q\xba\xba\xc0\xb7\x81\xcf\x00_\xfd\xfc\xe7\xff\xdb\xf2'\
>\xf1\x89;b\xf5\x87\xa1\x02\xb8V\xf4\xa4BX\xc2\
JW4jU\xaa\x9b\x1bD\xed\x16{\x9c\x84}A\
\x84+\x05u\xed\xb3\x19\x19\x9a\xb1\xe0\x82\xe3\xb0\x18H\
F<\xd5\xa7\xe5\xf6\x18\xbb\x1e0\xe2$\xccz!\x1b\
\xb1K%qYO|\xd6\xa3\x98\x1c\x09\xbeQ$\xb1\
\xa6\x1d\x0b\x92D \x93\x18\xc7(b\x04\x95\xd8\xa1\xe3\
\x08\xb2\x02\x8c\x10\xc4Z\xd0\xd5\x82(\x0d\x0c\x062!\
\x10\x0al?[`{\xf5\xef\xbdjmP\x18b\x03\
&QH\x93\xe0j\x81L\x03^\x02\x90\x18|\x14#\
\x22dA4\xf0\xb4\xa2\xae\x1c\xc2\xa6\xa4\xdb\x5cg\xed\
\xc29\xd6\xcf\x9e\xe6\xfc\x993\x5cX9\xcf\x81\xbb\xee\
f\xe1\xc0\x01\xca\xa3cv\x96\xde5t\xf9UIB\
7\x1d\xc5\x85\xd6d\xb2\x19\x0a\x85<\xa5b\x01!\x04\
\x13\x13\x13LNL\xd0h4\xa87\x9a\xb4\xdbm\xe2\
(B){eR:8\xae\x83\x10\x92j\xbdF\xa3\
\xd5\xb1}\x04\xfaMRo\xcd\x03`\xb4-+VI\
\x8cp$n.O\xa6XB\xa9\x98n\xadC\x12v\
\xd0I\x841\x0a\x8c\x83\x11\xc2\x08\x9b\x13\xfeg\xe0\xd3\
\xc0\x97\xfe\xe6o\xfef\xed=\xefy\xcfmk\xf6q\
-\x18*\x80\xeb\x84V\x8aN\xbbM\xbdZ\xa1Y\xaf\
C\x1cR\xca\xd9\x08\xbf#\x0c\xa3\xa2K\x1eI\xd5\xb8\
l(\x9fJ\x121\xa3bd\x8f*\xde\xb3\x04\x04\x14\
\xa4f\xcaM\x18u\x12*\xcae3\xf1X\xeaxx\
Q\x97\xb2\xd6\xa0\x15\xb1\xb6Eg\xbe\x8a\x08DLK\
{4\xa5O\xcd\xf8\xf4z\xd5\xd7\xb4G\xdd\xf8t\x8c\
C\x8c RP3.\x0e\x19\x10 \x8d\xc6\x11\x06\x07\
\xfa\xaf\x02\x8d\xd0v\x95\x97Z#\x1dI\x12+\xfb\xb3\
\xd9n\xa7!\x8d!kbf\xa93F\x8b\xd8q\xe9\
\x1a\x87\x8a\xf6\xd8\xd0\x01\x95VHu\xa9C\xb3\xba\xc5\
\xfa\xca2\xb5\xcdu\x0e\xdd\xf3R\xc6\xa6f,\x87\xdf\
\xe9\x11\x87\xd2\xcb\xbe(\x85g\x09@\x1d\xba\xed6Z\
k\x02\xdf'\x93\xc9\xf4k\x03\x94Rd\xb3\x19\xfc\xc0\
gtt\x14\xad4J%hc\xfa\xc5;\xdah\xea\
\xf5\x06\xcdV\x93^\x8f\xc5\xed\xb4\xdf\x8dk\x80\xfey\
b\xfa1\x00\x15\xc7H\xd7\xc3\xf13\xb8\xe9\x06\x92$\
\x8eI\xa2.^\x927\xd2q\x11\xc2Q`6\x80\xbf\
\x05\xf1\xe5\xaf|\xe5\xcb\xeb\x8f>\xfa\xa3w\x94\xf0\xc3\
P\x01\x5c\x15\xe5rY8\xcev\xce\xbb\xd7\xc3\xaf\xdd\
j\xa2\xa2\x0eY\x11S\x901YG\xe1c\x98\xf2b\
V\xdd\x98\xbav\xa8i\x8f\xb5\xd8c\xce\x8f\x98tU\
Z\xbb\xb2M\xf4\xf1\x84\xa1$\x13\xc6d\xc4*6\x15\
\xb8b\x1cr\xd2\xaeh\xbe0\xc4\x08B\xe1`\xa4\xc4\
\xd5\x12\x1c\x87\x8a\xf6Yr\x0al\x88,\xca@\x0b\x97\
-\x02:\x22 AP\x05Nj8\x8f\xb6\xa5\xedX\
\x17\xc2\xc1\xd8\xf8\x00\x1a\x1fM@B\xa0\x13r\x8e\xc1\
\x13\xe0\xa3p\xd0x\xc2\xe0\x0a\xab$\xa41x\xc6\xe0\
\x18EVh\x10\x8a\x04\xc1\xa8\xe82i:l\x12r\
A%l\xd6c\xd6\xa2\x0e\x9df\x83F\xa3\xc1\xd1{\
\xefcz\xcf<\xb9|!]\xa1\x07\xeb\x08\xe8\xbfW\
J\x11\x85!q\x1c!\x04\xf8A\x80\xef\xfbH\xe9`\
\xb4\xea\xbb\x13R:\xb6\xc4*uc\x0c=\x1f[\xf4\
-\x82(\x8c\xf0|\x9f\xe2H\x99\x5c!\x9f\x1e\xf7\xe6\
\xfe\xff\x8d\xb1\xf1\x10\xad\x14Z%i\xf3\x12\x17\xd7\xf5\
\x91\x8e\x87\xe3\x05\xb8A\x06\xb4\x22\x09CK\x0a\xf2|\
\xe5H\xd9\x02\xb1\x02,\x01\xd5\x87\x1f~\xf8\x8e1\xfb\
\x071T\x00\xbb\xe0\xfe\xfb\xefw\x7f\xfd\xd7\x7f\xbd,\
\x84\x10/{\xd9\xcbd&\x93)\x90\x8e\x7f\xd2Z\x0b\
\xdb]\xa6M\x12\x85\xf8$\xe4\x84\x15\xfe\xac0\x8c;\
\x8aI7a5V4\x13\x87\xa5\xd0c\xd6u\x19q\
\x14\x9e\xb4+\xb6\xc1\xa0\x0d(\x0d2I\xc8\xeb\x90\x9c\
q\xa9j\x87\x0d\xe3\x91u3(!\xf0\x84\xa2k\x1c\
\xea\xdac]g\xe9\xe0\x92hAC\xf8\x9c\xd5.\xbe\
#0R\x10#\xe8jIhm\x02B\xc7\xa3&s\
4\xa5D\xa4\xae\xa8\xb0\xf92\xd0\x1a\x89\xc61\x1a\x97\
\x04O(|\xa5\xc8\x9a\x84\xc0$\xb6\xb1\x88H\xc8\x9b\
\x84\x0c\x1a\x9f\x04\xd7\xd8\x98\x84\xc4 \x8cJS\x9a\x10\
\x88\x84\x1c\x8a\x12\x09%\x1d\xb2\xdc\xeaP\x89:<\x93\
$(\xa5\xd0\xda0\xbb\xb0H\xaeP\xc0qD\xbf\x8e\
\xa0\x07cR\xe6\x9eJPI\xb2\xbd\xe2\xa6\xad\xd1E\
z\xf6\xfd\xd2\xdc\xbe+\xd3c2\x18\xb4\xd1\xc4qD\
\xabi\xdd\x83L\xb1D\xb1T&\x97\xcf\xdd\xb2\x00\xa0\
\xd66\xd0\xa7\x13\x9b\xb5\x13\x8e\xc4I\x03\x91n&\x83\
\x1b\x04D\xad&I\xb7\x8b\x8a\xba\x98l6\xc68K\
\x06\xfe\x87\xd6\xe6{'O\x9e\xe8\xde\x92\x13y\x1e0\
T\x00\x03x\xf5\xab_->\xf6\xb1\x8f\xf9\x0f=\xf4\
\x96Y\xe0\x9dl\x17\xe3\xbe\x16[\xcf\xeejc\xe7\xc7\
\xc7Q\x88Q\x09\xbe0\xf8b\xbb\x8dn\xd1\xd1L\xfa\
1\x13\x89G3tY\x8b|\x96<\x9fi?a\xd4\
Kp\x8cAiC\xac\x0ca\x0cQ\x0c\xae\x8e\xc9\x9a\
\x04\x09\xb4\xf19\xaf%\x0d\x91A`\x88p\xe8\x0a\x8f\
\xae\x13\x90\x08\x17\x93h\xba*Af\x0adF\xca\xe4\
\xf39\x94\xd2\xd4\x1bMT\xb3\x85\x10\x82\xd1\x912\x13\
\x13\x13d\xb3Y\xc0X\x7f_+T\x92\x10\xc7\xb1]\
1\x93\x98$\x8ahu\xbb4\xe2\x10\x91t\x90*\xc6\
3\x8a\xc0$\xe4LL\x9e\x98\x221y\x222$d\
\x8c\xc6\x13v\x93\x02|\x0c.1\x19\xa3\xc9\x98\x04\xd7\
\xc4\x9c\x8b4\xb558\xe98\x04A\x06?\x13\xe0\xf9\
\x1e2\x93\xc5\x16\xe0\xec\xbc\xe7R:\xf8~@\x10d\
\xe84\x1a\xb4\x9a-*\x95*\xb9\x5c\x96|\xca\xb1\xb7\
\xd8vKz\xfdL\x8d\xb1\xcc\xbf(\x8ai\xb7\xdbt\
\xc2\x90\xdc\xa8G._\xc0\xcf\xe4\xb0\xa6\xf8M\x16.\
\x0d\xe4\xff\x8d\xd68R\xe2\xb9>\xd2qAH\xdc \
\x83\x17d\x88\xdb-T\x1c\xa3\xe3\x08\xf4\xff\xcf\xde\x9b\
\xc5\xda\x92d\xe7y_D\xe4\xb8\xe7}\xe6\xf9\xdes\
o\x0d]\x03\xbbI6\xd9V\xd3lI\x1c`\x92\x96\
\xc8VCl\xa8\xd5\xa6\x09A0\xa0\x97\x12D\x80\xe0\
\x03\xf5$?\x13 \x016 \x98\x90\xa1\xe1I\x86\x0c\
\x93\x0f\x04\xa4\x07\x01\x06\x08\xd0\xa4H\xda\x94\xd4lv\
\xdf\xaa\xae\xe1\xce\xf7\x9e\xf9\xec\xb3\xa7\x9c\x22\xc2\x0f\x91\
\xb9w\xee}NU\xcf]E\xc3\x01\x9ca\xe7\xce!\
23\xd6\x8a\xb5V\xfc\xeb_\x85\xb668\x07\xee\x0d\
\x87\xc3\xc7\xbf\xf0\x0b\xbf\xf0\xa1\xaf\xf7\xbf_\xfb\xff\x94\
\x02\xf8\x95_\xf9\x95o\xfbUw\xbb]\xf1\xa9O\xfd\
7\xd1O\xfd\xd4O\xef\xe3\xaa\xf6\xfcO\xcc\xea@\xd1\
\xc5%\xe5z\x00\xda\x18t\xa1\xb1\xa64\xb1K`\x8d\
\x14\x96Hi\xd6\x83\x82\x9d\x22\xe7\xbc\x08\xb8(\x14\xf7\
\xd3\x88\xbeW\xf0\x12NP\xf2\xdc0\xcda\xa4\x05\x03\
\xed@@\x89Uh+H\x90d&d(c\xfc\xc0\
'\x88\x1bD\xcd6\xed0\x22\xd3\x9a\xd3\xd33F\xc3\
!a\xdc`\xe7\xd6mv\xf7v)\xf2\x9c\x87\x0f\x1e\
b\x1e=\xc6\x18\xc3\xda\xfa:\xaf\xbc\xf6\x1a\xeb\x9b\x9b\
\x803_\xb5\xd6\xe4EA\x96e\xa4YF\x96f$\
\x93)\xd3\x89\x0b\xc0M\xc7.\x0d7I&\x0c\xa7S\
.\xd3\x09*O\x88MB\x93\x94\x169m\x0a\xda\x22\
\xa7EA\x83\x02\xaf\x5c)\x08)\xe8\xe1\xe2\x0c\x1e\xf0\
 \x17\x0c\x8e\x1es\xff\xcd\x06\x9dn\x97\xb8\xd1`e\
m\x03\xcf\x9f\xa3\x07\xab\xbfQ\xdc`e}\x93\xf5\xad\
m\x92\xc9\x98\xab\xd1\x90G\x8f\x1f\xa3\x8dfcm\x8d\
F\xabE\x18\x04xJ\xd6j\x07\x8a\x19-\x821\x96\
4\xcd\x18O\xa7dY\x86\x90\x12?\x0c]\xa5\xa4\xef\
h\x05\xa0\xe6\xff\x1b\x8d\xceK\x05\xa0<\x07K\x9eU\
g\xf2\xf1\xa2\x08\xe9\xf9\x98\x22\xa7\xc8R\x8a,\x97\xd2\
\xd3-\xa1\xbc=`\xed\x8b_\xfc\xe2\xf8\x9f\xfd\xb3\x7f\
\xf6\xff\xbb\x00\xdf\xab\xf6\xc7\x7f\xfc\x9f\x82\x97_~y\
O)\xd5\xe5\xdb\x8c\xfaH)\xa4\xe7\xf9\x1d\x5cI\xee\
/\xe20\xffu*\x8e*\x10P\x06\x9a\xccl)j\
\xd6\x84{\xa0=U\xb0\x1bd\x9c\xe7>c\x1d\xf3<\
\x0f\xf8\xda$&\xb0\x86\x0e\x96\xbc\x10\x0cs\xc9\xb9\xf6\
9\xb7!\x17D\x0c\xbc\x18+B\x94\x95\x14\xc6\x92{\
\x1e\xadn\x9f\xdd\xbd]\xb6vvh\xb5ZL'\x13\
\xbe\xfa\xd5\xaf\xf2\xb8\xc8i\xb5\x9al\xedns\xf8\xd2\
\x0b\xe8\xbc\xc0\x18\xc3d<&M\x12:\xdd.\x1b\xdb\
\xdb\xec\xee\xef\x97\x81\xc7\xb2\xd4\x98q&\xb3\xe3\xcbs\
e\xc7\xf2,#K\x12\xa6\xd3\x09\x83\xab+\x86\x83+\
\x06\x83\x01\xc3\xcb\x01\xe3\xe1\x80d<d\x92\x8c9+\
\x12\x22\x9d\xd2\xb6)=RzdtDNDA \
\x0c\x01\x96\x8eMQ\xd2\xa2\xad$K\x15\x17\xcf\x1fq\
\xff\xedUZ\xbd>Q\xdc,\xcbl\xd7p\x8eB\x10\
\xc71[\xbb\xbb\xa4\xc9\x04\xad5O\x1f>\xe0\xe2\xea\
\x8a$M\xb8\x1a\x0c\xe8\xf5W\xe8u\xdb\xc4Q\xec\xd6\
\xff\xe5\x1chc\x8c!I\x12\xce/.\x18\x5c]Q\
\x14E\xc56\x5c\xd6A\xf8N\x97\x00\xec\x1c\xff\x9fg\
X]8\xc1\xf7\xe7\x99\x85B\xca2\x0e\x10\x92\xe9\xc2\
=\xd3t\xea\xab0\xde\xf7\x94\xf7\xdf\xb5\xdb\xed\xf1\xaf\
\xfe\xea\xaf\xfeG\xad\xf5\xe3\x7f\xf9/\xffe\xfa\xe4\xc9\
\x93\x0f\x15\xfb\xbf\xdc\xfe\xca*\x80_\xfb\xb5_\x93\x9f\
\xff\xfc\xe7\x1b;;;\x9d\xd5\xd5\xb5\x95 \x08~\x0e\
W\xe0\xe2\xdb\x0d\xfd\x0a\x5c\x81\xce=\x5c\x09\xaf\xa0\xb6\
\xfd\x86\x9d\xc5lI\xcd5\x17\xa0\x92\x02ba\xd9\xf4\
\x0aFa\xca@\xfb<\xc8\x02\x1e\xe71\x12\xcb\x8aP\
\xe4\x06\x86&`@\xc8\xd4\x8b\xb0Q\x8b\xb0\xd1\xa6\x1d\
7)\xb4e4\x1aa\xaceuu\x95\xc3;w\xb8\
}\xf7.\x8dV\x8b\xc9p\x88\xd1\x1a\xab5\xabk\xab\
l\xac\xaf\xd3\xef\xf7\xb1\xd6\x92\x94\xcbc\xe3\xf1\x84\x8d\
\xedm:\xfd.Q3v\xb9\x00\xb6Z\x92\xae\xa2\x01\
\xa5\x12\xd3\xc6U$*\xab\xe3N\xb3)\xc9$a\xb8\
#\xcb\xac\x00\x00 \x00IDAT2\x1a3\x1e\x0e\
\xb9\xbc\xb8\xe0\xe2\xfc\x9c\x8b\xf33\x86\x97\x17$\xc3+\
\xa6\xe9\x98\x8b\x22\xa1i\x13\xfa$\xac\x8a\x94\xae\xc8h\
\xd8\xcc)8\x91\xb3#\xa7L\xac\xcf\x93\xf1%\xc7\x8f\
\xee\xf3tc\x93\xde\xda\xdaB\xc5\x9f\x0a\x9d\xe7\x05\x01\
\xdd\xfe\x0a\x07w^@y>Q\xdc\xe0\xc9\xc3\xfb\x0c\
/\xcex\xf2\xfc\x88\xf3\x8b+\x1a\xcd\x98V\xb3I\x1c\
E\x8e&\xbc<GQ\x14\x8c'\x13\xce\xce/\x18\x0e\
G\x04aD\xa3\xd5.\x11\x80\xde,H\xf8\xed\xb4\xb9\
bwn\x86-r\xac.\x90a\x84\x0a\xabU\x0a\x00\
\x89\x1fF\x04\x8d\x06E\x9aP\xe4\x19E\x92(\xdb(\
\xfa\xf8\xc1'\x84\x106\x8e\x1b\xf6\x8d7\xfe\xf1\x1f\xff\
\xd2/\xfd\xd2\xd1\xbf\xff\xf7\xff~\xf8\xaf\xfe\xd5\xbf\x9a\
~\x18\x04\xa07\xb5\xbfr\x0a\xe07\x7f\xf37\xd5'\
?\xf9\xc9\xe0\xf6\xed\xc3\xd6\xf6\xf6\xf6KJ\xa9O\xe1\
\x8am~\x06\xecam\x05\xeb[jBT\x84o\x04\
\x80sX\x99-\x05\xcd\xd3\xee`N\xffTs.\xad\
\x15\x0ec\x8f\xf3\x1bZ\xca\xb0\xed\xe7\x9c\x04)\xa7Z\
q\x91+\xde\xb5\x0d\x9e\x0b\x1fk%\x85\x17\xa1\x9am\
\x9a\xbdU\xfak\xeb\xac\xae\xad\xd3\xe9t\xc8\xd2\x94\xe3\
\xa3cF\xe3\x11\xebk\xeblnn\xb2\xbe\xbe\x8e\x1f\
\x854\xa2\x88\x97_\xf9\x18\xcdF\x83f\xab\xc5\xd6\xe6\
\x16q\x18!\x84`{g\x87(\x8cH\x93\x94V\xa7\
C\xbb\xd5\x9e\xe5\x14\x88\x05MU\x0a\x85\xb0\xd8\xb2\x94\
\x95\x05\x08Cb\x1ba:\x16S\xb8\xc8\xfcd2a\
8\x1c2\xb8\xbc\xe4\xe2\xfc\x9c\xf3\xd3\x13\xceOO\xb9\
:?\xe7l2`\x98\x8f\xb9\xb0\x09=\x9b\xb0\xca\x94\
\x152Z\xa2\xa0#26\xed\x84\xab<`p~\xcc\
\xb3\x87\xf7Y\xdf\xdeq\xf8\x00\xdf\xbff\x05\x04QH\
\x7fm\x0d\xdf\x0fh6[tWVx\xfe\xf8!'\
\xcf\x9f3\x1a\x0c\x18N\xc6\x9c\x9f_\xe0{\x1e\x9e\xe7\
\xcd\x94\x881\x86\xb4ti\xa4\xf2X\xdd\xdcdko\
\xcf\x91\x8c.\xe4\xff\x7f\xfbJ\xa0\xca0\xd4\xb9\xcb\x00\
\xf4\xa4\x87\xf2\x83\x12`\xe4\x80\x15\xd2\xf7\x1d\x0a\xd0\xf3\
\xd1\xc9\x94\x22ME\x91\xa5\x9e\x0a\xc2\x9e\xf4\xbc\x1f\x06\
\xc4\xea\xea\xea\x0b\xab\xab\xabo\xfd\xfd\xbf\xff\xc5/\x7f\
\xe63\x7f\xfd\xdd\xe1\xf0\xea\x0a\x87\x12\x14\x94\x01\xe6\xf2\
s\xf2\x13?\xf1\x13\xdf7\xe5\xf0WJ\x01\xfc\xce\xef\
\xfc\x8e\xf7\x0b\xbf\xf0\xd9\xf5\x8d\x8d\x8d\x97q&\xfa\xeb\
\xc0gp\xb5\xd9Wq\x04-3\xb5\xbf\x90\xcayC\
\xfb&\x90j7\xcf\xfe\x02\x87C\x17nF5\x8b@\
\xbfR\xbe,\x0a\x87\xc8\x0b\xd1\x14\x04\x0c\x8cdh\xdd\
\xc0lG\x1d6v\x0f8\xb8}\x87\xed\xdd\x1dVV\
Vh5\x9adi\xca\xe6\xf6)\xc3\xe1\x90F\xa3\xc1\
\xca\xea*a\x18\xa0\x94\x87\x8cc\xb6\xb6w\xe8u{\
(\xcf#\x8c#\x07\xb8\x11\xd0\xed\xf6h6[Xc\
\x91\x9e\x22\xf0|\xea\xd4\x81\xcb7b\xab\xef\xc4\xdcP\
\x96\xc2\x03\x09\xd6\xf3\x09\x83\x80F\xb3I\xaf\xdfgs\
k\x8b\xe9t\xcc\xe5\xe5%'\xc7'\x9c<?\xe2\xf4\
\xe4\x98\xcb\xd3\x13\xce\xae.\xb8HG\x9c\x99\x80\x0d\x99\
\xb2)R:6\xa5mRV\xcc\x98\xd1t\xc0\xf9\xd1\
3\x8e\x9e<fk\xef\x80f\xb3uM\x01\x08\xa1\xf0\
\x83\x90N\xbfO\x10Et\xfa}6\xb6w8~\xf6\
\x94\xd3\xe3#\xae..J\x0b'\xa5\xd0\x1a\xabM\xc9\
g \x89Zm:qL\xa7\xd7g{\xff\x80\x83;\
/\xd0\xeeV\xecE\xdf\xf1\x1a\xa0\x0b\x00\x9a\x02\xad\x8d\
\x8b\xf9HY\xb3.\xca{\x90\x0a\x15\xb8\xe5\xc0\x22K\
\x85\xce3\x9bM\xc7\xc2\x8bbOz\xaa\x0b\xfc\x08\x88\
\x97\x80\xfb\xeb\xeb\xeb/\xad\xaf\xaf\xff\x05\xd8\xfb\xd6r\
\x8e\xab\x13y\xbb|E9\xf0\x7f\xfe\xfe\xef\xff\xfe\xe0\
\xe7\x7f\xfe\xfb\x83\x19\xf8+\xa3\x00\xfe\xf9?\xff\xe7\xfe\
g?\xfb\xd9\xed\xf5\xf5\x8dO\x01?\x8d\xa3\xde\xde\xc0\
\xc1tC\xa8 \xd8VXc\x856\x9a\xa2(\xca`\
\x9d[\x92B\xb8\x01\xa7\xca\x99D\xcd\xb2\xd9n.D\
YAg]\xe6\x17\x95K\x88@\x22\x85;\xceX\xd0\
5V\x1e\x03$FpQ(\x9ed>\xc7\x99\x03\xce\
\xf8\x81[7\xce\xcb\xf5d\x19\x84\xac\xac\xacrpp\
\xc0\xf6\xde\x1e\xcdV\x13_y\x18]\xd0l\xb7\xc9\xf2\
\xcca\xdc\xe3\xd8\xad\x81\xe3\xaa\xe9\xa88&\x8a\xca\xdb\
\xad\x0dB\xe9I|?\x98}^\x1c\xfa\xd7\x05\xe1f\
\xe1\x10\xb3?B)\x84Rx\x9eG\x18\x854Z\x0d\
\xda\xbd.+\xeb\xeb\xec\xec\xecrzr\xc2\xf3g\xcf\
x\xfe\xf4\x19\x17\xa7\xc7\x5c^]0\xc9G\x5c\xe9)\
\x9b\x8ch\xd9\x94&9\x0d\x9dp58\xe3\xf4\xf93\
.\xcfN\xe9\xad\xac\xb8\xd9\xb9V\xca\xbcB\x0az\xbe\
OC)\x820\xa4\xd5\xe9\xb0\xb6\xb5\xcdd4\xe4\xe2\
\xfc\x8c\xf1\xd5\x15\x93\xf1\x98,I\xd0e\xce\xbfs\x19\
bZ\x9d\x0e\xbd\x95Uz+\xab\xb4\xbb\x8e\x00\xb4,\
\x81\xf6\x1d3\x16\x19\xed\x08F,\x16)\x15Ryn\
ua\x96\xdd\xe1~K\xcf\xc7\x8fb\xf2d\x82\xce2\
Q$S[d)^\x10(\xa4\xea\x0aA\x07\xe8b\
\xed\xa6\x85O\x80}\x1bk\x9fXk\xfbF\x17?h\
\xb4\x11B\xa9\x0ck\xc5\xcf\xfc\xcc\xcf\xfc\xf1\xbf\xfe\xd7\
\xff\xfa\xf8\x1f\xfc\x83\x7f\xf0=\xaf\x12\xf4WB\x01|\
\xe9K_\x0a>\xf7\xb9\xcfm\xaf\xac\xac\xfe5\xb0\xff\
\xbd\xb5\xfc\x18\xce\xec\xf7\xac\xab\xb8#\x8dq\xc4\x12i\
:%K\x13\xd2\xe9\x94\xe94!M\x12\x8a\x0a:*\
@*\x8f0\x0c\x89\xe3\x98\xb8\xd1 \x88b\x82\xd0!\
\xcd<\xcfYb\x0e\xf0S\x90N\x13\xd2,\x99\x11T\
(\xe5\xa1\x8b\x82\xa2(\x1c\xa2\x0dIn\x04\x85\x15\x18\
\x5c\xf5\x8bDKNs\x8fGi\xc0\x83,\xe2\x98\x06\
\xa2\xd9e\xab\xb7F\xb3\xd5b2\x9d2\xbc\xba\x22*\
\x01/\xcdf\x83f3&\x0c\x02\x17i\x94>-\xcf\
\xa3\xa2\x97\x14R\xba\xd9\xae\x9a\xb2\x85\xc0\xf1\xd3\x97J\
i1\x10\xc1\x02\xd4\xf0\xda\xb6\xda\xf6\x05\x96\x9d\xf9:\
{}?1\xfb\x1e<\xe5*\x09\x05aD\xbb\xd9\xa6\
\xd7\xef\xb1\xb6\xbe\xce\xc6\xd6\x16\xcf\x9e>\xe5\xe8\xe9S\
.O\x8f8\x1e^0\xc9\x15\xabL\x1c\xb0\xc8h\xf4\
d\xcc\xe5\xd9)\xe7'G._ n\xcc\x0a\x7f\xce\
\xaeV\x22\x04\xa5\x94\xf8e\xc2O\xa3\xd5B\xaf\xad\xb1\
\xb2\xb1A:M\xc8\xd2t\x9e\x8b\x8fp\xeb\xf0A@\
\x14\xc7\xc4\xb1{\x8f.E\xf9\xbb\x83\xffu\x1c\x00\x85\
\xc3\xf8cQ\xbe\x87\xf2}\xc7\x88TW,\xc2\xf1\x02\
za\x84\x17\x84\xb3\xa4!\x9d\xa5\xc2\x14\x0dT0\xb3\
xZ\x16\x0e\xb1v\xcbZs\xdbj}\xa1\x8b\xacY\
$\xd3\x83\x22\xcb\x85\xf0\x83\xc2\x8f\xe3D(\xe5\xfd\xe2\
/~\xfeO\xc6\xe3\xf1\xb3/}\xe9K\xc9\xbd{\xf7\
\xbeg\x81\xc3\x8f\xbc\x02\xf8\xad\xdf\xfa\xad\xe0\x17\x7f\xf1\
\xf3\xdb\xab\xab\xab\x7fM)\xf9sN\xf8\xed\x1e\x10X\
\x8b\xd0ZSd)\xd3\xe9T\x5c\x9e\x9fqqz\xca\
pp\xc9dx\xc5d<\x22M\x9d\x020\xbap\x0a\
\xa0,\xa9\x1d7\x9a4\xdb\x1dZ\xbd\x1e\xdd\xfe\x0a\xbd\
\x95\x15Z\xed\x0e\xca\xf31F3\x1a\x0c8y\xfe\x8c\
\xc1\xc59i2E \x5c.z\x18\xb9r\xddi\x8a\
\xb1\x90[Ib%S#I\xad\xe0$\xf7y\x94\x85\
<)\x9a\x5c\xfa\x1dT{\x85\xfd\xcdm\xb6w\xf7i\
w\xbb\x8cG#\x8e\x8f\x9eS\xe4\x05\xbd^\xcf\x99\xf7\
\xe5\x92\xd2\xccwq\xf0=\xae\x09+\xf5\xcdba\xfb\
\x02\xde\xb6\xde\xbe\xe1\xf69\xa2\xae\xdaO\xd4\xf6\xb1\xb5\
\xa0\x8a\xb0\xc2\x99\xbb\xa1\xc4\xf3<\xe2F\x83N\xbf\xc7\
\xca\xfa:\xeb\x1b\x1b<}\xf4\x88gO\x1e1>;\
!O\x06DE\xc2\xc4X\x8a\xa2`ru\xc5\xf9\xc9\
\x09\xa3\xe1\x80v\xb7\x8b\x90\xf2Z\xd2\xd0uv^\x85\
*\xad\x90f\xb3\x8d)M\xf2\xca\x7fq\xee\x83;\x8f\
\x94\xf2\x1a\xcb\xefw\xda*\xa8\xb2\xd19\xc2Z\x84\xe7\
;\x05 \xe4\xc23\xc2\xce\xdd\x00\x15DH5\xc1\xe8\
B\x14i\xe2\xd2\x84\xcb\xe5O\x84P\xd6Zi\x8dQ\
\xa6\xc8#\x9dN\xb7\xf3\xc9Hf\xd3q\xa0\x0b-\xf0\
|\xebG;?.\x10i\x18\x86\xea\x8b_\xfc\x1f\xfe\
$\xcb\xf2'\xbf\xf3;\xff\xcb\xb4\xae\x04>\xfb\xd9\xcf\
\xca\xed\xed\xedH)/\x06\xcc\xf9\xf9\xd9\xf4?\xfc\x87\
\xff\x90^^^~\xcb\x8a\xe2#\xad\x00\xfe\xc9?\xf9\
'\xea\xef\xfe\xdd_\x5c\xdd\xd8\xd8\xf8$\xf0\xb3\xd6\xda\
\xff\x16\xec\xae\xb5\x04X+\x0a]0\x9dL\xc4\xc5\xe9\
\x09'\xcf\x9e\xf2\xfc\xc9cN\x9f?g<8'\x9b\
\x0c\xd1\xd9\x04\xab\x1d`GP\xa6\xe4\x0a\x092@\xfa\
1^\xd4\xa2\xd1\xed\xd3[[g}k\x9b\xd5\x8d-\
\x1a\xad\x0e\xda\x14<\xb9\xff\x1eO\xee\xbf\xcb\xf0\xec\x84\
<\x99 \x84$l\xb4\x88\xda\x1d\xac\x15\x5c\x9e\x9d\x91\
\x179R(\xae\xac\xc7\xb3\x22 \xd1\x82'y\xc8\x91\
m\x936\xfa\xb4\xd7\xb6\xd8\xdc\xdd\xe3\xe0\xd6m\x17\xa4\
\x8bc\xd2d\xca\xd6\xd6&Y\x9a\xd2\xed\xf7\xdc\xd2\x98\
T%\x86\xef\x9a\xa7\xce\xc2L^\x87\x12W\xf3\xa7\xad\
\xfd_\xdf\xaf\x12lko4\x00\xae\xed[?M\xb5\
\x8f\xad\x10\x84T\x0e\x96\xe35\x10\x02O)\x94\x8a\xf0\
\x83\x80\xb8\xd1\xa0\xdf\xed\xb0\xba\xb2B\xbf\xdf\xe7\xf1\xc3\
\x87\x9c\x1d=\xe5bpA\x96L\xc9\x8c@L&\x9c\
\x9d\x9cpvtL\xb3\xd5\xa1\xd5\xe9\xcc\xd2\x87\xdf/\
{\xd0\xc5p\x1c\xf7\xbe\x92\xea\xba2\xbbf\xfd\xd4\xbe\
\xfa\xb6i\xcaj\xcf\xd7\x1alQa\x00,\xd2\xf7\x90\
\x9e?\x0b\x00/\xd4\x12@\xa0\x94\x87\x17\x86H?p\
\xc4\xa1\xc9\xc4!\x03\xc3\xc8\xa5_\xdaY@Q\xe5\xd3\
\xb1\xca\xc6C\xd2\xd1\x90\x22\x9d\xba\xf3)_`l\x0f\
\xecg\x00\xd3n\xb7\xe5/\xff\xf2/\xffY\x18\x06\xcf\
\xfe\xe0\x0f\xfe`\x0a\xd8;w\xee\xa8/|\xe1\x0b\xcd\
\x97^z\xf9 \x08\x82C {\xfc\xf8\xd1\xd7\xe38\
~\xf4\x95\xaf|e\xf2\xa7\x7f\xfa\xa7\xdf\x92\x12\xf8\xee\
\xa8\xca\xefQ\xfb\x17\xff\xe2\x7f\x8d\xfe\xe1?\xfc\x87\x1f\
\x07>o\xad\xfdy\xe0\xc0Z\x1bb\xad(\x8a\x82\xf1\
\xf0J\x1c={\xc2\xfd\xaf\xbf\xc5\xa3w\xbe\xce\xf9\xd1\
3\xf2\xc99^1&$!\x949\x81\xc8\xf1\xca\xfc\
z),\xd6H2\xed\x93\x98\x80\xc4F\x14*F5\
:\xc4\xfd5z\xeb[tV\xd6\xb0\xd6\xf2\xde\xbd\xbf\
dt\xfc\x94 \x1b\xe2\x9b\x1c\x84\xc0x!\xb9\xdf$\
\x97>IZ0\x9d\x8cPE\xc2n\x90\xb1\xee\xa5\x8c\
\x8c\xc7\x95l!;\xeb\xac\xec\xec\xb1\x7f\xeb6\xfb\x07\
\x07lll\xd2l\xb9\xe0\x97\xd6\x05I\x92\xa0\x0b\xed\
\x80>a\x88WQ_\xd7o~&\x84K\xdb\xac]\
\x12\x84\xa5Wx\xd3q\xcbM,}_\xa3\xb1\xb9\xe9\
\x1c\xb6v\x8c\xad\x7fQ\xeelKL\x7f\x9a$\x5c]\
\x0ex\xf2\xe8\x11\xef\xbc\xf3.O\x1e?\xe2\xfc\xec\x94\
\xe9t\x8a\xf4\x02V\xb7\xb6y\xe1\x95W9\xb8s\x97\
\xd5\xcdM\xba\xfd\x95\x19k\xcf\x9c\xe6\xcb^SD\x82\
y\xe1\x8d\xba[rs1\x8f\xef\xac-$*e)\
\xd3\xc19\xe3\xb3c\x8a4\xc5o\xb6i\xafm\x12u\
\xba3\x94a\xf5\x84fy\x22\xe3\x11\x93\x8bS\xa6\x83\
K\xa4\x94\xb4\xd66\x88\xfbk\x8e\xdd\xd8\x18L\x96\x91\
M\xc7$\xc3\x01\xe9xH\x9eL\xb0Z\xbb\xfc\x82(\
\xb6\xab\xb7_\xc4\x8f\x1bFH\xf5T\x08\xf1\x87B\x88\
?\x04\xeeYk\x9f\xe3J\x89\xb5qK\xd5\x9f\x00>\
\x09L\x81?x\xf8\xf0\xe1\x1f\xde\xbb\xf7\xb5\x87\xff\xfb\
\xbf\xfbw\xe9\x7f\xfa\x93?\xb1O\x9f>\xd5\x83\xc1\xe0\
\x1b\xae&|d-\x80\x7f\xf4\x8f\xfe\x91\xfa\xf4\xa7?\
\xdd\x01\x0e\x81W\x80\x9d\xaa\xd4\x96.\x0a1\x19\x0dy\
\xf6\xe8\x01o~\xe5+\xbc\xf7\xd6_28z\x8c\xca\
/\xe8\x05#\xd6\xe3\x84\xd5P\xd3\xf6\x0bbe\x1cb\
\xadD\xebY-\xc92\x8fq\xe6q\x91\xf8\x9cg\x01\
\x97\x97\xe7\x0c\xafN\x19\x1c=\xc3k\xb4A\x08.\x9e\
?aU\x0f\xd8\x0fRz\xca\x80\x80\xab\xc2\xe3$\x0d\
9\xd5\x01\x99V\x14\x064\x92\xe3<\xe0\xca\xfa\x88\xb0\
Ike\x93\xdd[\xb7\xb9u\xf7\x0e\xbb\xfb{\xac\xf4\
\xfbDa\xe4\x02\x8d\x02\xa4\x0c\xf0n\x0c\xd6\xd5\x07\xfe\
\xb2\x14\x8b\xf9\x8es\xdb\xf3}\xdc\x84y \xef\x9a\x8b\
P?g\xfd<\xd5\xb9\xe6K\x03,\x08y\xb9\xcd\x8a\
*\x19\x87y`\xb4\xdcAIE\xa3\xd9t\xb1\x95f\
\x93\xb8\xdd\xa6\xd9i\xf3\xe0\xfe}\x8e\x9f\x1f1\x1e\x8f\
\xb98=\xe1\xeb\x7f\xf9\x15.NO\xd8\xd8\xd9c\xfb\
\xe0\x16\x1b[[4[mTI\xffmk\x16K\x15\
\x9b\x95\xd2Cy\xaa\x8cC\x94\x81\xb8\x1a\xcao\x99\x97\
\xf0\xfd\xb6}km.\xd4z\x96\x04\xa4\x907\x02\x8c\
*\x85$Q~\x80\x17F(\xcf\xc3\xe49E\x92P\
\xa4S\x94\x09\x1cRp2&\x1d]\x91NF\xe4i\
ZV\x18r\xe0&\xe9y\x15nY\x02;\xc0\x8f[\
k\xb7q\xb5\x03\xde\xb4\xd6\x0epA\xefWq+\x07\
wpt\xaf\xed\xfd\xfd}\x7f\x7fo\xf7O\x7f\xe4\x87\
\x7fx\xf0\x7f\xfd\xd1\x1f\xe5\xff\xc7\xef\xfe\xee\xc5\x1f\xfd\
\xd1\x1f]\xbe\xfb\xee\xbb\x1f\xf8\x10>\xb2\x0a\xe0\xc7\x7f\
\xfc3\xd1+\xaf\xbcr\x88\xd3t\x07\xb8\x14za\x8c\
\x16\xd3\xe9\x94\xe3\xa7Ox\xf3+_\xe6\xde\x7f\xfds\
\x86\xa7\x8f\xe9GC\xf6\xd7\x86\xec\xb5\x86l\xc4)=\
O\xd3(\xa9\xb4$\xc2\xf1\xe7Y@KL.Is\
\xc50\xf5\xb8H\x02N\xd2\x80\xa34\xe1h4\xe4\xe2\
B\x91\xe3\xd1!\xe5\xb5\xe6\x94\xbbQB_i\xb00\
0\x1e\xcf\x8a\x82\x07i\xc1#\xe3sf=R<F\
6\xc0\x84\x0d\xb6\xb7\xb6\xb8{\xf7.w^x\x81\xed\
\xbd]Z\x9d\xb63\xef\x8duA<j3\x97\xb5\x8b\
\x02W\xe1\x0an\x12\xdaJ(f\xd8\x83\x1b\x82v\x0b\
\x02^\x0a\xb4\x90\xf3\xeb\xcc\xb6\x8b\xf2\xd0\x9a\xef?;\
\xe5\x92\xb9q\xc36\x83\xa1(\x0a\xf24E\xeb\xc2\x99\
\xbe\x9e\x87\xf4<<O!\x95\xa2\xd3\xef\x114bZ\
\xdd6\xedN\x8bw\xa2\x90\xc7\x8f\x1esy9\xe0\xf9\
\xe3G\x9c\x1d\x1f\xf1\xfc\xc9\x13\x8e\x9f?c{\xef\x80\
\xfe\xaa\xab\xca\xeb\x04\xceP\x95\xe0\x12e\x0d\x82 t\
\xf4^\xcdF\x93F\xb3I\xd4h\xe0\x87\xa1\xcb\xf9\xaf\
\xc5\x12\xe6\x8f\xa2\xa6V\xbfI%\xb0\x88\x95\xa0\xf4\x00\
\xca\x0c@\xed \xdf\xcaw\x81\xd0\xf7M.\x10\x02\xe5\
\xfb\xaeV@\xdc \xd3W\xe4\xd31j\xe8!\xfd\x00\
\x9d\xa6\xe4\x93!y2E\x1b\x83\xf2}\x94\x08\xb0\xda\
\x95\x84\x12\xca/\xb5\x9e\x10\x80\xb4\xd6\xee\xe0\x82\xdd?\
\x00\xdc\x07\xae\xac\xb5{8\xe1w\x95H0X\xc3\xa7\
\xb1\xb6i\xacy\xa1\xd5l\x5c\xfe\xdc\xcf\xfe\xec\xe8o\
\xff\xfc\xcf\xff?\x7f\xf6g\x7f\xf6\x7f\xff\xc6o\xfc\xc6\
\xf8\xf7~\xef\xf7\xde\xd7\x12\xf8\xc8*\x80W_}\xa5\
\x89\xbb\xf1\xbfi\xad\xfd\x18\xa0f\x14\xd2\xe7g\xbc\xf3\
\xe6=\xde\xfc\xf2\x7fap\xf4\x80\x8d\xc6\x88\x8f\xed\x0c\
\xf8\xd8\xda\x05\x1b\xd1\x94\x10\x8b4\x02\xa9\x05BK(\
\x5c\xd9&7\x05[\xf0\x0c\x9e\xb44\x94a-\xcc\xd9\
\xcb\x13\xce\x93\x80g\x93\x80\xa7I\xc00W\xac\xf9\x9a\
O4\xa6\xac\xf8\x05\xbe\x9b\xbc\xe9\x1aM\xcf+h\x92\
cM\xc4\xc44\xc8\xad\x8b\xe4\xef\xec\xed\xf2\xda\xab\xaf\
\xf1\xc2\x0b/\xb0\xb6\xb9AX\xce\xfa\x0e1h\xcb\xa8\
\xfd\x0d\xbc\xf13\xbf\xbe>\x93\xd7\x84saG\xdc6\
!\xc1\x14s\x05\xb2 \xecK\xe7\x13\xc2]{\xb6\xa9\
vNc\xe6Je\xa6lj\xc7\xd7\x15U\xd9\xa7B\
\x17\x0c\xaf\xae8=:b4\x1a\x22\x84$\x8ec\xa2\
F\x83F\xb3A\xb3\xd9\x22\x8cc\xc20b{o\x8f\
F\xb3A\xa3\x11\x13\xf8>\xef\xbdw\x9f\xcb\x8bK\xb2\
$\xe1\xe8\xc9c.\xcfNyz\xff]Z\x9d.\xbe\
\x1f\xb8\x9c\xfb\xc2\xe5\xfacA\x94\x11\xfd\xb0\xd1\xa0\xd9\
\xea\xd0\xeb\xf7\x1c7\xe0\xea\x1a\x9d\xfe\x0a\xadn\x97f\
\xb39c\xfe\xad\xbb\x07\x0bEC\xaa\xff\x97]\x9d\xea\
\x89\x0aX\xae\xeac\xad\xc1j\x0dF\xbb\xf7WV/\
~?\x050\xabk(\x15~\x18\xe1\xc7\x0d\xd2\xd1\x90\
l<\xc4\x1a\x8d\x90rViIH\x85\x17\xc5\xa80\
\x06 \x9fN0Y\x82\xa8\xb0\x0b\x02\xc0\x0a7\xe6\xb1\
@\x1f\xe8Q~\xb0\xc6H*\x8e\xc2\xa2\xc0\xea\xa2o\
\xb5\xf9\x8c5\xe6\xc7\x11h\x15\x84\x97B\x88\xdf\xff\xd4\
\xa7>5}\xe3\x8d\x7f\xfc\xe5\xdf\xfb\xbd\xdf\x9b\x5c\xeb\
p\xd9>\x92\x0a\xe0w\x7f\xf7w\x83\xd7_\xff\x81>\
\xb0\x82\x03\xf7Hk\xad0Z3\x1e\x0ey\xf2\xe8\x01\
\xf7\xbf~\x8f\xab\x93\xa7\xac5\xa6\xfc\xe0\xce\x19\xaf\xbe\
pE?LQS\xe3\xea\xec\xcd\x04\xaa>\xe0\xcb\xbf\
\xd2\x8dq!]\x84\xbb)4\xb17e3Jy-\
\xf5\xc8\x0bE`\x04\x91of\x10\xad\xaa\x09,BZ\
<%\x09|\x9fV\xd0\xe2\xf6\xe1m>\xf1\xc3?\xc4\
\xed\xbbw\xe9v{\xf8\xbe_\xcaTy\xa4\x94\xae\x1f\
\xd6\xcc\x07\xcf\xf2\x8c=\xbb\x80\xa89\xdd\xe5\x1f!j\
\xf7!\xdc\x8d,\x14\xcc\xa8}U\xf7\xa3\xab\xed\xb3}\
k3\xfe\xecZ\xb6\x9cu\xdc \x9f\xd9\xf8U\xabQ\
p[aI\xb3\x84'\x0f\x1f\xf2\x9f\xff\xfc\xcfy\xf2\
\xf4\x09XA\xab\xd9\xa0\xdb\xed\xb2\xb9\xb9\xc9\xce\xce\x0e\
\xeb\xbb\xbb\xb4\xfb+\x84\xa1Ooe\x85\x8f\xbd\xf6\x1a\
\xadf\x9b8\x8ey\xeb\xcd\xb78;;'/rt\
\x96rur\xcc\xe8\xe4\x08\x89cS\xae?\x86\xc2\x80\
\xaf\x04\x99q\xcb\xb7\xd2\x0f\x09[-zk\x1bl\xed\
\xdf\xe2\xe0\xf0\x0e\xbb\x07\x07\xf4W\xd7\x1d9i\x15m\
_n\xd6\x95\xf42\xe5R\xb0\x90\xceR\x99\xa1\xf9n\
<\x86Y\x10T*\xb7\xbf*\x03\x80\x1f\x18m\x10\x02\
\xe9\x07\x04\xb1[b\x1eO\xc7\x14\xc3AI\xbe*Q\
aD\xd8\xee\x12v\xba\x0e\x172\x19\xa1\x93\x09\xd2\x0f\
\xe6D\xa7\xb5>Xc\xb0\xc6\x08c\xb4p\xd0\xed\xa2\
\xbc\x17\xf7\xfc\x8aiB\x91&B\xe7\xa9\xc2b\xbd \
\x94a\xa7\xb7*=\xef\xef)\xdf\x97\xc0\xff\xfc\xea\xab\
\xaf&_\xfd\xeaWo\xb4\x02>\x92\x0a\xe0\xf0\xf0\xce\
\xae\xe7y?\x0f\xfc]\x1c\x17\x9f\x00(\x8a\x5c\x5c\x9e\
\x9fq\xff\xad{<}\xf0\x1e\xbe\x1d\xb2\xdf\xbe\xe0\x85\
\xf5\x0bVl\x8aJp\xb5\xf2\xb4\x00\x83\x9b\xfd\xcd\x1c\
\xb2a%\xae\x92\xaeu\x0a\xc0Z\x810\x02e\x04\xd2\
\x08<+\x08=\x0b\xc2\xb1\xcc\x96\xacZ\x80\x93\x89\x89\
\x91<\xca\x02\xbe:m\xf0N\x1a\x93E-\xee\xdc9\
\xe4\x87\x7f\xf4G8\xbc{\x97f\xab\x85'%\xc2\x9a\
R`\x0b*\xeajl)\xb4\x85vBU_\x87\xaf\
+\x86**oKA\xae\xcf\xc2R\xb9\xc2\x1d\x9e\x07\
\xba\xec\x9c\xa8\xf9\xeb3\x81^>\xe7\xb2\x19\xbctL\
\x9e\x96\xe747\xf4\xad\xfc_J\xac6\xe8i\xc6h\
8\xe4\xec\xec\x8c\xb3\x93S\xd2\xccaU<\xe5\x11\x04\
\x01\xddn\x87\x83[\xb7y\xf5\xf5\xd7\xb8\xf3\xc2]\xda\
\xed6\x8d\xb0\xc1\xc1\xed\xdb\x84\xbe\x8f\x14\x92\xaf|\xe5\
/9;?\xc3\xd39\xed2\x97\xa0)\x0a\x02\xa1Q\
\xc2Q\x91a,&\xf0I\xb2\x02\xa3|\xc6\x85b\x98\
\x87\x8c\xa7#\xae\xce\xcey\xf2\xe0>\xef\xfc\xe5\x97\xd9\
\xbbu\xc8\xcb\x1f\xffA^x\xf5U:\xbd\x95\x12\xcb\
1W\xbe\xd6Z\x8a4erqJru\x81T\x12\
\x155\x88:}\xfc\xc8U\x0d\xa2\x0e\x06+\x8f3F\
\x93\xe7\x19yV8\xb7D(\xb4\x11\xb8\xd9\xe3}\xd5\
\x86\xb3D\xa4@z\x1e2\x0c\x10\xca#OS\x84\x10\
\x84\xad\x16qo\x85\xb8\xb7\x82\x17\xc6\x98\x22'3\x06\
]\xe2L\xfc0\xae=s\x8bq$#\x22\x1d\x8fH\
'c\xf2\x92o\x802&!\xcaqaJ\xa0\x9b\x10\
\x02+\x10\xbe\xb5\x12DLY\xba\x90\xf7\xef\xeeGS\
\x01\xf8N\x95w\x81\x1e.A\x07]\x14\x8c\x86C\x8e\
\x9f=\xe3\xe4\xf93\xf2d\xc0Nc\xcc\xed\xb5+\xba\
\x8d\x04%\x0b\x84)\x8b>JY\x96\xcc.[5{\
\x1a\xa7\x18\x9c\x82\x98'\xf3\xcc\xac^S\x96\xcdr&\
\xd8l66\xc0P;\xe1\x7f+m\xf2D\xb7P\xdd\
U^<\xbc\xcb\x0f|\xe2\x07\xb9u\xe7\x05\xe7\xef\xcf\
 \xae\xb5Y\xa22\xd3\xa577\xd7\xeb\xfex\xd9\x87\
\xb9\xa0-\x99\xfd\x96\x85Y\x18\xe5\xcf\x95\x81\xb8i\xdf\
*r\x06\x98\xd2t\xaf2\xe8*\xdf\x1f\x16\xcd~!\
\x9d\xc2P5\x17\xa5\xda\xb7\xba\xb6\xc0Ao\xe3\x06\xfb\
\x07\x07h]\xb0\xb7\xbb\xcb\xe0j\xc0p8\xe2\xeaj\
\xc8x2\xe1\xf4\xec\x9c,\xcb\x08\xc3\x80\xd5\xd5U\x97\
\x9b\x1fz\xc4\xaa\xc1\xd6\xce\x0e\xd6X\x94\x94|\xed\xde\
=.\x8f\x9f\xe3\xe7S\xfa\xa4l\xcb\x84\xae,\xf0\xca\
\x12\xc9BZ\x8cP\xa8H\x90\x19K&%\x13#\x19\
\xe0sn#\xce\xa71\xe3l\xcc\xbb\x931\x83\xc1\x05\
g'G|\xec\x07>\xc1\xe6\xee>q\xa3Q\x8b\x0b\
8N5[d\xe4\xd3\xb1\x1b_YF>\x19;\x1f\
\xdc\xf3]2O\xdc\xc0\x0bB\x84\xe7\x83T\x08k\x90\
F#\x8d\xe3ipx\x04\xb5dm-\xb69\xff\xa1\
D\x05!Q\xa7O\x91\xe5\x08)\xf0\xfc\x80\xa8\xd3#\
\xee\xf4\xf1\xa3&BIt\x91\xbb\x19\xde\x82\xe7\x97\x8a\
\xcb\xe4$\xe3\xa1\x0b\x1ef\x09:\xcb(\xf2\xdc\x11\x92\
j\x97\xf5\xe9^\x99\xeb\x8b\xd1\x1a\x8cC)\xaa0\x14\
Q\xa7G\xd4\xeeZ\xe5\x07\x1fh\xa8T\xed#\xa9\x00\
\xca&\xac\xa3\x8f\x11\xd6Z\x91\x179W\x97\x97\x1c?\
{\xca\xf0\xfc\x94\x981\xdb\x9d\x09[\xdd)a\x9dt\
\xf3\xfd\x9a\xc6I\xb2\x11\xf3\xfdl\xfd\xa7\x1c\xe8v\xf1\
\xb9\x19`j\x05\xcf\x0b\x9f\xb7\xd3\x98\xc7\xba\x85\xed\xac\
\xb1\x7f\xeb\x0e\xaf\xbc\xfe:\xb7\xee\x1c\xd2j\xb7K\xe8\
i\xc5a\xb3\xec\x83W\x01\xbfr\xea\xa8f\xf7\xbaO\
:\xf3\x08\xea~j\xdd\x9f\x9d\x1fo\x11`JZ,\
\xaa\xd9\xae\x8a5TE?DM\xe8\xeb\xa7\xab\xb9\x1e\
\x0b\xd7\xaf\xdc\x84\x1b\xfa.\x9cE\x22\x10\x04a\xc8\xea\
\xc6\x06a\x1c\xb1\xb3\x7f\xc0d\xea(\xbd\x07\x97W\x9c\
\x9f\x9drrt\x84\xd1\x9a\xa8\xe2\xe4\x9f\xc59\x9d\xf2\
\xd8\xdc\xd9A\x1b\x83\xb1\x96\xb7\xadezR0*2\
2\x93\xe2S\xd0\x94\x85s\xb3\x04(Q`\xb0\x98r\
\x05\xa2\xf0`\x0d\xc5:\x09\xe7:\xe1\xd4$\x9c_%\
\x9ceS\xa6\xa31\x93\xd1\x88\x8f}\xfc\x13\xec\xdd:\
t\xf8\x0a\xcf\xd5G\x17J\xa1B\xc7\xdf\x97N\xc7\xe8\
\xc9\xd8m\x97%,<\x08\xc8\x02\xb7~/\xfd\x00\x19\
\x84\x08 \x9f\x8c\xc9\xb3\x0cc\xad\xb3\xec\xe4\x22\x00\xf8\
\x83\x9aT\x1ea\xdc\x84\x95u\xa2f\x0b\xa5<\xfc\xd8\
\xf9\xfdRy\xf3\x19\xbc$\x1b\xc9uN28'\x1d\
\x0d0\xb93\xefu\x9e\xbb\xb7!%\xd2\xf3\xf0\xa3\xd8\
\xadBH\x851\x86\x22\x99\x92\xe91H\xf0\xa2\x88\xb0\
\xd3'\xee\xf6\x09\xe2f\x05\x85\x16\x87\x87\x87\xe2\xef\xfc\
\x9d\xcf\x89\xaf~\xf5\xab7\xf6\xf3\xa3\xac\x00\xe6\xcdZ\
\xa1\xf3\x9c\xe1\xe0\x92\x8b\xe3#\xf2\xe9\x80n\x98\xb2\xd1\
Ih\xb74\x9e\x12\xa0\x9d9_\xcd\xee,QO\xb9\
\x7fj\x82U\x0f\xa0/\x05\xd4\xabf\x80\xdc\xc2I\x11\
\xf0n\xda\xe0\x89n\xa1\x9b\xabl\x1e\x1c\xf2\xe2\xc7^\
\xe1\xe0\xf6!\xedN\x07O\xb9`\xdf\x0c\x15VW\x02\
\x0b\x91\xfcJ\x88\x97\xb71\x17\xd6\xca\x1a\xa8L\xd8\x9a\
)k\x05\x18kI'SF\x83\x01I\x928\x0e\xbc\
v\x9b\xb8\xe1(\xb0\x16\x86\xe6\x82\x0bP\xba\x155\xf9\
\x9f?\x189\xbf\xee\x8dAD\xa7\x04\x5cimE\x14\
\xbb\xdc\xfcv\xb7;#\x1aI\x93\x84\xab\xc1%g\xc7\
'\xa4Y\xce\xea\xc6z\x99\x94\xa3J\xa5\xe4\x041j\
6\xd9\xdc\xdb\xa50\x8e\xa4\xe4>\x86\xd1\x99\xe187\
DV\xe3[C\xac\x1c\xe3\x90\xc2\x02\x06\x89\xc0*\x81\
\x07\x04\xa2 B\xd3\x92\x19]\x93\xd25\x19GY\xce\
\xc5Q\xce\xdb\xa5\x9fo\xb4f\xef\xf6\x1d:\xbd\xbe[\
\xa1P\x1e~\xdc$\xect\xd1F\xbb\xa0\x9b\xd1(\xeb\
8\x16MQ\x90\x16\x05\xd6\x8e\x9d\xb2\xf0\x03\x84R.\
j\x9f\xa6 \x5c!\x90E\xab\xeb\x83\x95\x80\x10\x12\xe9\
\xfb\x84\xad\x0eA\xa39\xbb\xff\x8aH\x84\x12\xd1\xe8\x82\
\x8d\x05Z\x17L\x07\x97 \x1d\xa0HH\xe9\x88F\x94\
\xef\xb2\x0d\x83\x10\x15\x04\xa5\xf20d\x93\x09E:-\
\x97&]\x5c!\xee\xf4\x9c\xf0\xfb~9+\x88\xdd\xad\
\xad\xad\x1f\xfd\xfc\xe7?\x9fdYz2\x18\x0c\xae%\
\x18}\xe4\x14\xc0\xaf\xff\xfa\xaf\x8bV\xab\xb5 \xbd\xc6\
\x18W/\xee\xf2\x92\xe1\xe59\xb6\x98\xd0me\xac\xb4\
r\xc2\xd0\xbah\x7f\xcd\xb4_4\xff\x97.`E\xcd\
\x12\xa8)\x8b\x9ar\xa8\x0e\xd1\x16\xces\x8f\xf7\xd2\x88\
\x07y\x93i\xb4\xc2\xca\xf6>\x87w_d\xff\xd6m\
\xba\xbd>~\x99\x19&\xea\x17[\x98q\x97\xaf\x0f3\
4_\xcd\x15\xaf\xdfo\xf5\xd7\x96\xfe\xbd\xc5\x09~\x96\
\xe6\x5c]]q\xf2\xec\x19GO\x9fr5\x1c\xd2\xed\
v\xb9u\xfb\x16\x9b\xdb\xdb4\xca\x816\x8b#\xd4\xc7\
\xea\xb2`W_\xd47\x89\x9b:4\xf7Z*\x22N\
)]\x00\xd4\xfa\xf3\xb5{\xddl\xd1\xee\xb6YY]\
CkC\x18E4\x1a\xb5\xfc\xff\xf2B\x9eR4[\
M\xb6\xf7v\xc9\xb2\x8c<\xcfy\xac\x0b\xce/4\x81\
6\x84\xc2\xe2\x8b\x8c@\xba|\x0cJk\xa0\x02\x05\xb8\
JI\x05\x9e(\x88l\xc9]hr\xa4.8;3\
<|K\xa2<\xc7\xda\xa3<\x9fV\xa7\x83,\xa3\xee\
\xa1\xe9\xb9\x1a~\xd6\x90'\x89\xf3\xd5}\x0f\xcf\x8f\x00\
f&\xb6\xce3lj)rG\x9d\xa6<\x97\xfe\xeb\
\xe8\xc9\xbe\xf1\xec\xbf\xe0\x0a\xf8\x12\xacW{\xbe\xf3q\
`\xa9\x156\x05\x0c\x96\xa0$\x19\xf5\xc3\x18/\x0c\x1d\
\xf7\xa0\xe7#\xa4\x07R`K\x05\xa6\xb3\x14\xa35*\
\x08\x08\x9b\x1d\xa2n\x8f\xa0\xd1,\xa1\xca\x02\xe1\xcc\xc2\
\xbbA\x10|\xf6\xe5\x97_\xf6\xdex\xe3\x8dG\xa3\xd1\
\xf8\x1a+\xd1GJ\x01\xbc\xf1\xc6\x1b\xad\xbf\xf5\xb7\xfe\
Vweee\x0f\xe7\xff\xfb\x96\xb2z\xccx\xcc\xd5\
\xe5\x05\x93\xf1\x15\xcaL\xe9D)\xed0CUK\x5c\
\xd4\x05\x1a\x07Y\xbd\xc9%\xa8\xcc\xfd\xd2\xe7\xc7\xd4>\
\xcf\x8eq\x98\x81I.x\x90\xf8\xbc\x9b\x86\x0c\xfc6\
\x9d\xb5-\xf6o\x1f\xb2\x7fp@\xbf\xdf/\xa3\xfdu\
\x93z.\xdbn\x93\x9dm\x9f\xcd\xc0\xcbJb\xf6\xff\
bgm\xf9\xdb\x02Zk\x92$\xe5\xec\xec\x94\xfb\xf7\
\x1f\xf0\xf0\xbd\xf78=>!\xcf3\xb6w\xb6\xe9\xf6\
z\xf4WV\x89\xa2y\x16\xdc\xc29\xed\x0d\xd7\xa9_\
\xce,\x07\xff\x98[&K\x9d\x9a\xa9GQF:,\
N)x\x12\xcf\x93DAT.,\xb8\xc2#\xf5B\
\xa4\xa5\xf3\x82\x92\x8aV\xab\xcd\xce\xde\x1e\xd3iB\x92\
L9\xce3NG\x9a\x08C\x88\xa5g\xd3\x19\x9f\x81\
\xa4\xb4\x80J%&\x04x\xd2\xa0\x84\xc1\xb3\x1ais\
\x84\xd4\xd8L08\x95<y'\xa4\xd9j\xd3l\xb5\
]\x85\xa08Fy>A\xdc\x04k0\x85\xc3u\x98\
\x22\x07\xe1\x22\xf3~\x10\x82`\xc6\x95X\xa4\x19\xd2\xb8\
z\x7f\xd2s\x10\xe0\xd9\xb3\xfd\x80vc\x1d\x84\xa5e\
C'\xf0e\x1e\x83\xe7\xe0\xc3 \x08\x1a-\xc2F\x13\
/\x8c]\x05f\xdfw&\xbf\x90N\xc9\x16\x05E6\
%\x1b\x8f\xc8\xa7\x13\xe7\x92\xc5M\xa2v\x97\xb0\xd1\x9c\
\xf1\x14\xd4\xae\xbd\x0a|:\x08\x82\xe6\xde\xde\xfe\x99\x10\
\xe2\xa3k\x01\xdc\xbb\xf7f\xe3\xf0\xf0\xf0U\xcf\xf3^\
\x03>f\xad}\x05\x97+\xed\x98_FC\x86\x83K\
\xf2dL(S\xdaAJ\xc3\xcb\x5c=\xb6\xba__\
W\x04\xa6\xf4\xeboj\x0bB\xef\xf6\x9bM\xbe\x06r\
\x0d\xcf2\x8fw\x93\x90c\x1a\x84\xdd5\xb6\xf7o\xb1\
\x7f\xeb\x16\xabkk\x84Q\x84\xac\xf9\xef\xd7\xaeR\xc9\
\xfa\x0d\xc2\xbd\xf0\xb1\xbe\x9f\xa8}-\xdc@)\xb4f\
:\x9drrt\xcc\xbbo\xbf\xcd\xd7\xbf\xfe6GG\
G\x18ch\xb7\x9a\x84\xa1\xc3\xe3\xcb\x8a\xa1f\xc1\xc4\
_\xba\xfd\x9b\x1eE5\xeb\xdf\x04\x98Y\xea\xa7\xb8a\
\x97j7\xe7\xc5H\xa4Wwo\xae_\xba\xda\xd7S\
\x1e\x9dn\x8f\xdd\x83}&\xd3\x09i\x92p\xf9$\xe7\
h\xea\xaa&G\x144\x99\x8fWa\x5cp\xd0V\xf1\
\x0e!\x10\xc2\xe0\x8b\x82\x0e\x1a!,\xda*\x8a\x5c1\
:y\xca\xb3\x07+\xac\xaco\xd0\xed\xaf\x10\x94\xefJ\
\xf9>A\xa3\xe5\xd6\xce\xad!\x1d\x0f1\xda`\xacA\
\x06\x0e\xc1\x87u\xecHE\xea\x10|&\xcf\x11\x9eG\
\x10\xc7%\x11\xe8\xcd\xcf`\xf1\x91\xbe\xffN3L\x82\
p)\xc4A\xb3Uz\x8a\x92 n\xb9\x95\x09\xcf\xb9\
 R\xb9\xa0\xb6\xc5b\x0b\xd7\xa7t4$\x1d\x0f\xd1\
\xba \x88\x9b\x04\xad6^\xec\xc8H*\xf6\xe4\xf2\x12\
\x02\x07\x9e\xdb\x06\xdaB\x90[\xbb<\x10?\x02\x0a\xe0\
s\x9f\xfb\x9c\xf8\xed\xdf\xfe\xedhkk\xfbcR\xca\
\x9f\xb6\xd6\xfe8p\x0bW\x86\xabm\xad\x15y\x9e1\
\x1e\x0e\x19\x0d\x07\xe8bJ\xe4\xe5\xb4\xc2\x9c\xc8\xd3\x08\
c\xe7f})\xcc\xc2\x96\xcb\x7fv.\xd4\xcb\xc1\xbd\
\x85\x17Y\x8d\x7f+0FPh\xb8L\x05o'!\
Ot\x8c\xed\xac\xb0\xb1\xbb\xc7\xfe\xad[\xacon\x12\
7\x9b3\x7f\xfbF\xc1\x9f\xf9\xff\x8b\xd7X\x0c\xc2\xbd\
O_fJ\xc0b\xac%I\x12N\x8e\x8e\xf8\xfa\x9b\
o\xf1\xe6\xd7\xeeqrz\x8a\x94\x92\x8d\x8d\x0dvv\
w888`}\xdd\xad\x83\xbb\xa5,\xf1\xbe\xe7\x5c\
\xec\x0c\xb5\x00\xe07\xe8S\xd5\xaa\x8a\xe47\x9d\x03j\
\x16\xc4\xf5>,\xeb<\x87\xf0\x0bXY]e\xff\xe0\
\x16\xd3\xf1\x84t:\xe1\xea(\xe1y\x91\xd3\x919\x0d\
\xf2\x85K\xce\x15\xdc\xfc\xc9\x0b\x01\xbe0\xb4e\xca\xa6\
\x1d1\xd2\x1eO\xa6\x11\x97'\xcf9;v\x95\x85\xdb\
\xdd\xae\x9bM\x85@\xf8\x01a\xbb\x831\xc6\x99\xd3I\
B\x91L\xc9\xfd\xc0\x91z\x04\x11*\x8c\x09\x1aML\
Y\x0a\xcc\x0a\x81\x1f\xc4eV\xdf7\xa1\x01\xbe\x89&\
J\x85\x14\xb6:\x04q\xc3\xb9\x0b3W\xa3\xbe\x1ac\
]I\xf2\xe9\x94t4 \x19^R$\xd3Ra\x85\
\xae\xfa18\xa5&M\xa5|Dm\xfc\x85B\x88\xc0\
\xd6f\x87\xfa\x1d|\xe8\x0a\xe0K_\xfa\x92\xb7\xbd\xbd\
s\x08\xfc\x9c\xb5\xf6gq\xb3\x7f\x07\x97\xeb\x8f.r\
\x92\xc9\x84\xe1\xe0\x92\xf1\xd5\x00[\xa4\x04\x91&\x0a5\
\x9e4s3\xb4\x9a\xf1\xadX\x0c\x04V?\xb3\xef\x97\
:P\xb3\x04,n)|TH\x1eL\x15o\xa71\
c\xbf\xc3\xd6\xd6\x0e\xfb\xb7\x0f\x1d9g\xbb\xed\x08-\
\x96o\xe4\xda\x9a{-\x08\xf8~\xd1\xf5\xe5\xe3\x17\x8e\
\x85Bk\x86\xc3!\x0f\x1f>\xe4\xcd{\xf78::\
\x22\x08Cn\xdd\xba\xc5\x0b/\xbe\xc0\xf6\xee\x1e\xfd\x95\
\x15\x9a\xad&\x81\xbf\xc4\x82\xbb\xac|\xea\xdb\xaf\xadB\
\x88\xb9\xd9\xffA\xcd\xce\xfby\xed1R;\xe7\xec:\
\xd7\xbbS\xc7\xe8K\x04q\x14\xb1\xbe\xb1\xc1t<a\
tu\xc5\x83\xf1\x90\xb3\x8b)\xcfu\xca\xaa\x97\x10\xa0\
\xcb\xe2\xa6\xeeX)\xca\x19\x11\x1cK0\x94U\x97\x0c\
m5\xa5\xaf|N\xf3\x98tt\xc1\xd5\xc59\xe3\xd1\
\x90<\xcf\xe7\x8c\xc4R\xe2\x07\x11\xb4\xbb\xd8\x92\xea\xbb\
\xc82\x92\xe1\x95\x83\x1ew=\x820F\xf8\x01\xf8!\
\xc6:\xbc\x85\x03\x0f}\x00p\xe8[hs\x80\x98\xc2\
\x0b\x1cJU\x0a1\x8bs\xd4\x9b\xd1\x1a\x9d\xa5\xa4\xe3\
+\x92\xc1%\xd9x\x845\x06\xe9\x07\xae\x18I\xe6j\
\x12V\x8aC\x08\x17\xa8\xac\x14\x81\x90\xa2\xfa5\x1b\xa3\
\x95\xb5\x86\x10\x1f\xbe\x02\xc0\x81\x15~\x0e\xf8\xdb\xc0\xc7\
\xb0\xb6\x05Hc\x8c(\xf2\x5c\x8cGCN\x8f\x8f8\
}\xfe\x8c\xd1\xe0\x12LN\x1c\x14\x84\xbeFJ\x87\xd4\
\x12\xc8r\xe6\x9f\xfb\xf0\xb3\x9fJ!\xd4\x03~\xd4\xf6\
\x9b\xed\xef\x5c\xe1\xc4\xc0I\xe6\xf1\x95i\xcc\x89\x89\xe8\
n\xac\xb1\x7fx\xc8\xfe\xad}\xba\xfd\x9e\xe3\xb8/;\
\xbe0\x14\x96q\xf4\xf5\x1d\x84d\x0eC\x84\x1b\x83\x13\
K\xc2\xe72\xec\x0a&\xe3\x11\xa7'\xa7\x9c\x9f_\x10\
\x04\x01w\xef\xde\xe1\xe3\x9f\xf8\x04\xbb\x07\x07\xb4\xdam\
\xfcR\xf0g\x97Z\xbe\xc4\xf2x]\x98No\xf2\x13\
\xbeA\xb3K'^\x0eV\x1a\xed\xeeTH\x94pq\
\x02\xb1d%\xd4\xaf\xa6\xa4\xa2\xd5l\xb2\xbd\xbd\xc5d\
t\xc5pp\xc1\xb3\xe1\x15\xcf\xf3\x8cMR\xb6\xc9\xdd\
;\x96\xde\x1c\x9fQ)\x1a+A\x81P\x16e]=\
\xc4\x96L\x89D\xca4\x9b\x96V\xe3\x90,K\x9d\xcb\
V\xf1.H\x89\x1f\xc7\xc4\xd6\x05\x05\xcd\xe0\x1c\x9d&\
$\xc3\x81C\x1c\x96|\xffBI\x94\xb8\x1e\xf8\xfbN\
2\x0f\xeb1\x82\xe5\xf3,~,\x15\xa51\x98,u\
K\x92\xc9\xc4\xd5&\x14\x12\x93gd\x13W\x8cd\x1e\
\xcb\x15%\x0eD\xcc\x14\xa6+\x07\xaf\x1c\xffc\xb5\x94\
)\xe4\x0c\x09\xf9\xa1*\x80O~\xf2n0)\x8e\x00\
\x00 \x00IDAT\x93B\x08\xd1\xb2\xd6\xfe\x18\xf0\
\x12\x8e1EZcD\x91\xa6\xe2\xe2\xec\x94\xc7\x0f\xee\
\xf3\xee[\xf7x\xf0\xf6[\x0c/\xcfi\x90\x11y\x16\
_\x9a\xf7\x1d\xb6\xd5\xb2\x9e\xadf\xfd\xe5\xb5\x7fC\xcd\
?wn\x825\x0ezz\x95\x09\x1eL%\xef\xda\x0e\
\xb9\x1f\xb3\xbb\x7f\xc0\xad\xdb\xb7Y][#\x8a\xc2\xd2\
\xef\xaf\x0f\xe2\xa5\xa9\xae\xbe\xcd\xb0\xf8]5\x80\xaf\xc9\
\xff\x0d\xe7(\x05\xc5S\x1e\xadf\x83\xcd\xcd\x0dz\xdd\
.\x1f\xff\xf8\xc7\xb9\xf3\xd2\x8bDqc\xa6\xe9Ey\
c7>\x8fzl\xe4F\xc5\x83{ \xd7\xf4\xd7\xf2\
\xfe7}\xae\x0ew\xeb\xfa\xba(H\xa6\x13&I\x82\
(\x05;\x8c\xc2y.?NM\xcc\x95\x95;\xa7\xef\
yt\xbb]vv\xf7\xb88;\xe7\xf2\xec\x9c\xb3\xa3\
1\x0f\x8b\x06}5\xa6)\x9c\xf2\xb4\x15\x85\xa6\x01g\
?X\x97\xdbQf&*\x05\xa1\xb4\x84h\xc8RF\
\x97\x17\x9c=\x7f\xce\xc6\xd66q\xdc \x08\x82\xda\xe3\
\x90\xf8q\x93H\x17.\xedwxE6\x19\x97K\x9d\
\xd2!\x06\xfd\xa0\x0c\xd6\x95\x87|\x07\x82_o\xdf\xca\
y\xdc|%\x9d\x02\xf4|T\xa9\x80\x8d\xb5\xe4I\x02\
XG\x5cZ[M\x80\xda\x14(\x9c\xc0#\xe5\x0c\x10\
V)\x00)?d\x0b\xe0\xdf\xfe\xdb\xff\xad\xbf\xba\xba\
\xf6\x93\xb8\xfc\xe6\xc0Z+\xb4\xd6LG#\x8e\x9f=\
\xe5\xfe\xd7\xdf\xe4\x9d7\xbf\xc6\xf3G\xf7\xc9G't\
\xd5\x90\x9d\xce\x88\xbd\xde\x98vP\x94\xe8=\xb98\xc3\
\x9b\xf9\xf0\x02n0\xf9\x99/\x03V\x8a\xc1\x08\xb4\x81\
qf9\x9e\x0a\xee\xa7\x01#\xeb\xb1\xb5\xbe\xc9\xc1\xed\
\xdb\xac\xaf\xaf\x13\x87\x11\xeaF\xee\xc0\xefM\x13\x08|\
\xcf\xa7\xd7\xeb\xf3\xc2\xcb/\xb3\xb6\xb5E\xab\xd1dg\
g\x87 \x0c\xbfK\x9e\xe8w\xa3Y\x0a]0\x19\x8d\
99>\xe2\xf4\xf4\x14\x83\xa4\xdb\xebc\x8c\xa1+%\
a(Q\xdf`\xd0{\xbeO\xb7\xd7cw\xff\x80\xd3\
\x93\x13.\xcfNx\x92\xa5\xec\xa8\x10\x9f\x94\xa0\x5c\xbe\
s\xcb\x08\xa5\xd2\xb3\x06tiq\x94(\xc6\xc8\x13t\
\x94\xe5\xbcH\xb9:=\xe2\xbd\xb7\xbe\x86\xf2\x14\xba\xc8\
Y\xdf\xd9\x9d/\x95\x02\xae\xb2O\x83\xb0\xdds\xb5\x05\
'#\xb2\xe9\x181p\xb5\x19\xc3V\x07\xe5\x077\xc7\
H\xbeOMH\x85\x8a\x22\xc2n\x1f\x19\x86e\x00\xd3\
\xce\xac\x83\xbaEdKX\xb0\x8b;\xcf3PM\xa5\
 *\xe5[\xde\x8e)\xf4\x87\xa3\x00\xbe\xf0\x85/x\
o\xbc\xf1\xc6\xc6\xad[\xb7\xfe\xbaR\xea\x7f\x04\xee`\
m\xa8\x8bB\x0c\x07\x97\xe2\xe9\xc3\x07\xbc{\xef\xab\xdc\
\xff\xfa=.\x8e\x1e\xa1\xb23\xb6\x9a\x03\xf6zCv\
\xfb\x136ZS:A\x8e\xac\x84\xb8\xbe\xfeo\xe4\xf5\
\x80\xdf\xb2\xd0\x1b\xe1\xac\x83\xd9\xcco\x99\xe6p\x9eI\
\x9ef\x01\xc7\xa6\x81\xf0\x03\xee\xde\xbd\xcb\xf6\xde\x1e\xad\
v\xbbL\x04\xa9QA\xdd4\x9b.\xb7kq\x81\xea\
\xe8\x1b\xdc\x85kN\xb3\x03\xdd4Z-\xb6\xa3\x80\xb5\
\xadM<\xa1\x88\xa3\x08U\xfa\xa2\xefg\xdd\xd7\xcf\xba\
\xd4\xa1\xeb{^\xeb\xe3\x07\xf4\xe9\x86f,$\xd3\x84\
gO\x9fp\xefk\xf7\x18\x0c\xc7l\xed\x1f\xd0\xdb\x8a\
\xd1H\xb2</\x8bt\xfa5ke\xa9W\x02\xa4\x94\
\xc4\x8d\x06k\x1b\xeb\xec\xee\x1fp\xf4\xec\x19\x17O\xa6\
<\xd5m\xda\xd2\xd2\x13)\x8a*\xc8Uw_\xca\xa8\
\xb7q3ZC\x1a\xd6\xfc\x94\x91\x9dp<=\xe3\xec\
!\x14\xc9\x94\xf1h\xc8\x8b\xaf\xbe\xce\xee\xed\xc3\x193\
\xb1\x00G\xe6\x197\x09J\xe4]\x9eL\xc9\xc6CG\
\xc4*$A\xb3\xe5\xd6\xe2\xe57^\x02\xfc^4!\
KX\xb1\xf4\x08\xe2&\x15\x0fCU\xdb\x81\xf2S\x05\
*\xb3\x959[Y\x0aUA\x18\xadg\xb1(S\xed\
\xab?\x04\x05\xb0\xb5\xb5%\xee\xde\xbd\x1b\xfd\xd0\x0f\xfd\
\xd0\xeb\x9e\xe7\xfd\xb2\xb5\xf6\x13@\xc7X\xab\xc6\xa3\x11\
O\x1e>\xe0\xad\xaf\xfcW\xf1\xe8\xeb_cr\xfe\x90\
\xae=c\xbb?`\xbf?d\xbb7\xa1\xdbp\x95x\
]\xa5N\xae\xa1\xfefK{\x0b\xa6\xbf\x98+\x81:\
B\xd0\x08\x8c\x81\xbc\x80a&8\xce|\x9e\x9a\x98\x91\
j\xb0\xb6\xba\xce\xc1\xe1!\xfd\xd5U\x82 \x9c/\xf9\
Q\x8f\xa5\x96\x83p\x06\xbe\xa9w\x82E\xf9\xa9C\x81\
\x11\xd7\x83\x85,n\xaf\x18p|_\xe2y\xaa\xe67\
\xba\x99\xcej\xc7z\x9ck\x8d\xb5\xc6\x81]\x94B)\
Y\x12n\xce{9\x0bB\xd6Ql\xb6\xbcv\x15f\
_\x8eS\x5c\x93\xfdZ?g\xe7s>\xffh<\xe2\
\xe9\xd3\xa7\xdc\x7f\xf0\x00\xe1\xf9l\xfb\x01^\xd4\xa0\xb0\
0\x1eO\x9c\xa05\xe4\x8ct\xb5\xee\x8f9\x9f\xd8\xdd\
\xaf\xef\xf9\xb4;\x1d\xb6vv\xd8\xd9\xdf\xe7\xec\xe4\x88\
\xc7:c\xc3&D^NC\x08\x17\x7f\xb1\xd6A\xa1\
\xa5\xc0\xdaZ\x06\xa3\xb1xX\xfa\xde\x94\x02\x85WX\
N&\x05\x83\xa7\x09Y6u\x04\xb1Z\xb3\xbf\x7f\x8b\
\xb8\x11\xa3\xa4t\xab-z\x8e\x8fq@\x9b\x1c\x10\x08\
\xe5x\x0e\xa4*Q\x80\x1fR\x93RA\xa0f\xe6\x7f\
\xfd7\xd5\xffv\xfe\xb7\xe2q\x9c\x03\x8dp\x5c\x8a\xd5\
\xf7\xa5\xcbg\x8d\xf9\xfe+\x00!\x04A\x10\xf8Q\x14\
\xef\x00?\x0at\xad\xb5*\xcf2N\x8f\x9e\x89\xf7\xde\
\xba\xc7\xa3\xb7\xef19\xbf\xcf\x8aw\xcc\xed\xee%\xfb\
\xfd!k\xed\x84v\x9c\xe3+\x8b\xb48\xe8\xaf\x95\xb3\
\xfb_\x80\xf3V\xfe\x7f\xa5\x0c\x96\xdd\xeb*8h]\
R]\x9a[\x86\xb9\xe4\xb4\xf09'F\xc5mn\x1f\
\xdefsw\xb7\xacl\xab\xca@y%\xd8K\xe7\xac\
c\xea\x97\xde\xcb\xa2\xf9h\x99\xc3q\x17\x05\xa1~|\
\xf5\xf2f$\x99\xd5j\xc2\xecr\x96,M]\x09\xaf\
\xe1\x10c,Q\x1c\xd1j\xb5i6\x1b.0\xa8\x96\
\x94\xe2\xc2u\xcak\xdb\xf7\xeb{\xad\x9f\xf6\x9a&`\
\xb6baA\x1b\xcdd2\xe1\xf4\xf4\x8c\x8b\x8bK\xfc\
0bxy\xc9\xd9\xc91\xe8\x9c\xd8S\xb0\xb1N\x18\
\xc7x3\xe5W\xbbX\xa9W\x04 \x94$\x8a\x22V\
\xd7\xd7\xd8\xdd\xdf\xe7\xbdw\xdfap\x96q\xa2C\xba\
*!\x92\xae|\xb9\x98\xf9\xba\x02P%\xaf\x81\xc6J\
\x87\xbe\x8b\x95fCN\x08\x94!*r\x9e\x17\x19W\
'9\xf7sWUId\x09\xeb\xeb\xeb\x84\x81cf\
2\xba O\x13t\x96\x96u\x00\x5c\x01\xd8\x22K\x1d\
\x1a\xf1\x9b0\xf6\xbeW\xed&@\xd1\x8dV\xe8\xe2\xe3\
,\xf7\xb37\xec\xb6\xb8\xed\xfb\xae\x00^|\xf1Eu\
xx'\xc6\x09~\x1bP\xc6h1\x1c\x5c\xf2\xf8\xfe\
{<~\xf7\xebb|\xfe\x98\xae<\xe5\xb0\x7f\xce\x8b\
\x1bW\xac\xb7\x13BO\xe3);\xf3\xd9\xab\x99_\xd4\
\x96\xf9\xaa\xffm\xcd\xb7_t\x07\xaa\x81.\xb0V`\
4\x14\x05Lr\xb8\xc8%g:`\xa2\x1atz]\
^z\xe9Ez\xbd\x1e\xbe\xef\xb9\xc8i\x0d]QB\
\xd2\x16o\xcc^\xfb\x87\x05\xcd<\xfbs\xc3\xb1\xcb\x87\
Q*\xb4r\xdf\x05\xddf\x0d\xba(89>\xe6\xc9\
\x93'\x8cFc\xa4\xe7\xd1j\xb7\xe9\xe7\x05\x08A\xbb\
]\xa7\xc6\x16\x8b\x97\xb3K\x83\xa2R\x02\xd7\xc2\x1b\x96\
k\xae\xd4B\x88\x89r\xf64$i\xc2h4&M\
S\x92$\xe5\xe1\xbb\xef0\xb8\xbcD\x0a\xcb\xd6\xfa*\
\xcdV\x93\xbe1\xb5s,>#a\xab2\xe0.+\
\xae\xd5n\xb1\xb9\xbd\xc5\xf6\xf6\x0e_\xbb\xb8\xe4\xb4\x08\
\xd9\xb4>-[\xa0\xb0e\xc2d5\xdb\x95\xb7$m\
U\xbc\x11%4Mi\xf1\xa5&\x909~\x91\xf3$\
5\x9c\x9c\xc0\xbb\xda\x10`\xb0w\xef\xd0\xed\x94\xb9\x0a\
P\xe2\x02\x0cBy(O\x94\x14\xdf\x01R~\x00\x03\
\xd0\xf7\xb8U+\x06\x8b\xacF5\xf2\xd8\x05\xe5\xb0\xf0\
\xe7}7.\xdf\xc9\xf7U\x01\x1c\x1e\x1e\x8a\xbf\xf17\
\xfeF\xfcc?\xf6c\xfb8>\xb3\x92\xe8\xc3\x88\xd3\
\xa3\xe7<yp\x9f\xcb\x93\xa7\x04\xfa\x9c\x9d\xfe\x80[\
+C6:S\x1a\x81\x9ew\xbc\xf2\xf3\xab\xe0\xdf,\
\x0e \xe7\xfe\xff\xdc=\x5c\xb4\x02j\xca\xc3j\x81.\
 \xc9\xe0*\x17\x9c\x17\x1e\x03\x1bB\xd8dcc\x83\
\x83\xdb\x87\xc4Q\xecL\xff\x05\xe1\xaf:R3\xf3\xeb\
\x9f\xeb2R\x17\xfe\xba\xabP\x7f\xa13\xb7\xfc\x86i\
\xa6~|\xb9\x9f\xd6\x9a\xe1\xd5\x15\xef\xbe\xfd\x0e\x8f\x9e\
<\xc1\x0b#:++\xa8\x5c\xe3\x8dF\x84\x81O\x14\
\x06x*\xae\xc7\xe9\x97\xdc\xff\xa5\xebW\xa8\xbd\xf7\xed\
\xfbM\xc7\x97\x86\xa81\xe8\xdc\x95\x1d\xd7EA\x9af\
<}\xf4\x90\xa3gOi\xc41\xb1/)\x8a\x9c\x92\
\x80\xe1\xfa3\xaa6\x94\x96\x8f\x14\x920\x0c\xe9\xaf\xac\
pp\xeb\x80\xb7\xdf}\x8f\xc18\xe2\xd2\x86tM\x86\
/,\x9e0\xf3 \xa0\xb1\xce\xa4\x15\x8eNDX\x8b\
\xb0\x8e\xaa,$\xa7/s<\xaf\x00\x0d\x93\xa9\xe4\xf4\
Dp?\xf0\xe9\xb4\x1a\xf8\x9eG\xdcl\xb9\x221\x81\
_2\x109\xde?/\x88\x08\x9b-\xbc0\x9c\xd1\x8d\
\x7f\x98\xcd\xa5\x0d\x97\xd6\x8f\x0b\x9a\xb8\x09\xb0\xdaa\xd9\
:\xf8&\x94\x96\xf8~\xe3\x00Z\xad\x96\xba{\xf7\x85\
\xfe\xe1\xe1\xe1'q%\xbd\xa4\xb5\x96\xa2\xc89?>\
\xe2\xec\xe89:\xb9`#\x1a\xb2\xd3\x1b\xb3\xd6N\x89\
|=_\xb2\xae|~]\xfe\x18Yf\x00\xd6\x84\x1f\
\x96f\xbc\xf9\x8f\x9d\x05\x00\xc1\x18AVX&\x05\x5c\
\x15\x8a\x0b\x130Q1q\xab\xc3\xce\xde\x9e\xab`\xe3\
W\x04\x90\xb5\x11[\x09\xcc\xac-HFm\x93\x98k\
\x8c\x99+\xb0\xbc\xadv\xbc\xb0\xd7\x05cY'\x08(\
\xac\xe6\xe4\xd8\xc1\x82/\x86#vn\xdf\xa1\xdd_%\
\x8a\x22t\x911\x1e\x8f]v`\xdc\x98\x9f\xe0}\xaf\
\xb3d\x1d\xd4\xaf\xbd`\xf9/?P\xb7M\x94\xbf\x05\
rV\xb5Wk\xcdd<r\x18\xfaR@\x95\x94\xb3\
\xbd\xe7}Z<\xe7\xcc\xdb\xc0\xe5\xde\xb7\xdam\xf6\xca\
\x9c\x8b\xcbl\xcc\x85\x99\xb2j3\x1a\xd2:|\x810\
\xa5\xc0\xe3\xc0A\x15\xab\x91-\xd1\xa1e\x9d\xc6@X\
\xba\x12L\xa0\x18\xe8\x80\xd3$\xe0\xe2\xfc\x8c\xab\xe1\x98\
m\xcf'\xea\xf4\x1c\x17@\x85\xbb\x97\x8e\xa6\x5cz\xae\
\x06\xe0\x22\xfb\xef\x87\xd3\x1cUZ\x8e\xc9SGS&\
%BU%\xcaK\xec\xbf\x14H!\xcbg\xf8\xc1\xfd\
u\xbb\xb8}\xbe\xdf.\x80\xc0\xd1\x1a\xbf\x08\xbc\x06\x08\
k-i\x92pqv\xc6\xf8j@ \xa6\xac\xb7\x12\
\xd6[)\xcd\xa8@\xa9r\xcc.,\xddU3ii\
\xfa\x9b\x1aBk6\xe3\xcf\x7fl\x95\xf4SS\x00\x85\
6$\xb9K\xf8\x19\x1a\xc5PD\x14~\xccz\xbf\xcf\
\xde\xde\x9e\xe3w\x07D\x99\x0b\xbf\xe8\x5c\xd5%\xb4\xfa\
\xa2&`\xd5\x9d\xd6_\xc4Br\x8d`\x01X_\xdf\
\xb7\xbeb0\xc3\xc1\xda\xd9\xd5\x8a\xc2)\x80\xe3\x93\x13\
\xd2BS\x149U\x01\x8bd\xe2x\xe8{\xfd\xbes\
\xe1g9\xfe\xf57P\xbfN\xe5\x80\x97\xfd\x9fU\x1b\
\xaa\xf7{\xe9\xed-i'\xe9)\x82(\xa4Q\xe6\xff\
\xbb`%\xb3\x0a?q\xa3A\xe8\x07\xc8z\xa5uQ\
\x15\xf7\xb8\xaem\x04 \xa4$\x88\x22V\xb66\xd8\xde\
\xde\xe2\xf2\xe2\x9c\xab\xe9\x90\xb1\xf5(\x90X\xabg\xe9\
\xd1B\x88\x12\x11PYj\xce\xbd\x13\xe5\xbb\x108\x8b\
\xa1\xe5e\xac\x06SZy\x83q\x962\xcd\x0bd\xd4\
$\xee\xaf\x115[N\xd9\xcbyZ\xf7\xb72\x93~\
\xaf\x9b5\x86\x22\x9d\x92^]\x92'S\x90\x12/\x08\
]\x82R\x99\xa4\xa4\xbcJ\x81I\xa8\x94\xc2\x0cl\xb4\
xO\x15\x82\xd2Z\xfb\xa1\xe1\x00*\x89\x91\xc6\x18\xc6\
\xa3\x11\xc3\xab\x01y:\xa6\xef\xa5\xac4\x13\xdaq\x86\
\xef\x83\xf0\x84[kZ\x06\xd2\xd5\xcd\xfb\xd9\xf6J\xd0\
\xcb\xefX\xfa\xae<\xc6h\xc83C\x9a[\xc6\x85b\
\xa4\x15\x89\x0cQq\x9b\xd5\xd5\x15667\x1d\xbc\xb4\
<\xc7\xcc\x0b\xaf\xcf\xda3s\xdeT\xa3\xb6\xd6\xb7r\
\xff\x99\xc0\xd4\xcc_\xb1t\xec\xec\x89\xd4s\xf2\xed\xd2\
u*\x7f\xd71\xf2\x0e\x87C\xd2,c4\x1a\xf1\xf8\
\xfe{L\xa7\x13\x17\xf8\xb3\x96\x8d\xf55v\xb7w\xdc\
1\x95\xe9\xbaL\x0a*\xea\xfd,\xb7U1\x83\xe5~\
\xd6\xfb^\x0fF\x96\xb3\xac\xf4\x14\xadN\x8b\xb5\xf55\
\x9a\xcd&\xa3\xe1\x08c\x0c\xcas4\xe1\xedN\xc7q\
\x15\xc8\x12\xb8Sw\x83f\xc8\x9e\xf2\xec\x16\xac,\xcb\
\x86\xfb>q\xbb\xc3\xad\x83\x03\x1e\xdc\xbf\xcft\xe21\
1\x92\x5c[\xac0\x8e\xa2\x5c\xca\x92D\xd7\x22\x8c\xc6\
\x8a\x8a\xe4\xd4C\xb8H1.\x12nPB\xd3\xf0\x0a\
\x9a~\xc1\xc8hrc@\xf9.\xf56\x08\x162\xfd\
>\xec\x19\xffZ3\x86\x22u`\xa5\xe9\xd5%\xd6X\
\xfc0p\xd9\x7f\x9e\xef\xd2\x9f}W\xb5H)\xe7\xca\
(\xa5\x10\xca\xd5`T\x9eW\xa6\x13\x97h@\xe6\xaf\
\xf4C\x87\x02\x1bc\x18\x8dF$\xd3\x04LF\x14&\
4\xc3\x8c(4H_`\x95t\x89\xf9\x85^4O\
e\xa9\x18\xa4\x9d\xbb\x07\x1a\xac\xaet\xcb\x92\xf03\x1f\
wYnH3CV@b$\x13<r/\x22j\
wXY_\xa7\xbf\xba\xe2\xe6\x94jila\xd6\xac\
\x09\x81\x80\xa5\x0c\x99%\xeb\xa0\xfc_\x0a\x10U\xb4\xba\
\xb6\xcd\xd6\xc9:\xab\xfb\x92\x8b\x02\x07\xa5rpJ\xd0\
\x0a\xcbt:\xc5\x18C\x92\xa4<yp\x9f\xa7\x8f\x1f\
\xe2{>\xeb\xebk\xf4\xda\xad\x1a\xcc\xd4.\xf5qI\
\xe0+E%KJ\xb0\xea\xefB\xd4\xa8v?uc\
\xa7\xa4\x0aS\x9e\xa0\xdb\xefq\xeb\xf06'''\xe4\
\x99sC\x1a\x8d\x06\x9b\x9b\x9blln\xd2j\xb5\x5c\
\xb0M\x08\x97\xd5g\x8c{\x9fF/\xba#\xca\x11t\
\xa0\x1c\x10'R>w\xef\xdc\xe1\xcb_\xfe2gW\
'Lr\x9f\xd4*\xac\x14.\xc8)\xa5\xcb\x91G\xbb\
q\x00\x18+\x91\x9eB\xc8\xd2_\xb6\x1acAI\x89\
\xc2\x03\xdcr\xa4\x83\xc2\x96(\xbf%\x81\xaf\x07\xdd\xea\
\xe6\xf2w\xa3}\x10M\xf92\x14x\xfe\xafDx\x8e\
Z\x5c(\x0fS$\xe4i\x8a\xcd\xf3r\xae+\xad'\
!\xca\xa2\xb7e\xf1[?\x80 *3\x0c}\x84\xe7\
\xbb\xa5\xcd\x9a\x95\xf0}U\x00Q\x14\x898\x8e\x167\
ZC\x96gL\xd3)\xa6\xc8P\xa1q\xa0.k!\
5e\xc0\x0f',\x95\xbf_\x8b\x01T\x04\xa0\x14\xa5\
\xa9\x0f\xf3A5\xf3\xfb\x99\x05\x0c\xf3\xc2\x92d\x86i\
f\x98\xe4\x92\xa1Q\x0cl@\xa6B\xd6\x9a-V\xfb\
}7\x1b\x08\x01y^\x0a\xcab\x7f\x17\xdalF,\
\xe6\xb3u5\xcb\x9a\x82\x05\xd3^J\xb7\xecP\x9fm\
\xc5\x92\xe9}M\xf8g\x17v\x7f\xb2\x02)\xe5\x0c\xdd\
e\x8cc\x94\xa9\xc2T\xaad\xb0\xc5Z\x97\xd9T]\
g\xd9\xff\xae+\xb3<s\xeb\xdc\xa6$,\xc5:\xe5\
\xba|\x9fu<A\xd9w\x09D^\xc0\xf6\xce.?\
\xf2\xa3\x96~\xaf\xc7\xd1\xd11\xcdf\x93\x17_z\x91\
\xad\xad-\x82 p\x82\x9f\xe7\x90e.\xf2\x9a\x15n\
\x0d\xd6\xd4\xee]\x0a\x08|D\x1cA\xe0\xe3y>\xad\
N\x97\x95\x95\x15N\x8fZ\x0c\xf2\x0b.\xad\xa0i\xa1\
m-R\x9bR\x87Xg\xbe\x07\x1a)4\xe4\x1aS\
Z\x06\xae\xc7\x82$3\x5c\xa5\x96q\xe2abE\xab\
\xdd!\x08C\xf7\xeat\xe1\xc6R\xe9RT.\x91\xc0\
\x99\xcbX\xfbM[\x05\xdfL\x1d\x02\xbb\x00\xdaqJ\
\xba\x8e\xdd\x00\xe1\x5c\xcf\xea\x93\x94\xf8A\x88_\x16?\
\xd5\xa2$\x1d\x0d\x02\x14\x02m\xb4[\xc1\xb0%\xc8\xc7\
\x18t\x9ab\xd3\x0c\x84c?r\xe1\x9e\x92\x1eM\x95\
\x0a\xd0\xf7\xbf\xbf\x0a\xe0\xa7~\xea\xa7\xe4\xdf\xfc\x9b?\
\xe1Qc*\xb5\x16lQ\xb8\xce#\xd0Jb\x03\x05\
\xbe\x04Y\x94\xb3\x84\x9cG\xffu\xa9\x04\x8c@\xe8r\
\x16E\x94\x96\x80\x98\xff\xccp\x000\xcf\x09\x00[\x80\
.\xa0\xd0\x82\xd4*&\xf8\xa42\xc4\x0bcz\xbd\x1e\
\xdd~\xdfe\x82Y\xe3\x98r\x17|w\xe6f\xfa\xec\
C\xf5o=\xb8%\xae\xef+K\x13_T5\x0aj\
\xfb\xce\x08<Y \xe1\x5c\xf6\xbf\x05\x16/\x0a\xe9v\
\xbb4\x1b\x0d\x86\xc3+\x8a\xc2`\xad\x9b\xd5\x1a\x8d\x06\
\x9d\x8e#\xc1\x98\xfb\xf55W`vN\xbb\xd8O\xe5\
\xcd\xf7\xab\xbb\x09\x0b\x01L\xe6\xdb`\xe6\xf2\x08@y\
\x92F\xab\xc9\xee\x9dC\xba\xab+L\xc7S<\xcf\xa7\
\xd3i\xd1h4\x9drJS\x98&0I\x1c\xd9B\
e\x09,\xb9!\x22/\xb0Y\x0ea\x88lD\x84\xbd\
\x1e\xbd\xb55\xe2f\x9bb\x12\x93\x9a\x10c\x0b\x84\x15\
H\x0cBX\x8c\x00\xa1<\xb0\x0a\xac[q\xb0\x06l\
i\x02k#\x18\x9b\x90\xd3\xa2\xc5\x90\x88v\xa3A3\
\xf0\x90yB2\xb8\xa0\x08\x02\xa4T\x08Y\x92\x7f\xfa\
\xce\xbc\xb6r\x91a\xf8\x9bm\xcb\xcbv\x8b\x03\xc8}\
\xaf\xb3\x8c,\x99\xb8\xd4^\xa5h\xae\xac\xce\x18\x87\x84\
\xa8r\xfa\xc5\xec\xfa\xd2\xf3\x09\xa2\x980\x8a\xc1h\x82\
F\x93Fo\x05\x15\x84sw\xd2j\xc7hT8\xba\
5S\xb8<\x07S2\x1bY\xe3j\x1d\x18\x91\xbb\x15\
\x8f,\xfd\xee*\x80\x7f\xf3o\xfe\xcd\x92\xed=o\xeb\
\xeb\xeb\xe1k\xaf\xbd~\xb8\xba\xba\xfa\x938\x00\xd0l\
\xbf*Pa\xf1\xd0&@\x17jn\xcaW\xe6\xfd\x02\
\xdf_\xf9\xb9\x06\x04Z\x5c\xea\xab\x1dS;N\x17\x82\
43\xe4\x85\xf3*r\x04)\x1e\xb9\x0a\xf0c'<\
\x9dN\xbb$\x9f\xa8N|S\xfbF\x03\xa2n\xd6\x8b\
\xb9\xbf;\xcb%\xa8Kw\xcdb\xb8\xe9\xf8\xeas\xa9\
\x87|\xcfg\xef`\x9f\xf7\xde}\x8f\x8b\xcb\xf3r\x89\
M\x10E\x11\xfd^\x8f~\xbfO\x18\x85\xb5\xae\xd6\xaf\
5\x9fa\xae\xa1\x03k\xb1\x869uXy\xecB\xc0\
\xee\xe6>*\xe5\xd1\x90\x82hu\x15\xd3s3\xa6R\
\x1e\xc2\x1aDR\x0a\xff4q\xb0\xcbJ\xd9-?^\
SZ\x1e&s\xd6\x8b\x00?\xf0]y\xb5F\x83\xa9\
\x0a\x98\x1a\x9f\xc4J\x0ak\xcbY\xd2\xceo\xd1\xe2\x94\
\x80\xd43\x97\xa90\x96\xb1V\x1c\xa5\x11GY\x8c\xf5\
\x22Z\xad\x16\xa1\x14\xa4W\x97\xc8<s\xe5\xbe\xa5\x0b\
&JO\xe1G\x0d\xa2v\x97\xa0\xd9ve\xdc\xbe\x0d\
\x17\xc0\x1a\x17\xb9/\xf2\x94\xaad\xd8\x8c\xdd\xc7h\xf2\
t\xca\xf4\xf2\x9ctt\x85\xf4\x15\xd6\x1a\xdak\x1bK\
cd\xfe\x0e\x85RH?@\xf9!\xcaK\xcb\x95\x00\
\x85\xdfp\x84\xa3\xd5\x03\xb0\xc6\xa0\xb5)\x01M\x1a\x93\
\xe7X]\xcc\xb8\x12\xad\xd1X\xe3r\x06\xe0\x1b\x04\x01\
\xff\xe9?\xfd\xa7\xdf\xf0\xce\xd7\xd6\xd6x\xed\xb5\xd7\xc3\
W^ye\xbb\xd7\xeb\xbd\x00lp\x83\x84(%C\
\xdf\x0f\x0e\x84\x10\x9f\xc6\xad\x02Ts\x0dRy%\xda\
Na\xb4\xc2d\x02\x9b3\x07\xa7\x08\xc1\x02\xf8\xa7~\
\xe2\xca\xc4\x9f=\xf9\xea\xac.\x1a\x5c)\x0c\xab\x9d\x05\
\x9a\xe7\x0e\xe9e\x85\xa0\x90\x8a\xd4x\x18\x15\x10E\x0d\
\xda\x9d6\xcd8^4\xf3\xeb\xa6/P\x86\x9e\x17\xb7\
Q]\xb3\xde\x89\xa5x\xc1\x0c\xb1R\xd7\x915A\xb8\
\x11# j\xbb\xb9\xed\xbe\xf2\xd8\xd8\xd8\xe2\xa5\x97_\
\xc2\x18\xc3\xe9\xc9\x09\xc6\x18V\xd7\xd7\xd8\xbbu\xc0\xca\
\xda*A\xe0/\x0eZ\xbbt\x9d\xe5\xed\x0b1\x8e\xa5\
\xb6l\xfa\x97J\xb9\x0a\x8c\xdaRy\xb9o\xa4+\x82\
\xab\x98\x0f\xe4L#\xb2|.\xfc\xd5\xa3\xb2K\xd7\xa8\
\xdf\xa7\x01Q\x14\x90\xa6\x08\xd3\xa4\xdb\xe9\xd0l6\x99\
x!i\xe1\x91\xbb\xb9\xdf\xf9\xb1\x95\xd1b\xca\x92b\
\xa2\x1c\xd6\xc2\x92[\xc5\xa0\xf09\xc9#\x1e\xe7M\xae\
lD\x147\xd9\xde\xd9\xa5\xd5\xee\xe0K\x09F\x97\xbc\
\xfaN8\x10\x82\x22\xcf\x90\x9e\xc2\x0b#\xac\xe7\xcf\x22\
\xe6\x94\x08\xc4\x85\xf1W\xad\xbf\xd7\xdd7k]\xba\xee\
x\xc8t|\x85D\x10\xb6\xbb\x04\x8d\x16\xd2\xf3\x9cb\
H\xa6\xe4\xd31\xf9t\x8cH\xcb\x0aRR\xd0\xe8\xf6\
]\xe6_\xc5\xf04\xb3\x02\xa4+;\x16\xc7\xe4\xd9\x04\
[\x14\xae\x9e\x80\xb5.\xd8WS\xf4U\xbd\x80\x19\x88\
\xa8\xcc\x0d(\x8b\x8c`\x8c\xb6Fkk\xcd\x92\x02\xf8\
\xc2\x17\xbe n\xdf\xbe\x1d\xfc\xc4O\xfcd\xff\xf5\xd7\
_\xdf\x04:\xd7G\xc4b\xf3}O4\x1a\xcdF\x1c\
\xc7w\x81O\xe1\xea\xf8\xdd\xa48\x14n\x09p\xab<\
\xaf\xbb=)\x09\xc3\xc0\xf1\xebI\x89\xd6\xae\xf6\x85\xae\
\x92\xbff\xb3}\xf5\xc3\xc2\xff\xc2\x94&\xfeM\xf2g\
+\xb9s,?Y\xae\xc9\x0a\x8b6PXAf%\
\x19\x0a\xab\x02\xc28\xa6\xd1h\xe2\x05\xc1\xa2Yz\xed\
N\xec\xcd\x86\xc1\x92L/v\xa6\xbe\x035\x01\xa8M\
]\x95b\xa9\xce_\xcd\xc6\xb3\x19\x18\x10\x02%$\x8d\
f\x93;w_$\x08\x22NNN0\xba\xa0\xb7\xd2\
ggo\x8fv\xb7\x83\xa7\x94\x1b\x047\xcd\xda\xd5u\
\xed\xd2\xb6z\xd4\xbf\xda^)\xa5\xc5\x11\xbft\x93\x15\
2m\xee&\xccv\xaf\x06\x9f\xd1\x08m\xca\x95\x83\xe5\
gVS\x925K\xc7Zf1\x8cN\xbbM\xab\xd9\
\xe24\x88\xc8\xd2\x80\xcc\x01\x82g\xc7\xbb\xb2\xe5sx\
\xb0F\x91\x18\xc5\x85\x0e8\xcac\x9e\xe71\xa7&&\
W!\x9dN\x87\xdd\xdb\x87\xaclm\xd3j6\x90R\
Q\x14\x19\xd9tJ\x91\x14XL\xa9L\xe6}r\xb3\
\xa7+\xc3\xe5\x88Jq\xecA~\xb0\xe0\x1e\xd8\xf2\x9e\
\xad\xd1\xe8,!\xb9\xbadzu\xe9\xc2Ae\x00\xd8\
\x0b#t\x9eQ\xa4\x8e\xf3\xdf\x96\x03=\x1d\x0f\xb1\xc6\
\xf9\xefa\xb3\x83\x0a\x22\xc7\x22,\x98\xc5%\xa4\xef\xe3\
\xc7\x11\xde$ \x9fL\xd0\xa9+5fC\x17\xb0\xae\
\xd6\xab\xe4\xcdc\xd6\x96J\xccE\x0a\x8cM\xad\xe5\xc8\
\xfb\x8b\xbf\xf8\xca\xcb\xf5][\xadVs}}\xedn\
\x1c7~\x08\xd8]~\xfd74\x01\x04\xc0:p\x1b\
GDX\x1b\x03\x0b\x12\xa1p<e\xaa\xfaNHA\
\x1c\xc7\x84\x91\xab\xa5\x97i\xc1$\x93\xa4\xb9D\x07 \
\xac\xa8%\xfd\xb8\xcf\xd4}\xfa\x9b\x14C\xf56f8\
\x00\xa7P\xb2\xdc\x90\x15\x06m,\x85\x15\xa4V\x90\xe3\
\x22\xaca\xe4\xfa \x95W[\xa2\x9fk\xf4\x85\xbb\xbd\
I\x03\xdc\x88\xe4\xb3\xcb\xb2Ru\xecfEQ\x09\x8c\
65\x1f\xb9\xbcl\x15$C\xe0I\xc1\xeaJ\x9f \
\x0c\xd8\xdc\xde\xc6\x18M\x14E4\xdb-W\x89xf\
\xe2/\xde\xc6\xec\x83X\xfen~\x9f\x0bz\x89\xca\x17\
-\xbf\xaf\xd5\x12\x5c\xb4\xc2*3|\xf9f\xed\xf5g\
p\xad?\xb5\xe3\x96\xad\x9f\xb2lz\xb3\xd5$n4\
\x10^H&|\xd2\x19\x1e\xa0(\xfb8\x0f\xd2\x19\x04\
c\xedqj#\x9e\x16\x0d\x8e\x8a\x98K\x1d\x90\x10\xa0\
\xc2\x88\xee\xda\x1a\xeb{\x07t\xb7v\x88\xc2\x10\xac%\
\x9d\x8c\xd1\xa5\xbf,J!\xf5\xc3\x08)\x95c\xe4)\
\xb3\x04\xf3\xe9\x84<K\x10R\xd2\xe8\xad\xb8\xf5wY\
Y\x9b\xb6\xbc\x05W\x86,O\xa6\xa4\xe3\x11\xd9t\xe2\
\xfaX\x9a\xf1\x81\xd1\x98BSd)\xd6j\x94\xef!\
\x95\x8f\xb1\x86|:fxj\xd1yA\xd4\xee\xe2\x95\
u\x00\xaa\x9a\x92B*\xa4\x1f\xa2\xfc\x80\x8c1E\x9e\
Rd\xa9\xe32\x0c\xca\xc8\xfe\x8dOZ`\xb1V\x08\
a\x80\xb1@]\xa2\xec1\x96\xff\xec\xbd\xfa\xea\xab\xbf\
\xb4\xf4:b\x5c\x09\xe2\x97)\xcd\xf9o\x10\xd9\x14\xae\
\x87\xf8\xb8*>\x01\xcb\x1e\xed\xcd\xc21\xdb'\x88\x22\
\xa2\x92\xd80K\x14\xe3\xd4c\x9ay\x14\xa1\xc2\x13\xb6\
D\xf9\xe1P\x7f\x15\xf0\xc7\x8ay\xd4\xf4\x9aeP3\
\xffM\xc5\xf3g\xc94hc1\x16\x0ak\xc9\x8d\xa4\
(y\xe0\xe38v}\xa8\xea\xc5-\x81pfw\xfa\
\xad\xb4\xf75uoz\x1e\xb5\xe5\xb1,w\xe6r\x99\
\xc2)\x108\xf8[\x09w\xf5=\x02\xdf\xa7\xd7\xe9\xd0\
j\xb7\x01\x17E\x96J\xbaj\xc4\x0bN\xf1|f^\
\xba\x9b\x1b\xfbdaF0\xa1\xb5vE<J\xdf\xd1\
\x99\x9b\x0a\xe5\xbbe&)J$Z%\x84\xcb\xe7\xb3\
\xb8\xc0b\xb9\xb4\x876\xefs\xefK\x9f\xa5\x00_A\
\xe8\xc81\xa3(&\x8ecd\x10PH\x8f\xccx\x14\
Ba\xd1\x08[\x12\x87\x0a'\x00\x89\x95\x9c\xe9\x88\xc7\
\xa6\xc9\x91\x8e\x19\x98\x80\x14\x0f\xa3|:\xed.\x9b\xbb\
{t\xd77ht\xfa\xf8\x9e\xa2\xc83D2u\xdd\
\x92\x12?\x9cC\x80\xad5\xe4\xd3\x84l<&\x1b\x0f\
\xc9\x93\x09E\x9e\xe3\x05!ac\x9e\x9a;\xbb\x8dr\
\xf6/\xd2\x94l\xe2\x04\xb4z\x07E\x9a\x90\x0c\xaf\x9c\
%`m\xa9l$^\xa3M\x1070F\x93\x0d\xaf\
\xd0\xc9\x94\xa9u\x16C\xa85A\xdc(\xa9\xbe\xdd\xb3\
\x96j\x8eP\xd4EA\x9eN\xf1\xe3\x06\xd2\xf3A\xce\
\x98\x86jf\x1c\xb9\xb5v\x22\x84\xc8\x80\x02x\x00\xfc\
\x17\x10\xefh\xa3\xbf\xeaYk\xff\xde\xd2\xe3W8%\
\xd0\xc1\x09\xf4\xfb\xcd\xe6\xf5[\x17\xf5\x97Xyb\x8b\
\xb3\xdf\xbc\x92\xcd\xdc\x1f\xb6\x98\xbc@b\xf1}\x0f\xcf\
\xf3)\xb4\xc7(\xf1\x99$\x1e:V\xa0Lm\xc6\x17\
\x5c\xcb\xf7\xb75%Pg\xfa1\x15\xd3\x8fK\xfa\xc9\
rKQ\xd8\xd9\xb8\xd4V\x90Yg.J\xcf'\x8c\
B\x820p\xc1\x95j-\x5c\x94\xe7\x9d=\xcf\x9a0\
}\xa0N\xac\xb5k3#\x8b\xa6v\xb9l3\x13\xfc\
,\x874s\xcb\x85\x95\xc0T\xb3\xbf\x90\xce\xb4\x0f|\
DP \x02\x1f/\x0c\xdcjE=\xf9\x07\xe6\xa6i\
e\xde\xd7\xbal+;\xbb\xfcd\xcc\xdc?\xb4\xd6\xa2\
\x8d&K3&\x93\x09\xe3\xf1\x98\xc9t\xea\xea\xdb\x01\
A\x14\xd2j\xb7\xe9t\xbb4\x9aM|?(\xe9\xbf\
k\xfeq\xcdwEJ\xf0}\x08}J\x08\xe6\x0dK\
\x8c\xb5\x7f\xa4p\xf7\x13\x85\xd0\x88K\x85\xe3\x13\xc6\x0e\
\xb0\x93KEa$\x05b\xe9zP\xa0\xb8\xb2!\xcf\
M\x93\x93\x22&\xc1\xc3\x17`1h%\xe9\xae\xac\xb0\
{p\x9bf\xbb\x83\x17\x04.\xb4\x948\x7f\x5c\xe7\x19\
\x94T`\xca\x0f\xb1EA2\x9d\x92O\xc6d%\x1d\
W\x91\xbb:\x88\x8e~[qmu\xc0:\x02\xcf<\
\x9d\x92%S\xac1\xf8\xa1\xbb\x07S\x14\x14i\xe2L\
~pK\xb7\x9eO\xd8l\x13u{`\xcd\xff\xcb\xde\
\x9b\xc6\xda\x96\xdd\x85\x9d\xbf\xb5\xd6\x9e\xcep\xcf\x9d\xef\
{\xef\xbe\xa1\xe6*\xc76\x89\x9a\xb4\xf3\xa1m\xf3!\
\xa1A\x8d\xd4\x0e\xfd\xa1#\x04J7\xa0\x08\x14\xbe!\
\xf1\x05u\xf8\x10\xa4|\xe9|\x00K\x91\x83:F\x8a\
\xed\x0e\xad\xb8\x09$\xd0\xb61-u0v\xe1@\x80\
\xb2\xc1C\x95\xfd\xaa^\xbd\xf7\xee\x1b\xee|\xef\x99\xf6\
\xb4\x86\xfe\xb0\xf6\xdeg\x9fs\xcf}UN\x88]\x04\
/\xe9\xdca\x9f\xb5\xd7^k\xed\xf5\x9f'\x02\xa5\xc8\
FcLY\x90\x0d\xcf\xaa\xd2\xe4\xba\xca\xf7\x1f\xfbT\
\xebJ\x11D\x09A\x18Q\xe4>\xa1\xa9-\x0a\x5c\x9c\
 \xe6#\xba\x1c\x1e\xe0\xf7\x85\x10_\x02\x8e\x80\x1c\xb8\
S\x96\xe5\x1f\xa7iz\xef\xe3\x1f\xff\xd8i\x00<\xd7\
\xf4\x9f\x7f/\xcd\x89\x9a\x83\xe3\x96\x86|\xd1\x9e\xd9f\
\x83\x9c\xad_t\xf5\x9d\xb5\xb4\x0b!x\xc5\x84\xa5,\
J\xca4E9K %S\x170)B\xcf\x01h\
\x89\x13\xae\x0a\xf5\xf5\x94]\x5c`\xf3\xeb\xef\xaa);\
\xe6\x82\x84\x9c\xf3\x84\xb4,-\xc6\xb8\x86}uB\xa2\
\xf1\x9f@\x05^\x0f\x11\x85-\xb1\xdc\xcd\xe4\xe2\x8bd\
\x93\x0b\x17\x97Q\xf7\xba\xdb\x9c}\x9f\xd9\x985\xd5/\
Jo\x1b\xcfs\xffw\x0d$\xcb\x10G\x8d<\xcb\x12\
QVu\x02;\x02\xe4be\xdc6\xb2Zx6\xe0\
\x9c\xf5U}\xf2\x824M\xc9\xb2\xdc\xd7\xa1\xb3\x86\xb2\
(\x99\x8e'\x9c\x9d\x9fqrr\xcap4\xa4\xc8r\
\x84\x80\xa4\xd3acc\x83\xab\xd7\xaer\xf5\xfau_\
\x8f\xa0\xe3\xd3n\x8bF1:\x93\xcf\x91\xb2\x02\xfe\xc4\
\xff\xdd\xac\xaf\xc5\x0d\x88j^5\xb7\x10E\xd0I\xfc\
\x07<\xeb\x5c\xc9\xdc\xa5P\x18'\xb0Nx\xb6\xba\x8a\
\x01p\x0e\xa6H\x0e]\xc2\xa1\xed\x90\x13\xd0W\x96X\
\x96\x8cL\xc84\x0cX][\xe7J\x95QIJ\xe1\
\xc3\x80\xb3)E:\xc1\x94EeJ\xc4W\xdd\xcdR\
\x8at\x8a\xce3lYb\xad\x06g}i\xef $\
\x8c\xe2\xf9B!\xd5\x197\xa5\xbf\xd7\x96\x05R\x05$\
+\x03T\x14{\xf1!M1E^\x8d#Q*!\
L:\xc4\xdd>\x80O:#\x03\x8a\xe9\x08\x9d\xe7\xe4\
\xa3s\x9c\xf6\xd5\x80\xe3\xde\x8aw\xff\x15\x9eK\x09\xe2\
\x982\xf7\xc0o\xca\xc2\xc3\x9b\x9a\xcb_\xe8\xf0@\xff\
y\xe0S\xc0=<\x028\xff\xe7\xff\xfc#\xfbGG\
G\xe3\x7f\xf2O\xfe\x89\x0d\x8c.eC\x9d+\xf28\
WO\x1df\xdaU\xeb\x01\xd7\xb5\x81\xba\xfdq\x0e\xeb\
*M\xa31\xde\xe0\xde\xee\xe7l\x93\x8d\xc4\xbf4\x8b\
\xd1\xd6k]\x8d!P\x0a\x8b\x22\xd3\x8a\xb4\x0c(\xb5\
\xc4)\xeb\xd5Ln\xb6*\xa0e\xe7_\x00\xfe\x85,\
\xc0\xae\x9a\x861\x95\x93D\xe5\x05\xe5P\x18+\xb1B\
\xf9\xd2QaD\x10,\x00Q\x83\x04\xda\x0ff\xf1\x9f\
\xf9\xbe\x8b\xddD\xebws_\x0bY\x94UHb\x9a\
U\x94\x7f\xa1vC\xdb<W+\x03m\x85\xd5\xac\xf3\
/=\x0c\xbd-\x7f\xae\xb4t=\x9f\x19k_\xbfK\
\xe3,E\x913\x1e\x0e99<\xe2\xf8\xe8\x88\xe1\xb9\
O\x9eY\x96\x9a\xa2\xc8I\xa7)\x93\xf1\x98\xc9tJ\
Y\x1439_*\xf6\x1f=\xe2\xf0\xe0\x80\xd1x\xc2\
\xb3\xcf?\xcf\xf6\xd5\x1d\x92\xa8\xd2=\xd4\xe7\xa8F\x9e\
Rz\x8a\xde\xa9({\xd4\x12oj\x1d\x87\x1431\
!\x08 \x0a \x8c\xbcg`\xd5T\xa0\x9a,=\x06\
\xe1\xeb\x05\xe2\x83_\x9csh\xeb\x18\x12p`c&\
.\xa0\x13Xv\xe3\x8cX\x1a\x1e\x14\x8a\x22\x0c\xe9\xf5\
\xfb\xac\x0c\x06\xde\xe2\xe4\x9c\x07\xf2\xc9\x04\x9de\xbe\xca\
\x8e\x10\xbe\x16\x80.\xfdY5\x9e\x13Ta\x84\xb4\x0a\
+\xca\xca\x0f?l\xd8\xf2\xf6\xcbv\xa6Dg\xbed\
\x17\xce\x11v\xeb*\xc4\x1d\x8a(A\x883\x8a\xe9\x18\
\xabK\xefo\x10\xc5>\xe4\xb8\xaa.\x15*E\x07P\
QH>\x1az\xa41\x1d\xfb\xec\xc5Z\x13u\xfb\x04\
I\x02\xca[(\x94\x0a\xbc\x89\xaf\xccq\xba\x84 l\
\x9d3\x01\xf0\x06\xf0\xdb\xc3\xe1\xf0\xf7_y\xe5\x95\xc3\
7\xdf\xbcc~\xf2'\x7fr\xee\xf0\x06\xf9h\x88s\
3 \xf6\x00\x5c\xb1\xa5\x95\xf9\xc0X\x9f\x8a\xc9\x1a\xd3\
\xb0z3\xcao\x9b\xbf\xfd\xc7\x03\xb9\xab\x95X\xb6\xe6\
\x0clE\xbc\x16\xa8\x91\x00\xe1\x1cI\x9c\x10E1V\
\x04\xa4e\xc80\x8d\x18Nc\x12\x1c\x89p('\x90\
\x15\x8b/\x9a\xe0\x9e\xd6\x0bh\xb1\xfem' \x1f\xf3\
_Q\xff\x0a\x88\x1c`+\xf6\xdfU\x09\x12\x03\xa5|\
\xce\xbf\x16\x11\xf3\x0b]\xf0\xfckC\x93_\xc4\xec\xc2\
\x93\xe4\xdb\xb9\xaf*\x11\xc3\xb8\x8a\xfa\xe73\xe0o\xf7\
\x9b\xd7\xa4\xcc?\xcfQk6\xfdG)\xa8\xdcmg\
\x16\x89\xf9\xf98\x07\xc6Z\xd24\xe5\xf8\xf8\x88\xfbw\
\xefr\xff\xcd\xbb\x1c\x1d\x1d\x91M3LU\x1a\xcb\xd5\
\xc52\x10\x84a\xc0z\xb7G7\xf4\xc93FY\xc6\
p<\xe5\xde\xf4>Y^TA?![\x9b[\x84\
A0#\xfe\x0d7\x80\x9fSP\xf9\xa2\x07\x0a\xe2\xea\
l\x98\xaaO\xdb\x0d\xb8I^\xd9~\xb7\xfel\xe2\xbc\
\xb3\x98\xad9\x00\xe7\x1d~\x8c\x83\xd4*Nl\xcc\xa9\
\xf5\xb2\xf0v\x98s\xbd\x93a\x9c\xe0\xc0\xf8\xac:a\
\x10\x10\x06\xa1g\xfduI6\x1e\x92\x8dG\x9e\xb5w\
\xd6Yk\xd0E\x81R\x06\x15F\xc4\xdd\x1e2\x8a\x10\
\xce\x892\xf3\xe2\x80gj\x162\x05W\xe7\xbd\x91\xfd\
\xf3\x14\xa1$qo@\xd8\xadB\x8a\x95w\x00\x13B\
`\x8a\x0c\x15\x04U\x14b\x8c\x10u>\x04\xe9k\xfb\
I\xe5k\x02\x06!\xe5t\xd2$&)\x8b\x9c\xa8\xdb\
G%\x89W\x90\x06!\xb6\xc8(\xf3\x8c0/Pa\
\x82\x90\x12\xe7\x04\xd5\x90\x8f\xce\xcf\xcf\xbf\xf4\xfb\xbf\xff\
\xb9\xe3\x1f\xfe\xe1\x1f\xd6\x17\x0f'\x04\xe9\xd9Q\xb5\x91\
\x9ej\xdb\xda\x9ejks\x88\xadL\x18\xfe\x9d\xfa$\
J39\xb3N\xb3\x8c\xa8\x14o>\x84\xce+-\x82\
J\xa1&\xaa\x12Q\xc2\xdb:\x9b\xb2H\xca+\xb5$\
\xd0[?#\xee\xf6\x102d\x9cG<8\xef\x93\x00\
e\xaa\xd8\x88r\xfa\x81%V\xdeY\xc3C03\x80\
w\xcc\xcc\x85-\xce\xc0\x1fx\x876\x1e)\x89\x8aZ\
Xk\xd1\x0e\x8f\x00*\x9b\xab\xacD\x83:\xf1\xc7\x1c\
\xe5]\x0a\x90o\xa3\xb9\xc5?\x16(t\xcd\xfe\x17\x95\
\xdd\xf3\xc2\xfdK\xc4\x80Z\xa6\xa9E\x0bc[\xd4\xb4\
UPb\xd9t\x9c\xcf$trt\xc4\x1b\xb7o\xf3\
\xda\xd7\xbf\xce\xe3G\x8f\xd1eI\x12'\xc4J\xd1\x91\
\x0a\x15D\x84a@7N\xe8w\xbb\x95\xe7\x9cw.\
:\x9dL\xd8;>b\xff\xf4\x84\x83\xc7\xfb\xf4\xba]\
\xd6\x06\xab\x0cz+\x84\xbdV\xf1\xcc\xb9}\xab\xf5\x01\
\x02D\xed\xb4\xd2\x16\x99j\x8ea\xbe F\xbdg\xce\
\xf8\x22\x1e\x95\x01\xcbs\x00\x151q\xce\xa2\x9ddd\
C\x8eLD\xea$\x83@s%\xce\xd9\x8eJ\xceu\
PIA\xfe\xbd\x1b\xe7\x93\x98\xe8<%\xab\xa8\xac5\
\x06)%J\x856\x8cc\x13%\x1d\x17&\x1d\xa9\x92\
\xaeRa$\xac.}\x0a69\xad\xb4\xf1uv\xdd\
\x99n\xc5[\x0a&\x14O#|O\x00\x00 \x00I\
DAT\xd9\x14k-A\xd2!L:^\xd7 =\
\xc5\x06\xafD\xd5E\xee\x89N\xd2E\xf8B\x9e3y\
\xbb\xee+U\xa5\xf0\x0b)\xa6c\xca,\xc3\x8c\x87\x98\
\xb2 ,{\x9e\x8b\x15\x02c-e\x9e\xa1\xf3\x8c\xb0\
\xdbE\xb8\xa0}\x04\xf4\xde\xde\xfd\xfc\x93\x9f\xfc\xe4\x92\
\xc3\xe5[\x90\x8f\x87\xcd\x0b\xab\x95t\x0d\x80W/A\
\xd6QD\xa2.?U\x01\xb8\xf4q\xe0BJ\xefK\
^\xf7i]\xafc\x96\xa5\xf4\xe9\x96\x11\x9e\x8d\xf3\xfd\
*w\x12cH\x8eN\x08\x93\x0e\xc8\x80\xa9\x8ex0\
\xee\x91\x17\x01\xe7q\xc4\xf5\xce\x98+\xdd\x8c\xf5\xc4\x92\
\x84\x10H/\x12\x88\x9a#\xa83\xca\xb4s\xffW\xb0\
c\x9c\xc3X\x0f\xc8\x0d\xadv\x1e\x89\xb9\x1a9U/\
u\x16:\xd9\xbc\x8d\xd6I^\x02\xc4\x17\xd9\x85\xb9\xb3\
}\x01\x18\xc4\xc2\xbd\xb6e\xf2[\xc2<,o\xeeb\
\xdf\x9a\xddn\xa8\xff\xe2\x1c\xfd5\xe3,\x93\xe9\x94\xfd\
\xc7\x8f\xb9\xf3\xc6\xeb<\xd8\xdb\xc3i\xcb\xce\xfa:\x9b\
\xeb\xeb\xac\x841I\x10\x10*E\x1cE$QL'\
\x8e\x09U\xe0\xf7\x5c\x08\xd6\xfa+\xc4a\x88\xb5\x96\xc7\
\xa7'\x1c\x1e\x1cp\xb8\xbf\xcf\xf5\x9b\xd7\xe9\xf4\xba\xad\
\xcc\xc9KX\x9f\xc6k\xe7-Z\xad\x13\xa8\x97[\x05\
\x0d\xcd17\xad\xdf%\x92sb\xce\x9d\xa7\xee\x1ba\
\xc9vT\xb2\x1ah\x0a#\x89\x9c\x01\xe3u\x1d\xe3\xd1\
\x888\x8a)&ct\xa5\xa8SA@\x18w\x08\xbb\
\xdd2\xee\xf6\x8f\xe2n7\x0d\xa2\xce@\x84\xe1\x06\x10\
\x98l\x8a\x94U\x95C!\xe6\xea0\x00\x8dg_6\
\x19\xa3\x8b\x12\x19D\x15\xbb\xdei\x94\x85B(\x82\xb8\
\x83Ta\xe3p$U\xe0\xf5\x0exb\xea\xaaXj\
)\x15A(PR\xa1\x22_\xb1H\x8e\x86\x14\xe9\xc4\
\xeb$\xb4\x16\x22\x08\xbc_\x826X\x0aL\x99c\xb4\
F\x86\x16!\x9a\x1c\x92\xf2\xea\xd5k\xea\x83\x1f\xfc>\
\xf1k\xbf\xf6kK\xb7:\xa8\xa3\x82D\x0b\x90\x9bD\
\x03\xd2\xdb\x1e\x95\x90\xa8*\x08\xa1N:IU\x81\xa4\
N\x04\xd1\x00u\xa5\xb1n\xfe\xae\x01L\xd0*yT\
}\x8fG:\xba(\x9b\xd2\xcbR\x80\xc0\x91[\xc1A\
\x163\xcd%\xc3T2I%\xbb\xbd\x9c\xcd\x8e\xa5\x17\
W\xa1\x02\xd4\x85#A\x98Y*0\xd1.\xfeQ\xb3\
\x8a\x8d\xe8RM\xd7\xf9\xe7\xd4\xa1\xb2\xae\x06$\xaa\x01\
\xe7\x84\xf7\x05\x88\xab/5\xb0\xd5\x86\xfazB\xf5w\
-\xc5\xdd\x22pV\x22R\xf3]\xf3\xb8Eds\x09\
v\x10\xc2\xb3\xd4a\xe0Yh\xd9\xea\xdf\xace6Y\
k-i:\xe5\xe4\xf8\x98\xe3\xc3#\xb24egm\
\x83w\xdf|\x8a\xed\xf55b\x15\x10V\xd1b\x81\x90\
\x04\xca'\xc7pU\xde\x7f)%a\x10bV\x0d\xc3\
\xf1\x98\xb3\xd1\x90\xe9d\xc2\xe9\xd9\x19Y\x9aVf\xb1\
EW\xd66\x92l\xef]k?\x16\xaf5NQ\xfe\
|\x98\xca\xadu\xb6/\xb3\xcd7\x08R\x14g.b\
DHWY\xb6#\xcdz\xa8\xe9HKG\x18\xba\xb2\
D\xea\x8c\xd3\xe3C\x1e?\xd8c\xa5\xdf\xf7\xd5t\x80\
\xb0\xb2\xf9G\xbd\x15\xa2^\x7f\x1a&\xdd\xaf\x07Q\xf4\
X\xaa\xe0E!\xe5\xc0\x1a\x1dhDU\xec\x04Oy\
\xab\xb5\xd4\xe2\xac-K\x8atJ\x99\xa5X\xe7\xbc)\
\xb1\xdf'\x88c\xd7.\xd6)\xeb@\xad9\x8a0;\
\x0fU?o\x91T\xca\xa1$BI'\x95\x12*\x08\
\x85\x0aC\xf2\xc9X\x98\x22w\xb6,\xbcS\x921\x18\
\x81(\x8b\x8c\xb0\xc8]\x10\xc58\xd1<\xb3\xbf\xb9\xb9\
\xb9\xf3}\xdf\xf7\xc1\xfd\x1f\xfc\xc1\x1f\x9c|\xf6\xb3\x9f\
\xbdp\x90\x82\xde\xd6\x15\xcf\x9e\xb7(6u\x05\x95\x9a\
\x9a\x0b\x81\x0a\x14\xd6\x89\x0a)\x08|a\x061\xb7\x86\
\x0bI\x9f/P\xa3\xd6W\xd5\xa6\xd4\xf7h\xad1\xa6\
$\x10%k\x9d\x94\x8e*\xd0&`Z\x04\xec\x15=\
r#\xc8\xb4\xc0\x949\xdb\x1dC'\xf2H T\xd5\
\xb9o'\x0b\x99%@\xa5\xa9*\xdb\xe2\xa6E\x85h\
\xa41>\x8e\xbc\x8e\x97w\xed\xf9\xba\xd9\xe1\xac\xe5\x9f\
\xf6\xf5\xba\xeb\x05j\xcc\x853?g\xf6k?\xa2\x0a\
g\xad\x91\xe2RDS\x03\xc4\x05\x8b\x80\xf4\xda\xf2$\
\xae\x94\x80j\xc9\x185p\xcd\xae9W\xbb\xdc;\xa4\
T\xact\xbb\x5c\xdf\xd8d\xd0\xed\x12T.\xa5u\xfa\
\xee\xc6\xb9FJ\xa4\xabl\xcc\xce\xd1\x8d\x22V\xbb]\
\x920\xe4<\xcf\xc8\xf3\x8c\xbc\xc8\xab2Zj\xb6\x8f\
\xf5\xdc/l\xc8\xc5\xad\xbc\xf4\x9as>\xdd\x98\xb1\x8d\
\xd43c\x10\x04\x06\xc1\xd4*\xcem\x80\x16\x92\x95\xa8\
d+*\x19\x04\x96X:\xba\x81e#,\xe9\xea\x94\
\xb3\xc3}\xde\xfc\xe6k\xde\x15\xb8\x13\xd3]]\xf7\xac\
\x7f\xdc!\xe8t\x09\xa2D\xab 8F\xcaG\xc0\x15\
\xbc_Qk;=\xa1sJ\xe2\xe4\x0c\x09\x94E\x86\
N\xbd{nPU!\x0e\xe2\x8e\xcf'x\xe1\x85.\
[\xf4\x856\xc2k\xec\xad\x90\xca\x05Q\xa2\xa4R\xb1\
\x0c\xc3DEq\x98\x8f\x87\xa2\x9c\xfa\xe7\xf9\xbc\x8c\x06\
\x9de\x94\xd3)a\x5c\x171\x15\x02\xef\xc8\xf7>\xe0\
\x11\x90\xe1\xcd\x82s-\xe8o\xec\xb4\xe63;\xf0\xa2\
^pk\xf1MV\xd7K\xda\xd2o\xde\xe2\x1e\xe7\x1c\
\x16(\xcb\x92\xa2(\x08E\xc9N7\xe5Jw\x8aq\
\x8aG\xa3.\xfb\xe3\x98\xc7\xba\x8bI+k\x80\xc9X\
\x0f-I\x00\x9dX\x10)o\x01m\xcc\x85\xd4\x22\xb6\
C\x1bo\xe7^l\x12\x8blQFS\xe9?\xe6X\
\xf9\xf9?\xda\x93\xa6\xe10\xea.K\x97\xd8f\xd7\xab\
\xfemnA)\xaf\xf1.\x03\xb0\xe5E \xaf\xef\x9b\
C\x1e\xd5\xbda\x00\xdd\xcaT\x16\xa8j\xc8V?\xb7\
\xf0? \xa5 \x8e}0L\xb7\xdbe\x18\x9c{\x13\
h\x10\xe2\xacC(\x9f^KU\x94_4\x1c^\x05\
\xc2\xd6\xa1\xb5&P\x01Q\x10z\x97c\x98\x05\x9a\xd4\
r\x96m?\xbb=\x07\xc7\x9c\x0fG{/\xe7z\xb9\
\x167d)\x8b\x82\xb2(0FSg\x1c\xaaqK\
\xe9$c\x172&@\x0a\xc7\xaa\xd4\xac\x06\x86\x8e\xb0\
\x84\x02\xfa\xa1\xe5jR\xb0_\xe6|\xe3\xfc\x84\xbb\xb7\
_\xe7\xe9\x17^\xe4\xd9\xe7_\xa4\xbf\xbe\xe5k\x06V\
I4\x84\x141\x88[B\x88\x1e\xdee]\xb5&\xe5\
\xf7H\x82\x14\x8a\xda\xe2a\xb5\xa6H\xa7\x95\xc7\x1f\x84\
I\x97\xb0\xd3C\x05\xa1\x133\xe2\xe8|i\xee&\x22\
\xaca^\xfd*\xe7\x1cw\xac\x10\xe2O\xc1\xbd\xe9\x9c\
\x98\x0a/\xa9\xf6\x95\x08o\x09\xa9\x9eWa\xb4\x19D\
q\x98G\xc3\xa0\x18\x8fD\x99Mq\xc6:\xefg\x90\
b\xca\xc2\x05q\xec\x042\xc7\x03|\xc4\x92\x94\xafu\
\x0b\x9c3\x17(y\xfb=5\xaf\xc63&\x17\x0e\xd5\
\xfc\x8b{;\xdf,\xbc\xec\xcaz\x90g\x19E\x9e\xa3\
\x5c\xc9ZTp\xab?!\x0e\x1c\xaba\x81\x14\x03\x1e\
\x0e\xbb\x1c\xea.*uD\xc6B0e%\x00\xa1C\
d\xe29\x01*\xbd@\xcd\xa2\x19S}\xdc|\x00\x9a\
\xd7(\x9b&9\x855\x9a\xb2,\xd0U\xd5\x15\x9c\xf3\
,\xb5\xa9\x93c\xb4Y\xf2e:\x81\x16{\xd1,s\
\x81kp\x8b\xd7\xf0\x08 Ifz\x80\x92yq\xa0\
\x0d\xc4\xb5\xa9\x0c<\xf0\xc7\xdeQ\x86J\x894\x0f\xf0\
\x8b2\x8a\xbf&\x818\x0c\xe8u;$\x89\xcf\x8b\xbf\
X\xb1'\x0c\x02\x82\xd0\x03\xb7\xac\x10\x01\x95\xae\xc6\x1a\
CQ\x96\x04\xba\x9c!\x05\xbc\x8eHIU\xe9d\xea\
\xfd\xb0s\xcf\xbe\x80\x08.\xd9\xbb:\xfe\xbeF\x02\xae\
,\xbdM<\xcf(\x0a\xcf\xf6\x0ak\x11\x12\x8c\x15\xa4\
Vr\xe6B&.$\x91\x8e5e\xe9bQ\x0e\x94\
\x83\xae\xb0l\x87%\xd7\xc3)\x8f\xd2\x80\x93\xc3\xc7\xbc\
\xf1\xea\xabl\xed\x5c\xa5\xbb2@\x84^C_\x11\xbc\
.\xf0=\x80\x16BD\xce\xb9\x10<\xb7d\xad\xc18\
\x83r\x81\xb7\x94U\x9ce\x91M)&cLY\xa2\
\xc2\x800I\xaaD\xa2\x0a*\x8f<!0\xc0\x11\x88\
!\xbe\xe4\xfd:\xde\xc9n\xde\x8e\xe8?\x1a\xf8\x9d\xc7\
\x8f\x1f\xff\x7f\xa7\xa7\xa7\xc7I\xd21\xdb\xdb\xdb\x1b\xbd\
^\xef{\xa5\x12\xef\x17B\xbe$\xfb\xea\xbaT\xc1\x8e\
TA(\x83\x00\x93eU\xf6:\xe7\x9c5\xc6Y\x97\
\xa3\xb8\x0b|v<\x1e\x7f\xea\xab_\xfd\xda\xa3\xcf~\
\xf6\xb3\xcb\xad\x00\xf9\xf0\xac1\xbb\xccE \xd5N\x16\
bV\x1b\xad\xc95v\x91\xd9o\xbd\xeb6;[\xf3\
k5\xd8\xcfd\xbb\xe6\xa7\xf3\xb5\xcfMYb\x8d!\
\xc0\xd2S\x96\xd5\xc8\xb0\x96\x94\xf4\x03S\xa1\x1d\xc9\xa3\
Q\x87c\xdd\xa5\xa7-\x1dg\x09)\x09\x0b\x89r\x0e\
\xd1q\xd4\xa5\xe9\x9b\xa7W:\x88\x1a\xf6\xa4\xf0\xb0&\
\x01\x85#\xc0\xa2\xa8\xb4\xc2Zc\xac\x9ee\xea\x01\x0f\
pm\x0a%\xa8\xbek\xc9\xedmE\xa1u\x0bb]\
\x0d\x98\x82&%^\x9bsP\x12\xe2\xa8I\x84A^\
x\x1by\xdb\x0b\xb0\xde<\xa5\x1a\xf7X\xc2\xd0\xb3\xff\
a0\x8b\xf5\xaf\x8fP\xfd\xb2\x1ad\xe3Z\xff{]\
N\x18\x84DU\xbas]Qn\xa9\x94\x8f\xc9\x88\xe3\
\xc6\xe6^+|\x1by\xbc25\xaa\x22\xc7V\xfb\x16\
E\x11\xbd~\x9f\xb8\xf2\x9d\x07\xaa9\xb9\xf9\xf9Se\
:j\xae\x89\xd6~\xb4\x10\x82\xa8\x91\x00`}\xf1\x93\
\xa2((\x0b\x8d\xa9\x82\x83T%\xa6\x18$)\x01\x13\
\x17\xa2Ql\x05^\xf6O\x94\xf3}\x1c\x048V\xa4\
\xe5f\x94\xf38J9\x9a\x0eyt\xf7\x0e'\x87\xef\
f}k\x9b0\x8a=\x99\xf7bO\x80\x10\xfd\xb9\xf3\
\x5c\xbff*\xee\xb3R\xd2\xe1*\x848\x1e\xa1\xa7\x13\
\x94\xf2&\xbc\xb0\xd3\xf5\xd4\x7f\xf6^L\x05\xf8\x7f\x00\
\xbc\x0a<\x83g\xcbo\xe2\xa9s\xbbY\xe01p\xef\
7~\xe37\xee}\xe63\x9f9\x1e\x0e\x87\xf6'~\
\xe2'\xf6?\xf4\xa1\x0f=J\x92\xe4?v:\x9d\x17\
\xa5\x08\xbe?\xea\xf6\xfe;\x15F\xdd\xa8\xdb\x8b\xcdd\
4\xd0E\x1e\xcb(\xceU\x14\x9e\x09%\xf7\x81\x7f\x97\
\xe7\xd9\xbf\xfe\xdc\xe7>\xb7\xf7\xf7\xfe\xde\xff\x9csI\
\x0bN\x1e\xdc\xab\xde\xaf\xac\x94wbv\x98\xa4\xd7\x0d\
H\xf0\xa9\x88\x8cir\xa7\xc9\x96\x92\xcf\xef\x9f\xa8d\
\xda\xda\x14\xe4*\x84Au\x98*\xa4\xd2\xcad*\xab\
1K]V\x1a\xd4\x9c\xb8b\xddB\xe1\x88\xa5%\x8e\
4\x0cR\xb4\x0d(\x8d\xe4p\x14\xf1\xb8\xe8\xb0\x12\x94\
\xac`Q\xa6\xc4\x15\x02\x9c\xa2\x13\x0b\xff\xe2\x99\x89\x00\
\xb6\xb2\x00\x18\xdb\x9a\x16\xa0\xea\xf4\xd2V\xa3\xcb\x82\xac\
((\xb4\xc6I\xe7\x13V(5\xe3\xd8\xdc\x12-\xbd\
\x10\x15\x95ke\xb4i\x9b\x0e\x17\x01\xd1\xda\x19`4\
H\xc0\xcc\x80_U\xee\xaf\xbaF\x00-\xca(\xf0\xf7\
F\xa1G\x1aa+bq\xd1\x01iN\xa1X]\xaf\
l\xe8\x02\x08\x94\x22\x8aB\x82 \xc0YG^\x16\x94\
\xd6\xb05X!\x89b\x1f\x9c\x22\xda\x84`\xe1\x84Z\
\xcb0Ky|~\xce\xa4\xc8\xe9\x0cV\x18\xac\xae\x91\
\xf4z\xb3\x14\xea\xed\xe7_\x96Y\xa8mn\xad\x01\xbe\
u\xcd;,\xc1p4\x22\xcb32\xaf\xfdFY\x8b\
r\x16\xe9,\x06H\x9d\x22u\x01\x16I_j\xd6\x02\
CG\xf8\xe21u\x94b\x0clF\x9a\x1bI\xce\x9d\
l\xc2\xf1\xe3G<\xbcw\x97\xedk\xbb$U2\xd3\
FS\xbd\xa4y4\xea\xdf[\xa5\xa7k\x12u\x96\xd3\
\x11\xba\xc8|\x00Q\xa7G\x98t}\x0e\xbe:Y\x01\
\xa4\xc0\xe7\x80\x7f\x05|\x03x\x1a\x18\x02\xff=\x1e\x09\
\xb4\xd9\xb5\x0c\xf8%\xe0O>\xf3\x99\xcf\x0c?\xfd\xe9\
O\x1b\x80/|\xe1\x0b9\xb0\xff\x91\x8f|\xe4\xe8\xa7\
~\xea\xa7\xf7\x84\x10\xaf\x8b@\xfe\xb6\x90*Va\xf8\
\x8cK\x92\xff\xc1\x1a\xf3\x12B\xbe\xa6\xa2\xe8\xff\x91R\
|]\x08n\x7f\xfe\xf3\x9f\x7f\xf3C\x1f\xfa\x1f\x978\
\xb2\xccZPf\xd3\x8b\x87\xb6\xa1\xde\x95\xbd\xbe\xa6\x04\
\xd5e9g6k\xbd\xd8* \xa3\xce\xd3\xe7\xed\xfd\
3\xf3I\xb3\x8d\x0dw!q\xce\x92\xe79\x93\xb3\x13\
\x8f\x00j\xd6\xd1\x0a\xa4\x95\x04\x026B\xcd\xd3\xdd)\
\x934`\x9a)\xa6&\xe2\xc4u\xd9\xb1%\x893\x94\
\xd6\x91\x16~>\x91\xf4\xb5\xd6\xad\xf5\xd5~\xeb9H\
\xe1u\x0d\xf5yS\xc2\xe7C\x93\xc2\xa2\x8d\xa6\xc8s\
\x8a\xa2\x98Q\xec9\xd9T0\xe7\x10]\x03\x07\xb3=\
\x99\x03\x969\xdb6\xb5d7\x03\xd6\xb6\x86\xbe\xde\xf7\
P\x81\x0b<uo\x10\x8e\x9bG<\xaa\xde_\xb9\x90\
M\xa7\xf5\xee.\xe8\x11f\x88I\x08PaH\xd2\xeb\
\xd1\x1f\x0c\x08\xe2\x98\xb3\xc9\x94\xbb'\xc7lnm\xd1\
\x09\xbb31\xa3y\xa7x\xc70\xa0t\x96\xb3\xc9\x84\
\x07\x07\x07<<>F\x03[\xdb[\x5c\xb9v\x95\xa4\
\xdb\xf3lo=\xef\x9a\x13l\x8b\xb7\x0dw\xc8\xec\xcc\
\xb5\xe6\xee\xe6\xe6/\xb0eI\x96edYNQi\
\xbdCg\x88\xbc\x07\x07ZH2\x11P\x0aE\x88a\
 KV\x84\xf1Bo+3\xb0\x14\x90\x04^\x17\xf0\
T\x9c\xf3j>\xe5\xe1\xbd\xbb\xdcz\xfe\x05\xd67\xb7\
\x88\xa2\xb8\x22\x1aKR\x7f5\xccJe\xc9\xaa\xce\xae\
s\x86r2\xc2d\xa9/\xb3\x9dt|\xf4\xde\xccC\
\xd0\x09!N\x81\x97\x81_\x03^\xfe\xe8G?z\xb2\
\xbd\xbd\xfd\xf8\x03\x1fx\xffdss\xeb5\xbc\xa2\xb1\
\x0dt9\xf0\x1b\x9f\xfc\xe4\xbf\xde\xff\xf4\xa7?]\xb2\
\xd0~\xe6g~\xc6\xfc\xcc\xcf\xfc\xcc\xe9\xcf\xfe\xec\xcf\
\x9e\x01_\x0e\xc3H\xfd\xe8\x8f\xfe\xe8\xb5\x97^z\xf1\
A\x18wo\x01\xf7NN\x8f_\xfe\xccg~\xe7\xe1\
\x97\xbe\xf4%\xf7K\xbf\xf4K\x8b\x87\xe1B\x0bz\x1b\
[4^}\xd0\xd8\xfe]\xbdz\xea@\x0f\xd7\xfc5\
'\x00T\xce\x18\xf5Y\x9d\xf9\x12\xf8\xb1j\x13R\x0d\
\x14\xb5\xcb0x\x0a\xedpL\xa7S\xf2\xa9\x97\xa3\x5c\
E\xb1\xeb\xf4_BB\xe4`C\x19\xaeG9Ga\
\xc2\xfd\x22\xe0\xc4\xc5\x1c\xbb\x0ek\xa2 \xc4\x90\x97\x9e\
\xda\x87\xd2\xf94\xd1\x95\x89\xbd4v\xa68j\xc3\x8b\
\xf3u\xe4\x02,\x99)\xc9\xd2\x94\x22\xcd@[\x5c\x95\
\x1csQy_-j&\xe762l\xf5\xe5\x22\x01\
\xb9\x00\xc4\xd5\xbd\xa2\xd5\xb7Q(\xb6)\xa2\x9a\x1fd\
\xf15.\xe6%l\xc6Y\x9c'ss\x12\xf8`\x92\
^\xbf\xcf\xce\x95+lmmq\xff\xde}\xbe~\xf7\
Mzq\xccS7n\xb0\xde_!\x09\xc2\x9a*V\
C{N\xe1d2\xe6\xce\x83\x07\xbc~\x7f\x8f\xf1t\
\xca`}\x95\x1b7o\xb2\xb3\xb3C\x1c\x85\x8dbl\
n\xbd\xad_K\xf7ha}uzo\xa3\x0d\xc5t\
\x8a)5E^P\xe4%\xa6,P\xa6$\xc4 q\
\x14H2\xa7\xd0\x0e:R3\x08\x0c\xb1ts\x1e\xd1\
~\xdd>\xf1\xc5F`x*)xsRpvx\
\xc0\xd9\xc91y\x96\x91t\xbb\x17\x09Z{\x09\x15|\
4g\x130eA>\x1eR\xe69a\xa7\xd3\xf8\xea\
\x0b!+\x9fi4p\x02|\x01\xf8\xe2\xc7>\xf6\xb1\
\x93\x9f\xfe\xe9\x9f\xd2\xef\x7f\xff\xfbO\xbf\xf2\x95?\xff\
\x8f\xb7n=\xf5\x15|\x04\xed\xec$8k\x1f?~\
|\xfc\xf3?\xff\xf3K\xe5\xf5\xba\xb5\x00[?x\xf0\
\xe0\xd1\xf7}\xdf\x07\x7f'\x8a\xe2H\x08\xca7\xdex\
c\xf2\x8b\xbf\xf8\x8bO\xa4\xfa\xed\x16\x0c\xae\xecV\xb0\
YQ\xad\x1a\x01\xd4\x00]\x01\xb1\xa8Y\xde\x8a\xadk\
l\xeb\x95\xcbp\xb3A\xd5\x18\xf5\xbd\xb6JOD\xa5\
\x18\x12\x15\xc2p\xd5\x03\xb41h\x07\x08U!\x12/\
\x97{\xad\xbe@\x18\x90\x16\x12\x1c\x9b\xa1\xe6JTp\
\x90%\x9c\x97!G&\xe4\x8aPD\x18l\xa11@\
\xd1\x82\xf2\x9a\xf3\xae\x9f%\xa8,\x84\x16\x04\x96\xc8i\
bg\x18\x97\x05\xe9t\xcat<\xc1\xe8\x12\x15\xc7\x9e\
\xd2^H\x0dV\xb3\xee\xb5r\xb0\xf5\x9d\xab\x11C}\
\xad\xda/\xd7\x02\x0a\xd1\xba6\x07\xb0nvO\xdd.\
 \x9f\x8a\x82Z\xbb$Qi\x8b\xca6\xf3\xac\xdf\x85\
\x1f\xa8\x1eNJI\xb7\xd7\xe5\xea\xee5\x9e9}\x86\
\xf1x\xcc\xe1\xe9)\x7f\xfa\xcdop>\x9dr\xf3\xca\
U6VV\xe8D12PX\xa0(\x0a\xce\xc7#\
\xf6\x8e\x0ey\xe3\xc1\x03\x0e\xcfN\x89{\x1dn=\xfd\
4\xd7o\xde\xa4\xbf\xb2R\xb1\xffv\x06DMv\xe1\
\x859\xcd\xf9X\x5c\xf8\x05x\xabLYdL'\x13\
\xb4.\xc9\xf3\x8c,\xcb\xb0eA\xe0JB\xa1\x11\xce\
R:Ej\x05\xda\xc1@Zz\xd2\x124\xbeF\xb3\
}\x17\x08\x14\xd0\x17\x8e\xadP\xd3q9\xe3\xf1\x90\xd1\
\xd9\x19\xe9tJ\x7f\xb0\xea\xd3\x97]&\x02\xb8\xda\x17\
\xa1\x8aw1\x9a\x22\xd5\xe4\xe9\x14\x87#\x88;\x84\x89\
\x0f\xc9\xad\xc6\xd0B\x88!\xde\x17\xff\x0e0\xfc\xc9\x9f\
\xfc\x09\x0d\xf0\xf2\xcb/\xdb\x97_~y\xf2\xec\xb3\xcf\
NY@\x87\xd6Z\xf7\xe6\x9bo\xbe%\xd5n\xb7\x7f\
\xf5\xaf\xfeO\xfd\xf9\xcf\xff\xfe\xd0\x17^\x857\xdex\
\xe3[\xba?\x88z+\xd5*a\xe6\xe4;;S\xb5\
\x96^T\xac`]\xaf\xac\xa1\xe8\x15\x95s\xb5\x81y\
\xeeU\xd2\xa2\xf8m\x0e\xa3\xe68\x04F\x1b\xe4xH\
\xd4\xf3>\xd0^9\xe7\x08*\xd6\xadf\xc9\x03\xe1\x18\
\x84\x86\xed\x8ef%\xb7\x0cu\xc8\xd0\x85\x0c]D\x0f\
ML\x95\xeb\xacY\x83hl\xde\xd0x(7\x84Q\
\xe1H\xb0$h\x84)\xc9\xd3\x94\xc9tL^\xe4\x84\
\xdd\xc4k\xb4EKf\xaf\xc6\x9cob\xc9\xb5V\xbf\
f3E\xa5\xef\x9d\x89B-\xcd\xea\xfc\x86C\xabO\
k\xbc\xb6N\xa1F@\xa2u\xff\x85y\xb6\x91\xcc\xec\
~\x09Dq\xcc\xe6\xf6\x16\xcf\xbf\xf4\x02\xd6\x18^{\
\xed\x1b\x9c\x0eG\xbcv\xff\x1eG\xa3s6\xfb\x03\x06\
\x9d.A\xa0\xd0\xce2\xce2NGC\x8e\xcf\xcf\x19\
g\x19\x9d~\x8f\x9bO\xdd\xe2\x85\x17^`\xe7\xeaU\
\xa28\xae|CX\x98\x83c~\x8f\xda\x08a\xa6\xbc\
l\xd0Wu\xd6\xeab\x9di\x96\x020\x9d\xfa\xca\xbe\
\xd2\x94$hba\x91\xc2\x9b\x00s\xe7\xb3\x03u\x94\
\xa3\x17X\x0213\x13\xfam\x9e\x85\x0d\x07\x02:\xd2\
\xd0\xa3\xe4<O\x99\x8c\xc6dY\x8a1\x1ah\xe5Q\
l7W\xbf\x8a\x9a\xb3\xad\x22\xfe\x0a\x1f\x81\x17\xc4\x1d\
\xc2n\x0f\x15\xc7\xdey\xc7\xefs\x09\xec9\xe7~_\
k\xfd\xe7\x9f\xfb\xdc\xef]P\xc2U\x80\xfa-\x01\xeb\
e\xed\xde\xbd{\xff\xc9\xe3\x04R\xb5#\xe0.\x8e\xd3\
\xd6C5b\xc0\x059\xf3\x02\x1a_\xf8w\xd9\xfc<\
u\xb2\xc6\xa0\xc1W\xe2Q\xb5\xdb\xe4\xc2\xb3]up\
\x95a\x10\x95\xac\x87%\x872dj\x03\x8eLBW\
\x1a\xba\xa2@\x0aK\xe0\xacwZ\xa9\x9eR\xc3R\x0b\
\x14\x00\x8f\x00b\x0c1\x1a\xa5s\x8al\xcad4&\
\x9dN\xe9\xad\xad\xb6RLU\x05-\x9aO\xfb@/\
\x8e\xda\xda4\xb1p\xbd\xb1\x1a\xc0\x05[x3\xd1z\
\xcc\x05n\xa0-\x1e\x80GLs\x08\xe3-\xc6ls\
\x18R\xa2\x04t\xbb]\xae^\xbbF \x03:\xdd.\
w\xde\xb8\xc3\xc9\xd11\x8f\x8eO8>;#\xa9<\
\x02\x8ds\xe4FSh\x8dP\x92\xf5\xcd\x0dn\xdc\xb8\
\xc1\xd3\xcf>\xcb\xf5\x9b\xd7\xe9\xf7{\xde\xc5\xbbF8\
\xa2Bn\xae\x99\xd8\xc2z\x96!,\x1a\xf0r\xd6R\
\xe6\x05Y\x9a\xa1\xcb\x12k-\xa3\xf1\x98,\xcb\x08\x5c\
IG\x18\x22a\xb1\xccR\xba\x09\xa9\xe8\x05\x9a\xae\xb2\
>\xddt\xcd|,\xe0a\x8f\x04\x1c\xb148\xa3\xc9\
\xb3\x94\x22\xcb|\xd4\xdfR\x1f\x8cvs\x80\xf5v\xff\
\xe9\xc4\xa7\xf3r\x8e\xb0\xdb\xf3\x08`F\xfd\x0d0\x05\
\xf6\x80?\x1f\x8d\x86\x0f\xfe\xc1?\xf8\x07Od\xe9\xbf\
\x93-\x98g{.\x1e\xa29=\xdf\xa5\xbd\xfe\xd3\x9a\
s\xae\xcan\x1a4\x96\x01Q\xfbI,\x1ch_\xe2\
\x09\xfaJ\xb3\x15f<V!gF\xf2\xc8v\xb0\x08\
\x12iH\x84&q\x9a\xc8i\x12a\x88\x05\x84X\x84\
\xa8#\x16\xabsQ\x11\xe4P8\x12\xab\x09mI\x96\
g\x8c\x86CF\xc3!\x9bW\xafT}\xdf\xeeJ[\
\x14\xbd\xcd\x8d\xd7\x0f\xab9\xa6\x06P\xc5BG\xbf\xc2\
\x99\xe9n\xa15pT?\xa7\xc5\xca\xd4:\x89E\xb3\
_s\xfa\xeb\xe7\xd7\xb7\xf91\x94\x0c\xe8v{\x5c\xbb\
\x1e\xd2]\xe9\xb1\xba\xb6\xc6\xde\xbd\xfb\x1c\x1e\x1e1\x9d\
\x8c\xc9\x8a\xc2\x87\x98JA\x10\x85l\xac\xad\xb2\xb6\xb1\
\xc1\xd5k\xd7\xd8\xbdq\x9d\xed\xadmz}\x9f\x91\xb6\
\x09\xf4j[&X\x5c\xe7\xf2}\xab\x93\x8az\x09\xd1\
\xa1KM^\xe4\xe4y\xeeE\x81\xb2d8\x1c\x92\xe5\
\x19}\xa7\xe9Ho*\xb6\x0e\x0a\x02J\x19\xa0\xa4\xa4\
\xa7\xf0u\x03[\x5c\xac\xa8\xb8\xc0z7\xea\xd7\xa1\x84\
\x83\xca\xf9\xcbT\x1c\xea\x12\xd2\xb7\xf0\x0a<R3e\
\x9d\xc7\xcf!\xa3\x98\xb0\xd3\xad\x93~8\xaf4\x179\
p\xdf9\xf7gZ\xeb\xbb\xaf\xbe\xfaZz\xff\xfe\xfd\
\xbf\x10J\xff_\xa2\x05\x97\xc9=\xdf\xae\xd6\x98U\xea\
\x7fD\xadmm\xa5{\xae\xbe\x938z\xcap5\xca\
9\x8a#R\xd3\xe1\xdc\xc6L\xac\xaf\xe3\x17S\xd2q\
\x05]W2\x10%\xab\xca\xd0\x17\x9a\xc4\x95DNW\
\x9e\x7f-\x04\x80#Q\x96\xd8\x19\xa6E\xce\xf9p\xc8\
\xc9\xc9)\xb7\xacA\xb2P\x13\xa0\xed\xd2:\xc7\xbe/\
\x1e\xfa\x8567F\xdd\xe5\x92\xf30\x07\xfc\x97\x8c7\
\xf7\x9dk\xfd\xb9\x8c+\xab\xa9\xb2\xef\xdb\xa8p+\xd6\
XH\x85\xect\xd8\xec\xc4t:\xbe*\xf2\xe1\xe1!\
\xa7\xa7\xa7L\xa7S\x8c\xd6\xa8\xca?`uu\xc0\xfa\
\xc6&k\xeb\xeb\xf4VV\x88#\x9f\x09\xa8\xde\x05\xd1\
^g{\x0es\xae\xc0\xccS\x94\xaa\x8f\xabt\x22\xc6\
\x1a\xca2'\xcf2\xca\xb2\xc09K\x9ae\x0c\x87#\
L\x9e\x13\xdb\x82\x0e%R8\x0a\x02R\x17\xa0Q\x04\
\x02\xba\xd2{\xff\xa9\x85\xc7\xb7w{n\x87D\x95F\
\xed\x89\x95\x7f[\xd8\x03f:-a\x08\xc2\x88\xa4\xb7\
B\xdc\xe95\xe9\xbe\x9b\x9c{B\xbcf\x8c\xf9\x83\x87\
\x0f\x1f\xde\xfb\xe0\x07?\xf0\xb6\x15r\xdf\x89\xf6\x1d/\
\x0d\x06\x95O\x01\xccr\xd19W\xc5{3\xc7\x09(\
\x01\x89\xb2\x5c\x89K\xb2\xee\x14\xe7\x04\xfbE\xcc\xd4\x85\
\xe4V\x90\x19\x18:\x89t1\x89\xb0\xf4\x9df\x8d\x9c\
\x0dR6\x80\x0e\x86\xb0\xce%\x8f7\x01&\x18:\x94\
\x1c\x97\x19g\xe7\xe7\x1c\x1d\x1dQ\xa49A7\x9cQ\
\xee\xc5\xb6\xf4\xb0\xc3\x9c\xacQ\xf7\xab\xaf\xbf\x9d{/\
|\xb1D\xb4r\x97\x5c\xbb`\xb2h\x8f\xb9\x88X\x98\
;\xdb\x01\x92\x95\xc1\x0a\xddN\xc2\xda\xc6&Y\x9eU\
\xae\xb7>L6\x0a\x03\xe28&\x8e\x13_E\xb7\xce\
:\x5c\xcf\xb8\xbd\xce\x0bJ\xc0\xc5)-Y\xbf\xab<\
\xed\x8a\x82<\xcd\xc8\xd3\x14]\x96\x18c8==e\
<\x1eC\x99\x12[\x0f\xfc\x19\x01g.\xe6\xcc\x85\xe4\
N\xb0\x225\x1dLU\xf8kys\xcekNJ+\
\xc9\x9c\x8f\xc2\x0b\xa3\x88 \x08\x10J^\xc4K\x8b\xf3\
\xab>\xb5\xeeJ\x06!Q\xafO\x10'\xb4\x12\x83\x94\
\xc01pGk\xfd\xe6\x9bo\xde\x19>a\xd4wD\
\xfb\xcfA\x00\x7f\x11l\x8d\x80\xca\xd9\xa8\xca\xf6R%\
\x1d\xf2g\xca\xb6\xe5m\xdf\xc2J\x19\xf8T7\xa7/\
-'e\xce\xc4\x84\xa4\xa5`l\x04C-\x19jE\
\xeaB&6\xe4\x94\x90c\x17\xb2)3\xb6E\xc6\xba\
+\xe8b\xbc\x92\x11G\xe24]W\x10\xe8\x8ct4\
\xe6\xe4\xf0\x88\xd1\xe9\x19\x9d\xee\x8a\xe7F\x1aE\xe7\x82\
\x98\xfe6V6\xeb\xbb \x8c\xfeg\xec\xd6\xdb\xba\xf6\
6\x86p\xd4\xd2D-\xaf;\x82 \xa47\x88\xe8\xda\
\xfe\x1c\xf2\x13r\x16 \xd4\x8c!fk\x12\xed\x01\xe7\
\x9c\x92\x96<\x94\x8b_\xe3l\x95K\xcfS\x7f]\xe5\
\xbb/\x8a\x82\xe3\xe3c\xa6\xd3\x14e\x0a\xc0r\xe6b\
\x8e\x088\xc1#\x00p\xacHM_j\x02q\xf9v\
8\xa04\x82\x89\x0e\x98\x10#\xa3\x84\xfe\xca\x8aO\x05\
\x1f\x04<\xe9\xce&\x8d]\xb5\xc4 \x8a\x09\x92.A\
\xa7\x8b\xac]\xb1\xfd#N\x85\x10_\xb2\xd6\xfe\xf1\xfd\
\xfb\xf7\x0e\xfe\xf6\xdf\xfe\xdb\xefX\xd6\xbfn\xff\xb9\x1c\
@[\xe8\xfcV\x16\xdb\x16\xc9\xaarL!2P\x80\
\xc4Y5K\xecQ\xcb\xcdnv\xd0\x22\x1c\xeb\x81f\
\xa5\xe3\xd8\x8dKJ\xad(\x8cdl$C-9\xd5\
\x01\xc7:\xe2X\x87\x9c\xea\x80C\x1bV\x14#aW\
\xa6\x5ca\xca\x80\x92\xa0R\x04\xf6\x5cAbs\xc6\xb9\
\x0f\x95}\xf4\xe0!\xdb\xbb\xd7+\x8bG\xfb\xfd.\x01\
\xe4\xc5\xc3\xbdx\x8e\x16\xef]\xb6\x13\x8b\xbc\xe9\xb2>\
K\xaf-\x8e+\x96\x8c\xb7|\x80E8\x15\xd5\xbd\x0a\
f%\xc2\x5c\xfd-\x17\xf4\x13\x17F\x5c\x14m\x16\x9d\
\xca\x96\xddT\x89.\xd6Z\x8a<'MS\x8a<\xc7\
\x1aorK\xb3\x8c\xfd\xfdC\xb2<#v\x8es\x17\
1\x121S\x17\x91\xa1\x08\xa4c;(\xb8\x95\x14\xec\
D5w\xb7\xbcY`\xea$\x87e\xc0\xd0\x86D\xbd\
\x01\x83\xf5u\xba\xfd^\x13\x05yY\xab\xad\x0a\x02@\
*\x82(\x22Y\x19\xf8\xc8;\xa9\xda\x9by\x0e|m\
4\x1a}\xf5\x8b_\xfc\xe2\xd9\xa5\x03\xbe\x83\xda\xac\xa6\
\xd0\xc5\xf6v\x00\xfa\x14x\x00\x1c\xe2\xbd\x98\xde\xaa\x09\
|0\xc4M\xe0)\x7f\xc5\x17:\x0c\xa3\x88 \xf4\xde\
\xf9\xa5\x91h\xe3S\x1b\xb5o\xac\x15s\x0e\xaf\xc8\x91\
\xd2\x12!\xb0\x018eY\xb5\x82\x9d\x102[24\
\x05\x07e\xc4\xe3\x22b_G\x9c\x95\x8aC\xd3!w\
!\xb9\x08\xd8\x15S\xd6D\x8e\xc2\xd1\x13\x86\x81(\x18\
\xea\x94\xf3\xf3s\xee\xdf\xbf\xcf\x8b\xefy\x0fq\xb7\xf2\
o\xb7\x0b\xceOm\xe0\xa8)\xfc\x05\x8d;3\x85]\
\xad\xc0\xab\xaf\xb5\x81\xa9\xa5\xe3Xz\xbf\x9b\xebT\x93\
\xdf\x8b:\x87\xb6\xb2\xaf=\x1ep\xb1\xd2Qk>\xb4\
\xdd\xbf[\xb8\xdc\xb5\xfa\xd6\xdf\xcd\x99T\x16\xe6\xd4L\
\xbb%\x06\xb4\xefo=\xbf\xadr\xf36\xff\xd2\xb3\xfe\
Y\xd6\x04d\x95e\xc9\xf0|\xc8\xf1\xc9\x09eY\xe2\
\x9c\xc2\xd0\xc1gs\x84U\xa5\xd9\x0eKnF9\xcf\
D9\xebJ{\x13`\xb3\xe6\xd6\xd4\x05h\x07'Z\
\xb1\x97\x87\x14\x22dk{\x87\xd5\xf5M\xa28A*\
\xb9\x0c\x06\xe6\x19\x1e)PUU\xe1 I\x88\xfb+\
U^\xc0\x0a\xf3y\xd7_\x0d\xa4{{{\xd3\x1f\xff\
\xf1\x1f\x7f\xc7j\xfe\xdb-\xc0O\xfa\x1c\xef\x87\xdc\xc1\
\x1bD\xa7xYf\xfa\x84{\x1dp\x1fx\x05\xef\xe3\
<\xe1\xc9HCT\xcf\xdb\x05~\x10_A\x08\xf0\xb1\
\x02Q\x92\x10\x841\x16E\xae\x15\x85V\x18#\x09\x94\
e\x11\xb1\x8b\xe6\x87?lA\xd5!P\x90(\xe8:\
\xc3\x8a\xb5\xac\x06\x86\x9d\xb0\xe4\xa0,x\x90\x85<(\
\x22\xc66\xe6\x01\x12\x87G0\x03Q\xd0\x91\x865W\
pb3\xce\xc6#\x1e=z\xc4\xc9\xe1\x01[7\xae\
\x11\xcfQ\xc3\xd6\xca/l\xc5%;\xf4vY\xf4e\
r\xfc\xb2\xe7\xb86\x9f\xfb\xa4\xed\xbe\x84%Y:w\
\xb1\xa4\xc3<\xc5\xbft\x8e\xcd\x9cZ\xd7k\xe4\xb4T\
\x050\xd3\x01X\xeb(K\x9f~;\xcbRt\x95\x8c\
\xd3X\xc3t\x9aqpx\xc4t\xe2Sv\x19$\xa1\
t\xf4\xa5a;(\xb9\x1a\x16\x5c\x8dJvB\xcd\xba\
\xf4\xfe\xffs\x10\xdb\xc2\xaf\xc6\xc1\xd4H\x0e\x8a\x80\x87\
:&\xe8\xafp\xed\xc6-\xd667]\x18E\xde{\
\xcf\x9f\xff\xf3j\x88\x15\xa0\x8b\xc7\x8eNH%d\x10\
\x11\xc4\x89\x0b\xa2\x98\xb8\xbf\xeae\x7f\xaf@\xacm\xff\
#\xe0\xd1\xe9\xe9\xe9\xd1\x1f\xfd\xd1\x1f\xbe\x1db\xf8\x8e\
h\x01\xde[\xe96\x1e\xe0w\xf0\x95}\x1e\x01_\xa9\
~_\xd6\x1cpx||t\xfb\xab_\xfd\xda\x83/\
\x7f\xf9\xcb\xd9\x93\xbc\x90n\xde\xbc)\x9e{\xee\xb9\xe8\
\xbd\xef}\xefs\xcf=\xf7\xdc\xf7\xd4\xd7\xbd\x1c H\
\x92\x0ea\x920\x15!S#\xc9\x8c\xc0T\x05>\xea\
\xb0\x0aQ=v\x96\x93\x90\xe6P\xb6\xb5\x05\x12P\xd2\
\x11\x0aCOZV\xa5fM\x96t\xa5\xe5N\x910\
\xd4\x01\x8fL\x07),R:\x124\x03\x0aV\x5c\xc6\
i1\xe5\xe8\xe8\x887\xef\xdc\xa1\xb7\xb6J\xb8\xa2P\
U\x94\x9b\x83\xf9\x12\x01m\x1d[c\xe6[\xdc\x22f\
\xf2\xf4\x22[}aG\x17\xaf\xb7\xb9\x846{]\xfd\
\xdf\x9e\xd0%\xb7>\xe1\x0b\x1a\xe0\xad=<\x17\xad\x10\
\xed\xf5\x5c0g.\xce\xc51C\x10\xf5Zf\xe3\xb5\
}\x92\xea\xbf\x8d\xd6\xe4iJ:\x9d\x92\xe7y\x95\x93\
\xc1\xcb\xfeg\xe7g<\xda\xdf\xa7(}!\xb0\x9e0\
l\x06\x05\xd7\xa3\x82\x1ba\xce\x95\xb0d=0t\xa5\
%\x14n\xa9\xf2\xcf\xe1Y\xff\xccJ\x8et\xc8^\x91\
0\x14]6\xb7v\xb8v\xf3)\x06k\xeb\x04a\xe4\
\x84\x10\xa9\x10\xe2.\xf0\xf5\xea\x96\x97\x80g\x80\x0eB\
H\x19\x84\x84\x9d.\xbejPL\xdc[qR\x05\xa5\
\xf7\xf5\x17\x91\xdf\x1e\xf1\x1a\xf0\xf2h4z\xed\xf6\xed\
\xdbO\x22\x9c\xef\xa8\x16\x00\xbf\x81G\x025\x02\xd8\x00\
\x1e\xa7i\xfa\xd5\xbd\xbd\xfb\x8f\xee\xde\xbd{)P\xdf\
\xbf\xbf\x97\x7f\xedk_\x9d\xbc\xfa\xea\xab\xd9\xa7?\xfd\
\xe9\xb74w\xfc\xf0\x0f\xffO\xd1\x8f\xff\xf8\x8f\x8f\x9f\
{\xee\xb9\x1cpBx]\xb2\x10Btz=:\xdd\
\x1e#\x1925\x8a\xa9\x91\xe8*\xc3T\xdb\x96\xdb\xfe\
=\xd7jN\xb4:\x83^\x9b\xe0\x11AT\xf9\x88\x87\
\x15\x96x\xc3\xc5\x8c\xb4b\xdfu\x880\xec\x08K\xe2\
4\xabdt\xcc\x94\xd1p\xc87\xbf\xf9M\xae\xdf\xbc\
I\x12E$\xb1\xcfi\xdf\x86\xf9\xd9\xd9n=\xd8\xcd\
\xcf\xe7\x22\xeb\xffV;\xb4\xa4\xcd\x8d\xd9b\xdf\x9b\x89\
\xfc\xa7\x0c\xda\x9a\xe4\xe2</{v\xf3|\xb7\x00\xfc\
\x0b\xe3=\xe1Q\x0d\x9e\xa0\x92\xfb\xb3\x8c,\x9d\x92\xe7\
)Fk\xacsh\xa3\x99L\xa6\x1c\x1d\x1dsr|\
\x8c\xb0\x86\x15Yr=(\xb8\x15g\xdc\x88\x0b\xb6C\
\xcd@\x19\x22\xe1|\xc1\xa4K\x9e\xec\xf05 \xc7V\
\xf1\xb0\xec\xf0\xc0t\xa1\xbb\xca\xb5\xa7\x9ea\xe7\xda5\
\xd7\xed\xf5QJ9\xe0\x00\xf8C!\xc4\xe7\xf1\x9a\xfc\
\xbf\x85\xe7\x8co\x08!\xbb2\x8c\xe2\xb8\xb7\xa2\x828\
\xb6*\x08\x8b \xe9L\x85TC\x10\x7f(\x04;\xf8\
\xa3\xf6\x85\xe1\xf0\xfc\xdf\xbf\xf2\xca+\xdf\xfc\xdc\xe7~\
?}\xd2\xae\xbf\x93Z\xf0\xe7\x7f\xfe\xe7\xff\x17\x9e\xf5\
\xc9\xa9D\x80\xa3\xa3\xa3\xe9\x9f\xfd\xd9\x97On\xdf\xbe\
=\xfd\xc8G>\xf2$>\xf3[j\xaf\xbf~\xdb\x9d\
\x9d\x9d\x19\xfc&\x17x8\x15R\x0az++\xf4W\
\x06\x1cF\x09\xd3IH\xaa\x95\xd7\x03(K\xed\x84\xe1\
\xdbR-\xdb\xec\xbf\x96\x98*\xaa\x07H\x01+\xca\x22\
\xa3\x12\x87C[x\xc3&\x8cm\xc8\x81\xeb\x10c\x18\
\x90\xb3*JVm\xcey\x96r\xef\xde}\x1e\xde\xdf\
\xa3?X!\x08B\x82\xb9\xdc\x08\x8b\xf2\xc0\x02\x0b\xbc\
T\xe9\xd5\xa6\x8e\x8bc\x5c\xc2\x82\xcf}\xf5$E\xda\
\xc2\xbds\xb2\xf7\x12Y}q\x1cq\xb1\xeb\xfc|\x16\
t\x0dO\x9c\xfbED\xd7~u>\x85\x95W\xfae\
\xe9\x94<\xf5\xc0_g\x9f.\xf2\x82\xb3\xf3!GG\
G\xe4\xd3)\x1di\xb8\x15\xe6\xbc\x94\xa4\xdc\x8c\x0a\x9f\
\xebO\xf9\x90\xf16\xe0/\xce\xc2\xe1\xdd\xc03+8\
\xd6!\x0f\xca\x84s\xb5\xc2\xea\xf6\x15n=\xff\xa2[\
\xdb\xd8$\x8c\x22'\x84\xd0B\x88\xfb\xc0\x1f\xe6y\xf6\
\x07\x07\x07\x87Y\xb7\xdb9\xd9\xdc\xdc\x1c\x81x7\x82\
\xeb*\x08o\x8a\xae\xec\x85\xaeS \xe4#\xa5\x82\xd7\
\x85\x14\x07\xc0g@\xdc\x02\xd4p8\xfc\xc3/|\xe1\
\xe5W\x7f\xf5W?z\xf6\xc5/\xfe\xc1\xa5Yx\xdf\
i-\xf8\xe5_\xfe\xa5\xaf\xfc\xcb\x7f\xf9/\xff\xc2\x80\
\xfc-\x9a\xc3#\x9aC|\xe2\x83\xa7\x01!\x84\xa4\xb7\
2`\xb0\xbaJ\x90\xf4\xc9'\x09\x932\x22/sl\
`\xbdS\x10P\xc7#\xce\x14k\x5c\xcaM\xcfq\xc9\
\x15G\xd0S\x96kqIf%S+\xb9_\xc4\x9c\
\xd9\x88\x0e1\x910t\xa5a\x93\x82\xc7&\xe3\xec\xf4\
\x94;o\xbc\xc1\xc6\xce6q\xa7CO\xfad\x1aP\
U\xa4i\xa8f\xc5\x12\x8b\x96;l\xdb\x15x\x8ej\
>A)P\xf7_\x8c\x09h\xfb\x22\xcc\xb9\x02\xb7\x12\
\x1f\xce\x81\xc1\x22+\xde\xd2\xd0\xd5\xfa\x83f\xdf\x5c\x8b\
3\x11\xccj ,\x80\x95k\xf5s\xad\xe7\xd0\x1a\xa3\
\xf9w~\x8dM\xb5\xa8:\x87\x9e\xb1\xe8\xa2$\x9bL\
\xc9&\x13\xca\xa2\xf0\xfe\x1f\xf8\xbc\x90\x93\xc9\x84\x93\xe3\
cNON\x08\x9cf\xa7\x02\xfe\xe7\x93\x9c\xf5@\x13\
\xa9\x99\xaf\xff\x22\xe5\x9fC\xcb\x02J'83\x8a\x87\
E\xc8\x81MP+\x1b\xdc|\xe6Y\xae?\xf5\x14\x9d\
^\xdfI)\x0d\x9e\xf3\xbd]\x14\xf97\xb3,\x7ft\
||499\x91\xd3,\xcb\xf7\xe38~e0\x18\
\xbc'\x0c\xc3\xef\x95Jm\x83\x9b\x80\xf8\x8a\xd6\xe5\xe7\
O\x8fO\x8f\xca\xb2\xfc\xfa\x9d;o\xae\x1d\x1d\x1d\xca\
\xfd\xfd\xfd\x87\x9f\xfe\xf4\xa7'\x9f\xfa\xd4\xa7\xde\xd1\x8e\
?\x8b-\xf86\x02?\x93\xc9\xc4\x9e\x9f\x9f\x9f\xe7y\
\xfe\xe58\x8e\xff\x03-K@\xb7\xdfgum\x9dN\
o\xc0\xf4\xa4\xcb\xb8\x88\x99\x14\x19k\x91A\x05\xb6q\
3\x7fk>\xdd\xf8o\x00\x00 \x00IDAT%\
\xd6|k\x1fU)\xa0\xa7\x1c\xd7\xe2\x92\x91UL\x5c\
\xc0a\xa18\x22!\x11\x96m\xe1\xb5\xc9k6gT\
\x86\xbc\xf9\xe6]\xae\x5c\xdfeeu\x85(\x0c\x9b\x0c\
\xc8\xb3\xb0\xe8'L\xe1\xc2\xb5\x16\x00\x0aZ\x80\xb9\xf0\
]\x8d\x04\xe6b\x97\xdb\x88\xa5=F\xeb\x19\x8b2|\
\xfd\xdd\xdc\xf5\xea9\xcb&z\x81\x93X\xb8\xe6\x96\xf5\
[\xb2\xd6F<\xa9\xb9\xa2\x1a\x09x 7Z\x93O\
\xa7\xa4\x931y\x9e\xf9\x08;\xf0\xc9I\xb2\x9c\xd3\xd3\
3\x8e\x8f\x8f)&c\xd6\x03\xcd\x0b\xd1\x94\xe7\x92\x9c\
\x8dP\x13U\x84\xa0N\xabx\x99\xd5\xcf\x09\xaf\xf8\x9b\
\x18\xc1~\x11r\xbf\xec0\x09\xfa\xec\xec^\xe7\xf9\xbf\
\xf6n\xd66\xb7\x08\xa3\xc8\x0a!\xce\x85\x10\xaf\x94e\
\xf9\x87w\xee\xdc\xb9\x7fvv\x96\xbf\xff\xfd\xef7\xc0\
\xe1?\xfe\xc7\xff\xf8\xe8\xa9\xa7\x9e\xfa\xc6\x07?\xf8}\
\xdf\xd8\xd8\xd8\xf8:>\x8dW\x0a\xbc\xfe'\x7f\xf2\xc7\
\xaf|\xe9K_J\x7f\xee\xe7~\xce\xe1\x89\xd9_\xda\
\xa6\xde\xba\xcb_\x5c;==u\xfd~?\xff\x9e\xef\
\xf9\x9e\xf3\x9d\x9d\x9d\x15\xbc5@\x09\x10J)\xc6\xc3\
!\xc7\x87\x07\x8c\xcfN\x91\xe5\x94\x81\xca\x19\x84\x9aX\
\xd9\xe6,{q\xa0\xe6\x00\xdat\xa0\xaa\x1b\xf8\x84V\
\xf7\x0c\x84CIA\x81bd\x03&U\xb9\xe9PB\
(,\xa5\x93\x1c\xd8\x0eiQ\x10\x07!+\x83\x01\xfd\
~\x9f(\x8a\x90\x95\xd7WC\xe0\xe7F\x87\x86#h\
_\xbal6m\xae`\xd1\x0e\xbd\xc8\xfa7\xff\xb6\x00\
\xba\xa6\xbc\x8b\xf7\xb65n\xf5#\xda\xf7\xc3\x02\xf4\xd4\
siQ\xf2\x0bsw\x0bsj\xf7\xbd\x88\x15\x96\xe5\
\xfe\xd4\xba$\x9bL\x98\x8eGdi\xe6S|\x09\x8f\
 \xca\xa2\xe4\xec\xec\x9c\x87\x8f\x1eq\xf0\xe8!Q>\
\xe4\xc5d\xca\xf7v'lE\xa6J\xf4\xf2\xf6\xb6\xd6\
\x09\xc8\x9d\xe0\xa0\x0c\xb9\x9dw\xd9s\xab\xc8\xf5]^\
z\xef_\xe7\xdd\xff\xcd\x7f\xeb\xfa+\x03\x82 \xc8\x81\
W\x9cs\xbf~\xef\xde\xdd\xff\xf77\x7f\xf37\xef\xff\
\xd8\x8f\xfdXQ\x8f\xf1{\xbf\xf7{\xfc\xdb\x7f\xfbo\
\x8b[\xb7n\x1e\x1c\x1c\xec\x7f\xed\xf6\xed\xdb\x7fz\xfb\
\xf6\xed?{\xdf\xfb\xdew\xef\xe3\x1f\xffx\xf9\xbb\xbf\
\xfb\xbbO\x98\xc1_\x9e\xf6mw\x05~\xf9\xe5/\xb8\
\xdf\xfc\xcd\xdf\xb0\xefy\xcf{\xfc\x91\xab\xc35\x85\xa0\
7\x18\xb0\xba\xb1\xc5~\xa7\xc7\xd9$\xe2\xa8\x08\xd9\xd5\
\x8a\x95\xc0\xe0M\xb5\x5c`1\x97F\xc15\xdf\xf9_\
m\x11W\xe0K\xa9o\x06%\xb7\xa2\x94\x91\x16Lt\
\xc2\xbe\x8eH\xad`M\x96d\xda\xa7\x0d\xcf\xb3\x9c;\
o\xbe\xc9\xda\xda\x1a\xfdn\x9fP\x06t\xbb]\x9f\x16\
\xad!\xd8\xd5\xe8U\xb1\x879\xf6\xdb\xb6\xe6Z\x05>\
5\xf1\xfcmV\xbd\xce\x00\xb4\xcc?\xa0Mu\xa5\xf0\
\x85\x0ee\x9d\xae\xac\xfd\x9c\xf6\x82\xab1\xdb\xcfn\xc4\
\x83\xf6s*\xc4S\x8fi\xed\x8c\xc3X\x96\xca\xab\x09\
\xf7\x16\xb3k\xb8*o\x82\x98\xad\xb1u\xadN\xa5e\
JM6\x193<?#K\xa7U\x06fO\xf9\xb5\
1\x8c\xc6\x13\x0e\x8f\x0e9\xda\x7f\x8c\x1e\x9dpKM\
\xf8[\xbd!\xbba\xe9\x93\x1e\xbf]\xbcZ-w\xaa\
\x15\x8f\x8b\x98=\xdd!\xeb\x0c\xb8u\xe3\x16O=\xff\
\x02k\x9b\x9b(\xa5\x9c\x10\x22u\xce}\xea\xe8\xe8\xf0\
w>\xf9\xc9\xff\xfb\xd1?\xfaG\xff\xdbR\xbb}E\
\xe5\xe7\xde\xc8\x7fM\xed\x1d\x11\x0b\x00 \xa4dem\
\x8d\xed\xab\xd7x\xb8\xb1\xcd\xc9\xf0\x98c3eXf\
l\xc4\x05B\xd6\xecJEy\xeaP}\xe9*\x97\xe1\
%M\xb2\xb4\xb4\x9f\x04z\xc2q-,\x19\xc6\x19\xc7\
\xa5\xe2\xdc$\xdc\xd3\x11w\x85 \x09\x03\x8c\xb1Dq\
\xc8p8\xe4\xf6\xeb\xb7\x89\x93\x18p\x5c\xdd\xdd\xa5\xdb\
\xef\xcf\x12g\xb6\x07vn\x96x\x80j~5\xa0\xd6\
@\xab\x02\x8f,`\xa1\xa4w\xabPf\x1bc5l\
\x7f\x05l2\xf0\x00\xab\x82\x96\xec\xce|\xe2\x83\xfa\xde\
fN\x0b\x17\x9dk\xd5#p>\xb9hY\xfa\xfa}\
\xad!gIN[\xab\xac\x91\xc02\xae\xa3\xadOh\
\xad\xdd\x1aC\x99\xa5L\xc7c\x8a<\x07|f\x22*\
\x17[\x93\xe7\x9c\x9f\x9fqxp\xc0\xe4\xfc\x985\xa6\
\xbc\x94d\xec\x06%a\x88O\xab\xd9\xde\x93\xb7h\x05\
pn\x15\xc7.!\x8f\x06\xac]\xb9\xc6K\xef}/\
\xcf\xbe\xf4\x12J6A;\xc69\xa7\xff\xd9?\xfbg\
\xf6W~\xe5W\xfe\xab\x04\xee\xb7\xd3\xbeS\x08\xc0\xe1\
A\xd30\xcb\x91.\xfa\xbd>\x9b;;bmc\x87\
\xd3\x87{\x1c\x0ec\xeeMc\x06Q\xc9\x8e(f5\
g\xea\xbb\x1d\x17\x81\xbf\xbe\xbeDV]\xe4\x04z\xd2\
\xf1TXB'eU\x1a\x0e\xca\x80\xb1\x91Lu\x80\
\x10\x11\xa5.\x91\x02\x0e\x0e\x0e\x98\xa6)\xaf\xbfq\x87\
+Wv\xb8\xb6{\x8d\xdd\xdd]\xb6\xb6\xaf\xf8\xdcz\
QDS/\xc6:\x045u\xae>\xd6\x81\xf1\xf5\xe7\
i\xbes3\x8a\xdbF#5rh\x03\x9e\xab*\x08\
\x09\x09\xceT\xd4Z\xcf\xfa\xb5)\xbdq\xf3\xd7\x04U\
\xdf\x16pBE\xa1\xab\xbe\xc6\xfa\x5c\x80\xda\xb4\x80\xb8\
\xea\xdb\xee\xd7\x1e\xb7N\xaf\xdc\x96\x83L\x95\xe4\xb4B\
\x00\x0eG\x99\xe7\xa4\x93\x09\x93\xf1\x88,M\xb1\xd64\
\xd4\x1f \xcf\x0b\x8e\x8e\x8ey\xf0\xe0\x01\xc7\x07\xfb\x84\
\xc5\x94\xa7\x12\xcd\xb3\x9d\x1c\x150\x03~7?\xfd\xcb\
\x9a\x03J-\x99h\xc1\xa8t\xd8N\xc4\xea\xc66\xab\
\x9b[N\x05\x91\xc3\x03\xffC!\xc4\x87\x81O9\xe7\
\x8eNNN\xfe\xd2h\xed\xff\xa2\xdb\xb7\x1d\x01<z\
\xf4\xc8\xe1=\x0c\xff\x03\xf0a\xe0\x7f\x05\xb6\x84\x10J\
\x85\xa1X\xdb\xd8\xe4\xda\xcd\x9b\x1c\xef?\xe4,\x1d\xf2\
\xb0,\xd8)4\xfd\xc0\xd0W>\xdf\xfb\x5ckr\xf4\
}kM\x08\x1f\x0e\xbc\x1e\x1a\x94\xcc\xd8\x8cK\xc6F\
\x90[If\x15S\x1b1102\x8as\xa3\x18\x8f\
2\xce\xb2\x09\xe3\xb3\x13\x1e?|\xc8\x9d\xf5;l_\
\xd9aw\xf7:\xd7\xae\xef\xb2\xbe\xb1\xe1\xddJ\xc5,\
\x03\x8dh\x14\x05\xa2BTK(j{B\xc0\xcc\xf1\
\xa1\x02\xa49DVQsQ!\x83E\xfdA\xc3\xda\
\xbb\xf91\x1b-\xfd\xc2\xb3\xebqk\x0e\xa1\xe6R\x1c\
4u\xfc\x84\x98\xd5.l\xe0_T\xc0\xdfR\x18\x08\
\xbc\xa6\xdf\xb9\xa68P\x99\x97dS/\xf3\xe7y\x86\
\xad\x5c\x92k\xd7c\xad5\xa3\xd1\x88\xfd\xfd\x03N\x0e\
\x0fQ\xf9\x88\xdd(\xe5\x99$c-0Mn\x91\xb7\
C\xf5\xdb]|\xb5`A!\x02\x82\xb8C\x7f0\xa0\
\xd3\xed!\xa5t\xc0]\xe0_L&\x93\xcf~\xf4\xa3\
\x1f\xdd\xfb\xc4'>Q\x5c2\xe4_\x89\xf6mU\x02\
\xd6\xcdZk\xd7\xd7\xd7&\xefz\xd7\xbbJ\xe0\xef\x00\
\xab\xd5\x5c\x84\x90\x02k\x8d\x98\x8c\xc7\x9c\x9f\x9f\x93N\
S\x02W\xb2\x12\x18z\xd2\xa0\x04\x0d\xc0\x0b'g\x07\
\x9b*\xfb\xf0\xdbh\x0d\x0c\x88*+\xb7t\xf4\x95e\
-0l\x86\x9a\xad\xc0\xb2\x15\x96l\xa9\x92\xcd\xb0d\
+(\xd9P%}Q\xa0tF>\x1ds~>\xe4\
\xf8\xf4\x8c\xd3\xd33F\xa3\x11y\x9e\xe3\x9cC)\x85\
\xaa2\x1b\xcd\x1c\x98\x96\x9d`\xb7\x5c\xe16\xa7\xc9_\
\x22~6&F7\x03\xca\xc5\xef\x97<\xea\xc2?\x8b\
\xcf\x11\x8b\xf7.>\xdb\xcd\xcf\xa7}{3& \x04\
\xc6:\x8a\x22'\x1d\x8f\x99\x8c\xc7\xe4Y\xea}\xfck\
\xca\xef\x1c\xdaZ\x86\xa3\x11\x0f\x1f>\xe2\xd1\x83=\xb2\
\xb3C6\xdd\x90\xe7\xe3)\xcf\xc49\x03i\x9bR\x0a\
\x0b<\x92oK\x10C\xcd\x18\x8e\x8cd/\x8fx\xe4\
z\xb8\xd5+\xec>\xfb\x027\x9e~\x96\xfe`\xe0\xa4\
\x94\xaf\x9f\x9c\x9c\xfc\x8b\x8f}\xecc\xdf\xf8\xf0\x87\x7f\
y\xfaNN\xd6\xf1\xedh\xdf\x11\x04p\xf7\xee]\xd7\
\xeb\xf5\xf4\x87>\xf4!\x09<\x87O\x8f\x9c\x00RH\
)\x84\x10\xa2,\x0aF\xa31\xc3\xf3!:\xcb\xe9\x08\
\xc3\x8a2\xc4\xb2\xae\xb1!\xc0\xd5\x9a\xffo\x0d\x01\xb4\
\xbb\xd5>\x02\x81\x80\xa8\xfa$\xd2\xd2\x09|\x92\xc9A\
`\xd8\x08\x0c\x9b\x81f#\xd0\xacH\x1f9(u\x86\
\xce\xa6\x8c\xc6c\xce\xce\x87\x0c\xcf\x87dY\x86\xabK\
M\x07\x01RU\x99f\x17\xd9\xd7\xc5\xc3\xbbl\xda\xcb\
\xfa\xb6\x81\xbd\xadl\xac\xdb2\x84\xf2\xa4\xb1\x17\xc7|\
R\xbfKTpm4\xe1=\xfc|\x09\xf2t<f\
:\x1a\x93gYS\xd2\xabF \xd6\x18&\x93)\xfb\
\x8f\xf7y\xb0\xb7\xc7\xf8d\x9f\x81>\xe3\x99p\xc2\xb3\
q\xc6vPzG\x1f1\xcft\xbces^\xa6<\
\xd3\x01\xf7\x8a\x84C\xb1B\xbc\xb5\xcb\xad\x17^b\xf7\
\xd6-\xe2\xa4k\x85\x10w\xf7\xf7\xf7?\xf9\xe1\x0f\xff\
\xf2\xfe\x9f\xfe\xe9\x9f\xfe\xa5\xb2\xd9\xff\x97h\xdf\x11\x04\
\x00\xf0\xca+\xaf\xb8\x1f\xfa\xa1\x1f\xb2[[[6\x08\
\x82w\x0b!6\x81P\x08!\xa4\xaf}.\x8a,e\
8\x1c1\x1eO\x90F\x93HKWy\xdf\xef\x1a\xe4\
q5\xe0/A\x00\xe2\x92O\xf5]s\xc0Z\xbfe\
\xf5Q\xd2W\x95\x89\xa5#\x91\x8e\xae\xf2\x15\x8bV\x94\
aU\xf9\x1c\xf4]J(s\xf24c<\x9e0\x1c\
\x8d\x99L\xbdg\x9bT\x02\x15\x86\x1e\x11\xd4\x01E\xb4\
\x22\xef\xe6\xe6#.\xce\xb9-[7\xf2D\x9b\x85o\
\xcb\xf4\x0bc.\xfd\xbb\xb5\xe0\x0b\xcf\x11\xf3\xc8cQ\
LioR\xd5\xda\x16X\xaf\xabt\x18c(\xf2\x8c\
l<f:\x9ePT\xfe\xfdm\xee\xc1\x18\xc3t:\
\xe5\xe0\xf0\x80\x07{{\x0c\x0f\x1f\xd1\xcdN\xb9\x15L\
x6N\xb9\x16j:\xd2\xcd\x0a)\xc1R\x89ii\
\x13\xde\xfcwX\x06\xdc+;\x0c\xe3\x0dV\xaf=\xc5\
\xd3/\xbe\xc4\xce\xb5]\xc2(rR\xca\xfbGGG\
\xff\xee\x13\x9f\xf8\xc4I%\x8e\xfe\x95n\xdf1\x04\x00\
\x10\x04\xa1\xfe\xc0\x07\xde?\xedt\xba\xdf\x83\x8f\x12\xec\
\x00RJ)\x94\x94\xc2ZG\x9aN\x19\x8d&\xa4Y\
\x81p\xd6\x97|V\xaeI\xfe \x9e\x84\x00\x9e\xd0.\
\xc1\x09\xb3O%\xe66\x08\xa1\x12\x15\xe2*\xfd\xf4@\
Y\x06\xd2\xd0\x97\x9a\xd0\xf9\xeaB\xe34e4\x9e2\
\x9eL)\xca\x12\xa9\x14Q\x14\x11\x86\xa1\xaf/?\x07\
\x5c\xadO\x8d\x1c.\x90\xe6E\xe6w\x81\x0a_`+\
\x9e\xb4\xba\x85\xeb\x0d\xc0\x8b\xd9o\xd1\xee\xb7l\x0e\xde\
\x0b\xb2=\x7f\x87\xc0:\xe7\x1d|\xb2\x8ct<&\x9d\
N(\x8b\xbc)\xb6\xda\x04\xff\x18C\x9a\xa6\x1c\x1e\x1e\
\xb1\xb7\xb7\xc7\xe9\xfe#\xe2\xf4\x94\x1br\xccsq\xc6\
nXz=\xcf\x02\x9ez\xd2\x12\x17\x11\xd1\xd8(\xf6\
\xca\x88=\xd3\xa7\xeco\xb3\xfd\xd4\xb3\xbe\x00\xc8\xd66\
*\x08\x9c\x10b\xef\xe4\xe4\xe4\xb7\xfe\xcd\xbf\xf97\xa7\
\xdfE\x00\xdfa3\xe0\xaf\xfc\xca?\xd7\xff\xf0\x1f\xfe\
\xc3\xc3~\x7f\xe5\x8ba\x18>-|q\xc6\x81TJ\
u\xfb}we\xf7\xba\x98\x8c\x86\xa4\x931\x87o\xe4\
\xec\xa5\x96\xce\x14b\x04W\xe2\x9cD\xce\xf2\xdd\xfb\xdf\
\xfe}~+\x88\xa0nsg\x7f\xc9\xb1\x10\xf8\xc3\x16\
\x89*\x99\xa84t\x95\x0f9^\x0f\x0d\xab\x85f\xaf\
,\xd9?\xcb\xd8\x9fN\x98L&\xa4YF\xa957\
n\xded\xb0\xb2\xe2MP\xc8\xca\x09\xd03\xcd\xa2\x1a\
\xb8\xf6\x87h\xb2\xf0\x00\x17\xbc\xfb\x16\x95~\x8d\xc7\xa0\
\x98M\x90\x96\x12\xb0\xa1\xee\x97-\xa8\x1as.F\xa1\
\xfd\x9cV\x1f?[\x10b\x9e\x9dw\x0e]\x96\x0d\xf0\
g\xd3\x89\x8f\xdf\xaf\xa9~\x8b\xf2\xa7i\xca\xd1\xd1\x11\
\x0f\x1e\xecq\xfc\xf8!\xe1\xe4\x98]1\xe2\xd98e\
7*\xe8+3\x0b\xee\xb9\xec\x15.\xc3\x87\xd5VX\
`\xec\x14\x87&a\xac\xba\x84\x835V7\xb7\xe8\xf6\
W*7\xee\xef\xb6\xc5\xf6\x1d\xdf\x95\xeb\xd7w\xed\x8b\
/\xbe8\xea\xf7\xfbO\x0b!n\x02}*]@\x10\
\x86\x84a$\xacuL\xa6)\xa3IF^\x18\x94\xf5\
a\xa0q\xcd*6\x04\xd1\xff\xb1\xac\xbc\xd3R\x82H\
\xeb\xff'\x10\xcd6G\xdc\x16\x17\x02\x01\xb1rt\xa5\
\x17\x0d\x12\x0cVk\xc6Y\xc1\xf94g<\xc9(\xb5\
!\x8a#:]_\x83\xceZ\x0f0\xba\xd4M\xa1\x89\
\xc5\xb2t\x97\x9c\xf1\xd6\x84`\xa6X\xb8\xbc\xe7\xdb\xba\
V\x93\xd8\xa5\x00wQ}9\x93\xf9\x1d\xce\xf8\xd2\xdd\
Y\xe5\xda\x9b\xa5StYT\x05b\xfc\x80\xceyG\
\x9fi\x9arxt\xc4\xde\xfd=\x0e\x1f?D\x8e\x8f\
\xb9!\xc6\xbc\x90\xa4\xdc\x8cKV\x033'\xf7_\xda\
\x9601\xf5\xef\xd2\xc2C\x9dp\xbb\xecq\x1em\xb0\
~\xe3i\x9e~\xf1]\xee\xea\xeeu\x12\x1f\xce\xfb]\
\x0e`\xa1}\xc7\x1d\x81~\xe1\x17~\xa1\xfc\xfe\xef\xff\
\xfe7\xae\x5c\xb9\xfa*\xf07\x84\x10k\xc0\x8a\x94R\
\xc6IGl]\xb9\x821%e\x96\xf2\xcd,\xe7\xf8\
q\xc972\x8d\x12\x06%\x1c\x1b\xa1&d\xc1\xa7\xa6\
n\x97\xbd\xde'\x9d\xb0'\xdc_\x7f\xd5T\xf7\xaa\xc5\
\x04\xe5\x88\x84&\xc2\x22\x8d\xc1\x19\xcb\xdd\xdcq\xbeo\
\xb9]U=\xc69v\xae^\x01\xe3(\xb2\x1c\xad5\
*\x08H\x92\x84N\xb7K\x92$\x04\x81/\xc7\xedD\
\x9b\x87Y\x02\x82K\xd75\x03\xba'_[\x18\xa3E\
\xe1\xdfrL\x078\x8b\xc3\xcb\xfbe\x9e\x93N\xa7\xa4\
\xd3)E\x9ea\xb4i\x0d\xe9\x91\x9b\xd6\x9a\xe9d\xc2\
A\xc5\xf6\x1f=~\x84\x9a\x1c\xb3+G\xbc\x10\xa7\xdc\
\x8a\x0aV\x95i\xa2\xfb.\xb4\xb7`\xe6\xea\x99[`\
b%\xc7\xa5dhBD\xd2cuc\x93\xf5\xcdM\
\x92N\xc7\xdb\x8a\x84h\xdf\xf2\xdd\xc6;\x00\x01\x00\xdc\
\xbd{W\xbf\xf8\xe2K\xffq0\x18\xdc\x92R\xf6\x84\
\x10\xcf\x00=)\xa5J\xba=we\xf7\x860eI\
Y\x14|S\x17\xec?.!\xf5\xec\xa2\x14)k\x81\
i\xea,\xcfq\xf0oAM\x96e\x83\x7f\xab\xd6H\
\xea-\xaeY8G \xa1\xaf\x0c\xd7B\x87\xd1\xbeL\
\xda\x9d\xc2qz\xa0\xf9\x861\xe8\xb2d\xf7\xc6u\xca\
\xa2`2\x9a\xa0\xcb\x82 \xf4q\x06\xdb\xdb\xdb\xec\x5c\
\xb9\xc2\xda\xfa:q\x92T\xb9\x11\xebJ{Ky\x80\
'\xce\xf0\xad\xaf\xbd\x15\x99\x9d\x87\x92\xba^\x1f\xce\xf9\
\xec<\xba\xacr\xf8y\xe0\xaf3\x08C\xad\xe4\xf4\xf1\
\xfeZk\xc6\xe31\xfb\xfb\x07\xec\xed=\xe0\xe0\xf1#\
\xc4\xf4\x94kr\xcc\x8bq\xca\xad$g\xb5\xae\xe6\xd3\
\x9e\xe9\xdb\x95\xe0\xaa\x97\xed\xf0\xc1\xfb\xa7&`\xbfP\
d2\xa2\xbf\xba\xc6\xc6\xd66++\x03\x02_\xb4\xc3\
\xe2\xb3\xfe\x8c\xf1\xc6\x82\xef6\xde!\x08\xe0G~\xe4\
G\xcc\xaf\xfe\xea\xaf\xbe\xf2w\xff\xee\xdf\x0dVW\xd7\
\x9c\x94\xf2\xef\x00\xcf\x09A\x1f\x84\x8c\x93\x0eWn\xdc\
D\x1b\x8b6\x86\xd7\xad\xe5\xe0\xc0\xf1\x95T`\x1c<\
\xdf\xc9\xd8\x08\x0d\x91\xa8=agr\xb4\xa7a\x17O\
\xd4\x1c\xf0_*o^n\xabs\xad\xbf\xbc\x12\xbd\xaa\
B+\x0d\x1b\xd2\x90\x0b\x8d\x11\x06c\xe1\xe4\xe4\x88W\
K\xcd\xa3\x87\x0f})\xf24\xc5h\xe3s\xee\xf7z\
lnms\xf3\xd6M\x9e~\xe6\x19\xae\xec^\xa3\xbf\
\xb2\x82\xaa\xdcr\x1b\x84S\xd9\xea\x9b\xd8\x097\xbb\xb6\
\x9cm\xb9\x8c\x95i\xe9\x0f\xe0\x82\xb0\xdd\xecK\xed\xc7\
\xd0\xc8\xfa\x16Sj\xca\x22\xa7\xc8R\xd2\xd4\x97\xeb2\
\xda\xe0\xa8K\xc6y\x96\xdfZK\x96\xfa4\xeb\x8f\xf7\
\x0fx\xf8\xe8!\x87\x87\xc7\x14\xd3\x11k\xae\xa4\x17z\
\xfdIP\xa7\xe2s\xccj\x9b,\xee\xf4%LL\x1b\
\xc9\x1b\x07S+\xd8/C\x0eL\x071Xe\xeb\xea\
.;W\xaf\xd2\xed\xf7\xeb\x9c\x7f\x19\xf05\xe0w\xc1\
\x0d\xb5\xd6\x7f\xe5M\x80\xf0\x0e\xd0\x01\xd4\xed\xb7~\xeb\
\xb7\xcc\x8d\x1b7N_x\xe1\x85a\xa7\xd3\x09\xf0\xe1\
\x97\x03 \x14R\x0a\xa5\x02\xe2$!J\x12\xac\x83q\
\x9as:)\x19\x16\xbe\xb0DSO\x90\x99\x8c>\xa3\
*\xdf\x82R\xf0\xd2\xae\xe2-\xc72\x0e\x0am)\xb5\
\xc1\x19\x0fJ\x13\x02\xceM\xc08\xd7d\x93\x11nz\
NG\x8fIL\x0a\xa5O\x87u>\x1aq~>\xaa\
\xfc\xe4\x9dOb\xa95\xba\xd0hmp\xae\xaa\x93(\
%H_=I\xd4\xbe\xff\x97\x92\xcc\xb7\xa3Ec\xa6\
\xe0Xf\xf6\x03\x9c\xb5\x9e\xe2W\xd9{\xb2\xe9\x84\xe9\
tZ\xb9\xf5.\xc2\x90\xc3\x18\xeb\xa9\xfe\xe3}\xee\xdd\
\xbf\xcf\xfd\xfb\xf79:<&KS\x9c5(l\xe3\
-)\x9d \x10\x10H\xd7$\x22^\xaa\x00\xbcd)\
Nx\xd6\xbfpp\x90\x87\xbc\x9auy\xcc*\xbd\x9d\
\x9b<\xf3\xd7\xde\xc3\xadg\x9fgem\x0d\xa9\x02+\
\x84\x18\x09!\xfe=\xf0\x7f\xec\xed\xed\x1d\xfd\xe2/\xfe\
\xe2w\xb9\x00\xdeA\x08\x00\xe0\xf3\x9f\xff|\xd9\xef\xf7\
F\xcf>\xfb\x5c\xb1\xb2\xd2\xdf\x04q]\x081\x00j\
\xe7\x1a\x91$\x1d:\xdd\x0eBJ\xa6Y\xc1y\xaa9\
\xcb!\xd3\xf8X\x1b\x1c\xd2Y\x9f\xf6\xb3V\xae]\xfa\
qOV\x10.\x1a\xa3\x97\x8cQ\xdb\xc0\x9d\x83\xd28\
2\x0d\xb9\x16dV2\x12\x11\xc7.\xe6\xdcF\x08\x01\
\xab\x22\xe3V\x98\xf2\x5c\x9c\xf2T\x94\xb1\xae|is\
m\x0c\x934g<I\x19\x8f}J\xb2\xf3\x93S\xce\
\x8eO8?;eR\x05\xd1X\x1c2\x0c\x90xO\
\xc3\xb6\xe9\xe2bZ\xeb\x96\xd6r\x81\x03p\xcd\xf5z\
]\xf3r\xbeu\xbeJ\x8f.\x0b\x9f\xab\xbf\x92\xf3\xa7\
\x95\xac\xaf\xcbr\xe6\xd5W\x8di\xad\xa5(J\xce\xce\
\xcfy\xf0\xe0!w\xef\xdee\xff\xf1c\xa6\xa3sd\
\x99\xfa\xb2m\x95\xd5&\xb3\x82\xa1\x09\x98\x1a_\xab)\
\x94\x96Hz1\xea\x82\x12\xb0%\x1b\xb8VH\xa0\x07\
~Aa\xe1\xb4\x0cx=\x8d\xb9\x9d\xf70+W\xb8\
\xfe\xc2\xbbx\xe6\xa5w\xb3}\xed\x9a\x8b;\x9d\xda\x05\
x,\x84\xf8\xa3\xdb\xb7\xbf\xf9\xdb\xff\xf4\x9f\xfe\xef\xfa\
\xcb_\xfe\xf2\xe2\xf1\xfb+\xd9\xde\x11\x22@\xdd\xc6\xe3\
\xb1{\xf5\xd5W\xcf\x87\xc3\xe1\x9b\xd7\xae]{\x1d\xdc\
\xdf\x006\x85\x10\x89sN\x04A\xe0\xfa+\x03\xb1{\
\xf3i_I8\x08y\xfdk1'\x0f\xef\xf2\xda\xd4\
\x17\x049/\xa7\x5c\x0f,\x9b\x91\xa1\x1b:B\x09B\
^\xa2$\xbc\x90Q\xa2\xa6\xef-\x0d\xbb\xc3\xdb\xbe\xdb\
\xee\xae\xf5\xf5\xeac\xad\xa3\xd4\x8e\xb4\xb4d\x85\x0fE\
=u!\xfb&\xe1\xccFH\xe1\xd8\x092\x9e\xef\xa4\
<\x1d\x15lE%\xb1pdVrX\x96\xdc\xc94\
w\x0b\xc3\xf9\x897\x95\x1d\xec\xef\x13\xc71a\x18\x12\
\xc51\xddn\x87\xd5\xb55v\xae\x5ca\xf7\xc6u6\
\xb7\xb6I\xe2\xd8\xd7\xb4\xc7\x83\xf4\xac`k\xfb\xb7h\
\xcc\x8d\xb3\xc5\xbby\x0d\xba_@\x93\x92\x0b\xe3\x11R\
\xa1KtQP\xe6Ee\xb5(\xab\x94\xddU\x9d\xc5\
j\x83\x8c1\x94eI\x96y\x96\x7f\x7f\xff\x80\xfdG\
\x8f8?=\xc6\xe6SV\xc8Y\xab\xec\xfb\x12\xef\xa3\
\x7f\xae%S\xab\xb8WD\x14\xce\xcb\xef\x88\x9c-\xa9\
\x89\xe5\xfc;\x99\xbd\x11\xd7,\xa7N\x07\xe1\x81_\xf1\
f\x16r;\xeb2\x0a\x06l]\xbd\xce\xee\xd3\xcf\xb0\
\xb9\xb3C\x9ct\xa82\xfe\x16B\x883\xe0\xf4\xe1\xc3\
\x87\xe6\xe3\x1f\xff\xf8w\x15\x81U{G!\x00\x80\x8f\
}\xecc\xe6\xef\xff\xfd\xff\xe5\xf8\xa5\x97^\xfaJ\xa5\
\x0c\x1c8\xe7n\x0a!B\x07R\x05\x81\xeb\xae\xac\x88\
k\xb7n!\x83\x80 \x8ay=\x8e\xd8\xbf\xf7&w\
G'LS\xc1X9\xae\x97\x05\xdb\xb1\xa1\x1fX\x22\
\xe5\x08\x15\xc8*\xd4V\x08|\x18qM\x04\xe7f\xe0\
\xfcw\x08\x1f\xc0#fr\xf1\x1c\x8cy\xb8AkG\
Y:rm\xc8KGf$C\x1b\xf0\xd8txl\
\x12r'\xd9\x0a\x0a^\xe8\xa4\xbc\xd8\xcd\xb9\x12\x95t\
\xa5\xafJd\x9c\xa0\x8b\x86R\xa3\xd1\xd8\xd20\xd1\x05\
\xa3\xc99c\xe91\x97P\x0a\x15Ft\xba}\x1eo\
nqzr\xca\x0b/\xbe\xc0\xf6\xce\x0e\x9dNR\x85\
$\xb7\xf5\x19-\x8a~\xa9:\xc05\xf2\xbdu\xd6+\
\xf6\x8c\xc6\x94\x1a\xa35Zk\xca\xb2\xa0,u\x95\xa9\
\xd74e\xdbj\xccg\xf1\x85<\xd34e8\x1cr\
rr\xc2\xf1\xf11'\xc7Gd\xe7'D\xe5\x945\
Yp5*\xb8\x12\x95\x0c\xaa\xa4.\xa9\x95\x1c\x95\x8a\
\x87E\xcc\x91\x0e\xd8\xd7\x11A\x06\xb1\xb2$\xca\x12H\
3\xe7\x08\xd4\xd6\xd58<\x17`\x1d\xe4Vp\xaa\x15\
w\xb3\x88o\xa4=\xf6\xc5\x80\xce\xf6un<\xfb\x02\
\xd7n>\xc5\xca\xea\xaa\xab*\xf6\x1a\xe0\x0c\xf83\xe0\
KeY~W\xf6o\xb5w\x1c\x02\x00x\xfd\xf5\xd7\
\xcf\xff\xe6\xdf\xfc\xdeW\x06\x83\xd5\x18\xef\x1e\xfc\x01\xe7\
\xdc5!D\xdc \x81\xde\x0a\xd7n\xdc\x12Q\x9c\x90\
t:\xc4\x9d\x1e\x8f\xee\xde\xe1\xe0t\x9f\xac\x90\x0c\xcd\
\x94\xa1\xce\xb8\x12\x16\x0c\x02K'\xf4,\xa6\x94\xa0\x94\
@\xa8y\xf1\xd7W\xc6\xa9\xeb;P\xab\xf7\xfd\x9f\x15\
\x8b\xef\x9c\x173\x9c\xf1\x91\xaf\xdax\xe0/KGi\
,\x85\x85\x89U\x1c\xb9\x88}\x9b0!\xa0\xaf,\xcf\
'\x19\xef\xed\xa6\xecD\x86\x8er\xbe:\xadsH\xeb\
\xe8X\xcb\x96+\xc9D\x89\x12\x86s\x0aJ#\xb1\xc6\
\xb3\xb8\x06I\x91\x07L'C\xc6\xc3!\xc3\xd1\x08]\
z\xaa\xbc\xb5\xb9A\x18EM\x81K!\x84\xcf^<\
\xabU\xc7\xa2\xd5\xcb\xd5\xa6<\xeb)\xbe\xb5\xc6W\xc9\
\xad|\x13\x8c1\x15\xd0{\xae\xa0^{\x8d4\x9c\xb3\
hm\xc8\xf2\x9c\xf1x\xcc\xe9\xe9)\xc7GG\x9c\x1e\
\x1f\x93\x8e\xce\x10\xf9\x98u3aSd\x5c\x0d5\xbb\
Q\xc9fl\xe8\x06^Y\xaa\x9d\xe4\x9a\x96\xac\x07\x86\
\xdbY\x87GU\xe1\x96n\xe1\xe3.\x12\xe5\xdd\xbd/\
S\xfc\x19\x07\xa9\x93\x9c\x96\x01\xf7\xb2\x88\xdby\x8f\x87\
\x0cP\x1b\xd7\xb8\xf5\xe2\xbbx\xe6\xa5w\xb1\xb5s\xc5\
\xc5I\xc3\xfa\x17B\x88\x03c\xcc\x1f}\xe1\x0b\x9f\xff\
\x93\x1f\xf8\x81\x1f\xf8.\xf5o\xb5w$\x02\xf8\xe9\x9f\
\xfe\xa9rmm\xf5\xf1\xfb\xde\xf7\xbe/\xae\xae\xae\xd9\
\xb5\xb55\xdaH\x00\x90R)\x92n\x97\x9dk\xbb\xc4\
qLo0\xa07\x18p\xff\xf67\x18\x1e<$K\
\xcf\x99\x14cFz\xc2\x95 cPj\xba\xca\x11)\
\x08\x94@)\x10\xc2!\xa5CJ\x81\x943d\xe0\x84\
\xc0Y\xeb\x01\xa9JZa\x9d\xc3Z\xb0V`5h\
m)K\x8b6\x0e\xeb|M\xc3\xdc)Nm\xc8\xbe\
\x899s\x01\x81t\xdc\x8cs^\xecf\xec&\x9aX\
\x80l\x90\x8a\xa8\xc60(\xeb\xd8\x14\x86Dir7\
\xa5\xaecl\x11\x94HF6\xe0\xc0$\xec\x1b\xcd\xfe\
c_\xd2Z\x08\x81.n\xd2\xef\xaf4\xfe\x035{\
#\x84\xf4\xf5\xfc\xa8\x09~\x8b\x8aVZ\xfa\x86\xa5\xaf\
\x10\x81w\x18l\xa9\xdc\x85hD\x0bk\xfd=\xc6h\
\xf2\xbc`<\x19szz\xce\xf1\xf11\xe7\xa7'L\
\x87g\x90\x8dI\xf4\x94M\x91rE\xa5l\x8a\x9c5\
a\x198K\xc7:b\x04\x81\x12\x08,]%\x88\xa5\
\xc3\x09A\x81\xe4P\x87\xec\x971\xeb\xa5e52t\
\x02\xd3\x96\xc0\x9a\xdf\xda\x09\xa6VqX\x84\xdc\xcbb\
\xeed]\x0e\xc4*b\xe3\x0a7_x\x17/\xbc\xf7\
\xaf\xb3{\xf3\x16=oEqB\x88\x12\x9f\xf1\xfa\xcd\
\xa2\xc8o\xbf\xf6\xdak\xc7\xff\xa5\xcf\xee_\xb6\xf6\x8e\
R\x02\xb6\xdb\xaf\xff\xfa\xaf\xdb\xf1x<1\xc6\x1c?\
\xfb\xecs#\xa5TOJ\xb9]\xb9\x0b+\xe1\x1b\x81\
R$\xdd\x8eX\x19\xac\xd2_]%\x8c\x13\x0a\xe3\x18\
\x17\x86\x91\xf6\xce!\x19\x02S\x09\x90^\xe4\x15h\xed\
\xd0\xa5\x07\xe2R;\x0a#(\xb5\xa4,!\xd7\x92,\
5\x94F\x91\xe7\x96\x22\xb7\x14\x85%/\x1d\x85\x16\x94\
\xa5\xf0\xc0\xaf-\xd6\x0a\x9c\x948\xe9\x93\x8c>0\x1d\
\x1e\x98\x0e\x85P\xec\x84%\xef\xee\xa6<\xd7-\xe8)\
\xd7 \x19\xf0\x1cDZX\xa6\xb9C;\x08\xa4\xa0'\
5+\xd2\xb0*K\xd6T\xc9\xaa\xd4\x0cDA_\x94\
\xde\xcb\x108w!\xa34C*I\x1cE(\xe5\x91\
\x94\xd6\x1a\xadK\xff\xa9\x80\xbb,+9\xbe,(\x8b\
\x82\xbcJ\xc5=\x1e\x8d8??\xe7\xf4\xec\x8c\xb3\xb3\
s\xc6c\xef\xb6l\x8c\xf1\x8c\x8f\x90^\x81\x0aU\xa1\
\x8e\x9c\xf1d\xca\xe9\xe9\x19\x8f\xf7\xf7\xd9\xdb{\xc0\xde\
\x83\x07\x1c\xec?&\x1f\x9e\xd2)\xc7\x5ca\xccSr\
\xccSj\xc2\xb5\xa0`M\x19b\xa7\xc1x\xf1\xc1\x07\
X\x09\x94\xf4\x81VQ\xe0\x08\x94\xa3\xe4\xffo\xef\xcd\
bm\xbb\xca{\xcf\xdf\x18\xb3\x9f\xabov\xbf\xcf\xde\
\xa7qw\x8e\xb1\xe9M*T*$\x0f\x15\xa9\xea\xa5\
\xb8\x8a %\x85\xbc\x5c\xa4J\xdd(B\x02)\x04\xf2\
\x16\x91\xee\xbeE\x82\xbaR\xdd\x90H\x89/A\xc48\
\xb9!Ek\xe2K\xc0\x04;`L\x12c\x1f7\xf8\
t\xbboV\xdf\xccv\xd4\xc3\x98k\xed\xb9\xf7\xd9\x06\
\xdb\x98\xd8'\xac\xff\xd1:s\xaf\xb9\xe6\x9ak\xae\xe6\
\xfb\xc6\xd7\xfe?A?1\x19\xa4\xba_\xa2j\xc5T\
\xad\x08)3\xca0\x01\x89\x80P\x08\xba\xb1\xc1\x8d\xd0\
\xe3\xd9Q\x91\xe7\x82\x12\x07F\x15\xab\xb1\xcc\xfa\x9dw\
s\xf7\x9b\xde\xca\xda\x85\x0b\xaaT\xad\xea9\x93\x9a\xf1\
\xb7-\x84\xf8\xe74M\xbf\xf0\x8f\xff\xf8\xcdG\xde\xf3\
\x9e\xf7\xb4^\x9b_\xf3\xeb\x17\xaf[\x05\x00\xbac\xf0\
\xc1\x07\x1f\xec\xbf\xf5\xado\xd9___\xef\xdb\xb6]\
\x00\xe6\x85\x10\xc5I\xd4[\x80\x10\xd2\x10\xb6\xe3R\xaa\
T\xa8T\xab\xf8\xbe\x8f\x12\x92~\x18\xd1\x0e\x12\xba\x89\
d\x84A\x9c\x85\x94\xa4\xd2\xd5z\xda\xfcU\xc4\x09D\
1\x84\x91\xd2\x82\x1e\xa7\xc4cE\x90h\xc1\x8f\xc2\x84\
(N\x89SM\x9a\x93$j\xcaf\x0b\x02%\x05\x91\
0\xd8W\x0e\xd7\x92\x02\x878\x14M\xc5m\xde\x98;\
\x0bc\x1av<\x15\xa8I\xae|\x1c\xa5\x0c\xc6\x09A\
\x94\x92*\x81)\x04\x8e)\xf0-\x81oK\x5cSs\
\x17\x1a*\xc5L\x13\x9c\xacv\xe5\x00\x87a\x82N5\
\xa2\x10H]+0]2UV\xb0\xa7\xa6&~\x9a\
\xa4DQ\xc4`\xd0g\x7f\xff\x80\xcd\xad-nll\
\xb0\xb1\xb1\xc9\xd6\xf6\x0e;\xbb\xbb\x1c\x1c\x1c\xd2\xeb\xf5\
\x08C\xcd\x8f!\xb3\xda\xf9a\xd6\xbcs\xfd\xfa\x0d\xae\
^\xbb\xce\x8d\x1b\x9bl\xef\xec\xd0i\x1d\x22G=\x16\
\xc5\x80;\xec!w8C\xce:c\x16\xec\x88\x92\x0d\
\x96\x90\x90*\xe2$\xcd\xc8?Efy\x09=gO\
\x82)S\x12\x04\x9d\xd8\xe20\xb6H\x94\xa0d\xc4\xd4\
\xec\x10\xdbH\xb5\x95\xa4\xa0\xaf$[\x81\xc5\xf3#\x8f\
\xcb\x83\x02\xcf\x87E:V\x95\xe2\xc2*\x17.\xbd\x81\
Ko~\x0b\xeb\xb7\xddA\xa9R\xc14\xad\x89\xe9\xdf\
\x15B<\x01\xfc\xf7o}\xeb[\x9f\xff\xf9\x9f\xff\xf9\
\x17\xfe\xad~\xb7\xb7\x12^\xd7\x0a`\x82\xcf|\xe63\
\xa3\xb7\xbf\xfd\xbe\xbd\xe5\xe5\xe5\xb6\xe38\x93\xa2\x0e\x84\
\x10\x05\x919\xbcB\x08a\x18&~\xa1@\xb5V\xc7\
/\x15\x11\xd2 \x88\x13zAJ;\x14\xf4\x13\x83(\
U(\x95\x00iF\x8b'\x10B\xefKTL\xa2\xc8\
\x98k\xf4\x8c:\xa5R]\xa4\x92\x11y\xea`XJ\
\x8aBe\xb3\x00T\xaa\xe8+\x83\x8d\xb4\xc0f\xea\x93\
\x08\x93%7\xe2\xce\xe2\x88e7\xc41\x8e\x8f\xae\x8a\
\x13\xc5p\x9c0\x1c'$\xa9\x8e\xa7;\xa6\xc4w$\
\xbe+qm\x89mI\xa4\x9ct\xdbiF0%\xa1\
\x95\x9a\xf4\x94\xcd \x88\x18\x0duA\xceh<&\x08\
B\xc2($\x8eu\x14?I\x92\xa9y\x1f\x86!\xdd\
n\x97\xcd\xad-\xae\x5c\xb9\xca\x95+\xd7\xd8\xdc\xdc\xe2\
\xf0\xf0\x90n\xb7K\xbb\xdd\xe6\xf0\xb0\xc5\xc1\xc1\x01\xdd\
^\x9f \x0c\xd03\xfaR\xba\xdd\x1e\xd7ol\xf0\xc2\
\x0bW\xd8\xdc\xda\xa1\xdb\xed\x12\x85!N\x1a\xb1l\x0c\
\xb9\xe4\xf4\xb8\xe4\x0e9\xe3%T\xec\x94\x82+q\x8c\
\x8cy9K\x95J\xa9\x85\xdf4%\x86\x91\xb9[\x12\
\x84T\xc4\xe8\xfe\xfdVh2L\x04\x13\xb5\x1a&\x82\
Vl\xb1\x1by\x5c\x0bl\x9e\xea\xfb<=(\xb2\x19\
\x17I\x0au\xe6\xcf\x9c\xe5\x8e{\xee\xe1\xe2\x1b\xdf\xc4\
\xea\xd9s\x14Ke\x95\xc5B\x94\x10\xa2+\x84\xf8\x1e\
\xf07\xedv\xfb\xef\xfe\xcb\x7f\xf9\x7f\xae>\xfa\xe8\xa3\
\xffF\xbf\xd6[\x0b\xb7\x84\x02\x00\xb8|\xf9r\xb8\xba\
\xba\xb2\x1d\x86\xd1w\xa5\x94O\xf8\xbe\x1f\x09!\x96\xd0\
\xcdC\x93\xf7\xa1\xdd\x02\xcb\xa2X*Sk4)\x94\
*\x08\xc3 LR\x86\x89NA\xf5S\x83\x00\x93D\
\x9a(ih\xdf\xdfH\xc0L\x11\x86\xc4\xb0,\x12\xc6\
z\x15\x13J\x97\xe6f\x95*\x22\xabz\x13R\x22\x0d\
\x03)$\x89\x82V\xeap-)\xd2\xc3\xa6l\xc6\x9c\
\xf3\x87\x9c/\x8c\xa8Z\xf1\xb4aI!P)\x84\x11\
\x84aJ\x9a*\xa4\x94x\xaeE\xd17\xf1]\x89e\
\x92\x09\x89@\x1aB\xf7\x06HI*$\xa9RD\xd2\
\xe4 \xb1\x880\x08\xe3\x84\xfe`@\xab\xd3\xe1\xe0\xf0\
\x90\xc3\xc3\x96&'\xe9\xf5\x18\x0e\x87\x8cF#\x86\xa3\
\x11\x87\xed\x16\xd7\xafop\xed\xfau\x0e\x0e\x0eI\xd2\
\x94b\xb18-A\x9e\x9bk\xe28\x0e\x00\x83\xc1\x80\
n\xb7\xcbh8\x22\x8a\xa3i\x8ao\x9c\xeb\xed\xb7H\
h\x1a!\xb7[\x03\xee\xf0\xc6\xcc{\x0a\xd7b\x9a\xc7\
\x9f\x04Z-K\xe0\xda\x12\xc7\x918\x96\xc4\xb62\xe1\
\x9fL\xd4\x96\x8a\x04\x18%\x92nl\xd2Il\x0ec\
\x9b\xdd\xc0\xe2\xc6\xc8\xe6\x07\xc3\x02\xdf\x0fk<;\xf2\
\xd9\x8dK\x04v\x85\xd2\xfc\x12\xe7/^\xe2\x0doy\
\x1bw\xbe\xe1^\xe6\x97\x97\x95\xeb\xe91\xddY\xb3O\
\x17x\x5c\x08\xf1W\x9dN\xfb\xcb\x0f?\xfc\xf77>\
\xf4\xa1\x0f\xcd\x8a~^\x04\xb7\x8c\x02\xd8\xde\xdeVO\
<\xf1D\xf4\x0f\xff\xf0\xb5\x9eiZ\x87\xe7\xcf\x9f\xdf\
u]7\x15B,\x0b!JB\x88\xe9{\x11Bb\
Z\x16\x9e\xef\x8br\xb5J\xb5\xd1\xc0/\x96@HF\
\xb1b\x90H:\x89E+\xb5\xe9&&#%\x89\xb2\
\xfax!u\xc0\xcf\xb4\xb4inL+S&$$\
 \x85\xd0B\x9d\x05\x08G\xca`K\xb9l\xa6\x05B\
\x0c\x16\x9c\x80\xdb\x0b#\x16\xdd\x10W\xaa\xccHg\x9a\
\x86WJ\x10\xc5:\xd8\xe8\xb8\x06\x05W\xe2Zz\x95\
\xd4\xbc\x01\xfa\x95\xa6\xf1\x824%\x89\xb4)O\xaah\
\xa5\x0e\xfd\xd4 A\x178\xa4IJ\x10\x86\xf4\xfb\x03\
\xda\xed\x0e\x07\x87-\xf6\xf7\xf7\xd9\xdf\xdfggg\x87\
\xad\xadm\xf6\xf7\x0f\x08\xc3\x88R\xb9\xcc\xd9sg\xb9\
t\xf7%.\xdd}\x89;\xee\xbc\x83\xb3\xebk\xac\xad\
\xadQ\xadV\x90\x86\xc1x\xac\x09N\xc6\xe31R\x08\
\x8a\xc5\x22\xe5r\x09)%Q0\xc6\x8cG4\x19r\
\xd6\x1c\xb2\xec\xc4\x14mm\xd2O\xaa\xf8&\xdd\x8dZ\
\x89i\xbeQi\xea\x9b0\x98\x0eQ\x22S\x8aab\
\xd0\x89M\xf6#K\x7f\x1f\xd8\xf4\x85\xc7\xd0(\xd0\xc3\
Ex\x15J\x8dyVo\xbb\x83;\xdf\xf8f\xee\xbc\
\xe7\x8d\xac\x9d\xbb@\xad\xdeP\x8e\xebMh\xbeu\xe1\
%\xfc\x93\x10\xe2\xafz\xbd\xde\xc3_\xfe\xf2\x97\xaf\xbd\
\xe7=\xef\xb9e&\xf5\xbe\x16x]f\x01^\x0c\xcf\
>\xfb\xacz\xf6\xd9g\x93~\x7f\xd0M\x92\xf8\xe9\xf7\
\xbe\xf7Wd\xbd^GJ\xf9\x1f\xd0\x84\x22\xb6\x10\xc2\
\xca\x02\x84B\xba\x9e2M\x0b\xd7\xf7E\xb9Rca\
i\x89\xcd\xebW\xd9\xbcz\x95\x83\xed\x0d:\x9d\x16\xbd\
p\xc0~\xecQJC*\xe9\x98\x8a\x0c(\x8a\x08_\
\x81k\x1a\xb8\xa4\x18J\xdb\xe0)\x0a)\xa4\x16\xe8\x8c\
\x970Q\x92\xa1\xb2i+\x87\x00\x89k\xc44\xed\x90\
\xba\x13\xe1\x19z\xac\xd91^~)0Px\xae\xc0\
N\x0dL\x03LS+\x9ai\x0a?\x17\x8c7\xa4\xc2\
6\x04\xb6\x04\x8b\x94\xaa\x8c)\x191\xb6RX\xaeC\
\xb9Z\xc5\xf3<]\x7f?\x1e\x13\x04\x01A\x100\x1a\
e\xf3)\x95BHI\xc1\xf7YZ^\xe2\xdc\xb9\xf3\
\x9c9\xbbFc~\x8eB\xa1\x80)MP\x90D!\
\x8d\xe5e\xe6\x96\x96\xb8\xf2\x83\x1fp\xed\xcaU\xba\xdd\
.\xadv\x1b\xdb\xb6)\x16\x0bT+ez\xed\x16\xd1\
\x08,\x95b\x894\xcbjdeA\xf9\xca\xcb\x09\x04\
\x90\x99\xfcG\xc8\xfa\x1a\x00G**VB\xcdN\xf0\
#\xe8\x99\x0en\xb1L\xbd9G\xb1\x5c\xc2\xf5\x8b\x94\
\xca\x15\xaa\x8d\x06\xf5\xb9y\xea\xcd9\xca\xd5\x9ar=\
\x0f\xd34\x11R\xaa\xac\xd1g\x08\xfc\x13\xf0W\xe3\xf1\
\xf8k_\xfc\xe2\x17\xae\xfd\xfe\xef\xff\xfeL\xf8\x7f\x04\
n\x19\x0b \x8f\x9d\x9dm67\xb7B\xdb\xb6\xba\xb7\
\xddva\xcf\xf3\xbc\xbe\x10\xe2\xf9\xcc\x04\xac\x01\xa6^\
\x85\x04RJaY\x16~\xa1H\xa9Z\xa5Zo\x88\
r\xb5\x86_*c\xba>\x89\xb4\x19\xa6\x06\xddX\xd2\
\x8eL\xda\xb1M'\xb5\xe8&.]\x5c\xfa\xcad\x98\
\x98\x0cS\x93\xb12\x090\x09\xb2\xed\x18\x93\x01\x16{\
\x89\xc7\xf5\xd8g\xa4\x0c\xeaV\xcc\xb9\xe2\x98\x15/\xc4\
7\x92S\xca\x91\xb5t\x9bR`\x9a\x02\xd3\x90\xb9X\
\x04\xd3\x03u\xb60\xab\x82K\x15Q\x9c\x12\xc6\x8a\x14\
\xc9\xa1pi\xa5\x0e\xa6_faa\x91\x95\x95e\xe6\
\xe6\xe6\xa8V\xab\x94J%<\xcf\xd7\x81\xc6\xf1\x88)\
\xc4\x822\x00\x00 \x00IDAT8N\xf0=\x8f\
3g\xcep\xf1\xe2]\xdcv\xc7\xed,-/S*\
\x97pl\x1b\xd341\x0ccb1Q.\x16\xf1}\
\x1f\x80\xe1p\xc8`0 M\x15\x96i\xa2R\xc5\xa0\
? \x1c\x0f\xf1TH]\x86\x94e\x9cs[\xb2k\
\x9e\xd4R\x08]T%\x84BL\xd3\xac\x93\xa6&\xa5\
\x15\x03:\xca\xdfK\x0d\x0ec\x87\xb1Y\xa42\xb7\xc8\
\xed\x17\xef\xe6\xce{\xde\xc4\xd9\xdb\xef\xe0\xcc\x85\x0b\xac\
\xae\x9fUsKK\x94*\xd5\xacu\xdaTR\xaf\xfc\
\x09:\xe0\xf78\xf0\x19\xe0\xe1\xbf\xfb\xbb\xcf]\xff\x9d\
\xdf\xf9\x9d\xf1SO=5\xcb\xf9\xff\x08\xdc\x92\x0a\x00\
\xb4\x12\xd8\xda\xda\x0e\x1d\xc7\xed\xad\xad\xad]-\x16\x8b\
\xff\x82n\xf5\x1c\x03]\xb4u\xe3\x00R\x08\x894\x0c\
a\xd9\xb6v\x0b*5\xaa\xf5\x06\xe5Z\x9dR\xa5\x82\
[,a8\x05b\xd3e$\x1c\x068t\x95\xc3a\
d\xd3\x8a,Z\x91C+qh\xa7\x0e\xad\xd4\xa6\x95\
:\x1c(\x97\x83\xd4f?q\xd9N\x5c\xf6\x12\x07)\
\x04\xab^\xc8zaL\xd3\x8dp\xa4:\x1e\xa1\xcf0\
5\x95'1\xfcL\xf0\x8f\x14@\x06\x95\x0dOH \
\x88\x14A\xa4\xd3f\x07\xcaa?u\x90^\x89\xb9\xb9\
y\x96\x96\x16i6\x9bT+\x15J\xc5\x22\x96e2\
\x1a\x8d\xe8\xf7z8\x8e\xc3\x99\xb55\xee\xbat\x91\xf3\
\x17n\xa317\x87\xe7y\x18BN\xfb\x07\xf4\xf5\x08\
\x0c\x01\x96m\xe1z.\x86i\x10\x04!\xbd^\x8f\xd1\
pH\x9a*\x84\x14\x04\xa1\xb6.d\x1aQ\x941\x05\
\x12,\xb2\xd6l)\x90\xd3\x9e\x89\xac\xa22O\xed\x9b\
\xfb\x00\xa6\xb3T%$\x08\x86\xb1A;2\x19\xe0\xe3\
\xd6\xe68{\xfb\x9d\xdc\xf9\x86{\xb4%P\xa9\xe2\x17\
\x0a\xd8\xb6\xa3L\xcbBH\xa9\x10b,\x84\xd8\x06\x9e\
D\x9b\xfd_\x01\xbe\xfa\xf9\xcf\xff\x7f\x1b\xbf\xf5[\xbf\
5~\xf6\xd9gg\xc2\xff\x12p\xcb*\x00\x80\xed\xed\
m\xbe\xfd\xedoG\x9f\xfa\xd4\xa7\xba\xddn\xf7pi\
ii\xbf\x5c.?o\x18\xc6u!D\x0c\xa4\xd9\x0a\
a\x0a!L)\xa50M\x13\xcbq\xf0\xfc\x02\xa5J\
ET\x9bM\xeas\xf3T\x9b\xf3\x14\xaa5\xdcB\x09\
\xbbX\x01\xc7'\xb1|B\xc3cl\xfa\x0c\xa5OW\
xt\xf0h+\x8f\x96r9\xccn-\xe50V&\
EKq\xce\x1f\xb3\xee\x8f)\xdb\xb1nw\xcd\x1a`\
\xa6T\xe6\x93\xd5>\xfb7)M>\x12\xc5\x0cY\xdc\
A\xa5\x8a0\xd1\xc2\x1f\xc4)1\x92\x9d\xd4e_9\
H\xb7L\xa39\xc7\xdc\x5c\x93R\xa94\x0d\xe4\xf5\x07\
\x03\xf6\x0f\x0e\x18\x0e\x87,,,p\xe7\xc5\xbb8\x7f\
[&\xfc\xae\x8b\xd4\xd3q\xa6\xd7 \xa6\xee\x87\xfe\xdb\
\xb0L\xa4a\x10G\x11\x83^\x9fn\xb7K\x1cEX\
\xba\xb4\x96q\xa0\x09M$)\x0e1\xb6\x8a1\x94\xca\
\xca\x97\xd4t6\x8b\x12\xc7\x1bx&\xef\xff\x98b\x90\
\xfa\xf8 \x95\xf4\x22\x93v\xea\x918\x15\xe6\x97\x96\xb8\
p\xf1\x12\xae\xebb\x99\x16\xd20\xd2\xac\x9e\x7fS\x08\
\xb1)\x84\xb8\x02<&\x84\xf8\x82\x10\xe2\xa10\x0c\xbf\
\xfb\xf5\xaf\xff\xc3\xc6\x07>\xf0\x81`&\xfc/\x1d\xb7\
\xb4\x02\x00\x1d\xb5><<L\x1f~\xf8\xe1\xe4\x9b\xdf\
\xfcf\xff\xe0\xe0p{mmm\xc7\xb6\xed\x1d\xdb\xb6\
\xaf\x01\x1d!\x84-\x84\x90Yh\xc0\x10R\x0a\xc34\
\xb1]\x17\xbfP\xa0X\xa9R\xa9\xd7E\xad\xd1\xa4\xb1\
0\xcf\xdc\xd22\xb5\xf9\x05J\xb5&\x85Z\x13\xa7\x5c\
\xc3*V1\xfc2\xc2+\xa3\xbc2\xca-\x91\xd8\x05\
B\xe1\x10\xa4\x12\xa5\xa0\xe1\xc4\x9c+\x8eX\xf6\xc7x\
V2mq\x9d@\xe4\x84=\xbf=65\x98I\xff\
AV\xfd\x96\xea\xd5\x7f\x14\xa6\xc4J\x11`\xb0\xa5<\
\xf6S\x07\xabP\xa697G\xbd^\xc7\xf3\x5cT\x9a\
\xd2\xeb\xf5\xd8\xda\xdefoo\x1f\xc7q\xb8\xed\xf6\xdb\
\xb9\xe3\xce;\x99_\x5c\xd4+\x7f6\xb3`\xd2\xef4\
\x11z\xa6\xd6\x80\xfe[\xa2Gz\x0d\xfb}\xda\xed\x0e\
\xe3\xf1\x18\xdb\xb2\xf0\x5c\x0f\x85b\x1cD\x84q\x8a \
\xc5$\xc1HST\x92\x92$*\x1bd\xa4H\xb2\x9a\
\x07=kDw,\xa4\x93\xf76\xa9W\x10\xda\xca\x89\
RA/69\x8c\x1d\x86\xd2\xa7\x5c\xafs\xfe\xce\xbb\
\xb0l[W6j\xf7\xee_\x84\x10\x0f\x01_\x13B\
|+I\x92o\xb5Z\xad\x7fz\xe4\x91o<\xf7\xfe\
\xf7\xff\xc7\xc3\xdf\xfb\xbd\xdf\x0b\x0f\x0ef\xc5~/\x07\
\xb7T\x10\xf0G\xe1\xf1\xc7\x1f\x0f\x1f\x7f\xfc\xf1\xf0\x1f\
\xfe\xe1k\xc1\xcf\xfc\xcc\xff\xd4\xfa\xc0\x07>\xf0}\xd7\
u\x9f\xf6}\xffy\xe0\x82R\xea^\xe0\x0e!\x84#\
\x840\xa4\x94\xa6a\x18\xa6i\xd9\xd2u=U.W\
\x88\xa3E\xe28\x12\xa3\xe1\x88^\xaf\xc7x4`<\
\x1c\x10\x8cFD\x81\xae\xa8\x8b\xe3\x98$\x8e\x18\x8fF\
\x1c\xee\xef\xb1}\xfd:Ag\x1f\xdfH\xf0\xad\x18k\
\x12\xfc\x83I\xda\x80c\x9d9\xf99~i\xb6Ub\
Z\xb2;\xed2Tz\x02W\x9c(\x12\xa5\xeb\x0e\x02\
a\xd1O,\x22L|\xcb\xc6\xce\xfcx\x10\x84QH\
\xa7\xdb\xa5u\xd8\x22\x8ecVV\xcf\xb0~\xf6\x1c\xcd\
\xf9\xf9L\xf8\xe54\xc8(\xa6d\xa1\xba\xbd.\xdf?\
$\x10\xd8\x96E\xb9T\xa2\xd1hP.\x97\x19\x0e\x07\
DqL\xcd\xf7\x98\xb7-\x94R\xf4\x0e\x14\x9b\xb1\x82\
T\x10\xaa!\xcd$\xa0\x14\xc7xf\x8aeHD\x96\
=\x95R\xc7\x00\xa4\x14Yg\xa6\xd2.\x82\xa1\xdd\x0a\
\x04\x98*\xc53\x22\x1c\x11\x10\x87C\xfa\xdd.\x83~\
\x1f\xc7\xf5\xc9j\x92\x94\x10\xe2:\xf0H\x14E\xff<\
\x1e\x8f\xfa\x8f<\xf2\xc8\xf8\xe3\x1f\xff\xc4\xf0\x0b_\xf8\
|\xf4\x13\xfei\xfd\xbb\xc5\xbf+\x050\xc1C\x0f=\
\x14=\xf4\xd0C\xed+W^\xe8\xad\xac\xac\xb4\x7f\xff\
\xf7\xff\xe0\x07\xc0\x92\x10\xe2\x1d\xc0\x1b\x01\x1f\xa8*\xa5\
\xd6\x85\x10\xcb\x86axRJaZ&\x8e\xeb\x0a\xa5\
\x14\x85rJ\xa5\xd1 \x89u\x87\x5c\x9ak\x92I\x93\
\x988\x8a\xe9w;\x5cy\xee\x19z\x9d6\xf4\xf7\xf0\
E\x88+#\x0c\x99\xe6*\xf3\x98F\xc2\xa7\xcb:L\
M\xfcc\x03Ls#\xceR\xa5[\x8c\x83P\x11F\
)\x89R\x84\xc2\xa4\xadl\xda\xa9M\x22-<\xcf\xc3\
\xf3}L\xd3\x22MS\x06\xc3\x91.\xed\x1d\x0c\xb0m\
\x9b\xe5\x95e\x16\x97\x16)\xf8\x05\xbd\xf2s\xb4\xf2\x1f\
]Cv\x1d\xea\xf8.)$\xae\xe3R.\x97)\x97\
J\xec\xed\xed\x11E!\xa6iR\x9d\x9b\xc3)\x14\xd9\
\xb0\x1c\xba\xfb\x06\xd7\xc7\x92\x812\xe9\x8a\x11\x8d4\xa0\
\x9c\xc6x\x22\xc5\x92)F\x96)\x10R`\x18\x12I\
\x8a\x14)\x18\xda=\xd2JA\x10\xa9\x08\x11\x9b\x18i\
@\x1a\x8e\xe8\xf7{t[-j\xf5&\x1c1\xfa\x8e\
\x80\x83/|\xe1\xf3;\xef~\xf7\xbb\xfb\xaf\xca\x8f\xe5\
\xa7\x1c\xff.\x15\xc0\x04\xf7\xdf\x7f\x7f\x02t\x1c\xc7\xe9\
\xdev\xdb\xed;\xef~\xf7\xbb\xf7}\xdf\xff.`\xa1\
\x15\xc2[\x80K\xa0\xaa |\x10\x0d\x04s\x02\x844\
\x8cle\xcd\xa0\xd4\xa4\x8dG\xa4\xa9\xe6\xc1w<\x8f\
\xdd\xad-\xa4\x10\x98$\xf82\xc6\x91\x09Rj\x0b`\
\x92\x1a\x9b\xa6\x01\xb3\xae\xba\xe3$\x1d\xe2H\xee3\xa5\
\x90\xa6\x10\xc5\x8aq\x902\x0a\x12M2\xa2$m\x1c\
6\x13\x8f\x9e\xb2\xb0\xfd\x02\x95j\x95b\xa1\x00(\xfa\
\x83>\x07\x07\x07\x1c\x1c\x1e\x12E1\x8df\x83\x85\x85\
\x05\x8a\xe5\x12\xa65\x99b|\x0a\xc3\xa0\x22w-G\
\x10\xa0)\xcb<\x97B\xc1\xc72M\xc6\xe31I\x9a\
R\xa9V\xa9/,\xe2W\xaa\x5c\xbbZ\xa2\xb5\xbd\xc1\
n\xbfE?\xb2\xd9O\xc6T\xd2\x90\x221\x9e\x8c1\
\x85N\x17\x1aBwc\x9aH\xa4H\x90\x86\xe6\x02\x94\
R!EJ\x88`\x14+\xa2\x08\x12\x193\x1a\x0e\xe9\
u:'\x88G4\xbe\xfb\xdd\xef\xce|\xfcW\x09\xff\
\xae\x15\xc0\x04\xbf\xfb\xbb\xbf\xab\xee\xbe\xfb\xee\xd1\x8d\x1b\
\xd7\x7f\xe0\xfb\xfe5@\xfc\xec\xcf\xbe\xb3v\xe9\xd2\xa5\
+\x9e\xe7\xfd\x13\x9azl\x0e\xb8\x07m!L\xcb\x8b\
\xd1\xd4d>B\x98\x02\xa4RJI\xa9\x84\x92\x12\xa5\
t\xa3L\x1c\x86X\xa4\x14\xcc\x04\xdbH\x91Y\xf0o\
\xca\x5c!\xe0\x18\x7f\x9f\x98\xac\xb8\xe2\x88\xe8\x82I\xaf\
\xbb N \x08S\x86a\xca0R\x0cR\x83\x8ep\
\xd8H\x8b\xba\xd4\xd8\xf4\x98o6i4\xea\x98\x96I\
\x7f0\xe0\xe0\xe0\x90\xad\xad-:\xdd\x1e\xb6m\xb3\xb8\
\xb4H3\xab\xf0\x93'\x83\x11y\xe4uQ\x0e\x93\xf2\
g\xd34\xb3t\xa1\xa1\xc9?\xc2\x10\xc30\x98\x9f_\
\xa02\xb7H\xa99\xc7\x8d\x17\x1a\xeco\x5cg\xd0>\
`w\xdc\xa7\x1d\x8f\xb1\xd3\x10[%\x98$X*\xc1\
R1&\x89\xa6\x00\x13)V\x9c\xe0H}3EB\
\xac$\x07\xa9\xc3 \xb1H\x84D\xa5)q\x1c\x1d\xe3\
\x03\x98\xe1\xd5\xc7O\x85\x02\x00x\xf2\xc9'\xd5G?\
\xfa\xd1\x98\x8c\x80\xe6W~\xe5\xff\x8c\xde\xf5\xaewu\
WV\x96\x9f\x5cZZv\x96\x97\x97\x1b\x0b\x0b\x0b\xcf\
\x00\xcf\x90\xb3\x84\x81\xfb\x80;\x81\xbaR\xca\x9a\xf4\x1e\
(\xa52v\xdc1I\x14f\xf3\x04\xb5\x02\xb8\xa9\x18\
&W\xd83]\xed\xd3\xa3\x07\x94\xd0\xb9\xfe$E\x93\
\x8b\x04\x8aa\xa0\x18D\xd0M-Z\xa9\xc36\x05\xb6\
(3\xb4\x0aT*5\x96\x96\x16\xf1\x0b\x05\x06\xc3!\
\xedV\x9b\xdd\xdd=\xda\x9d\x0eR\x08\xe6\x17\x16X[\
_\xa7^o`Y\xd6$\xdf\xc0\xcdZ`b\x8d\xe4\
/4;.\xbbP)4\x1d\x9b\x94\x924M\x19\x8e\
F\x0c\xfa}\xd24\xa5>\xbfH\xb1\xd1\xa4\xd6\x9cg\
gi\x99\xbd\xed-:\x07{\x8c{]\xc6\xe3!\xc3\
(D%\x11\x22\x8d\x90I\x84T\x89\xa6jK\x13\x8c\
4\xc2Q1n\x9a`\x13\x93*\xe8*\x87..X\
\x0e^\xa1@\xa1T>\xc1m\x80\x0dx\x8b\x8bK\xf6\
\xea\xea\xea\xf0\xc6\x8d\x1b3\xed\xf0c\xe2\xa7F\x01\x9c\
\xc4\xa7?\xfd\x97\xf1\xa7?\xfd\x97}\xa0\xff\xcb\xbf\xfc\
\xcb\xe2\x1d\xefx\xc7\xe1}\xf7\xdd\xb7;?\xbf\xf0\xdd\
\xc91\xeb\xebk\xd2\xb6\x9d-!\xc4\xff\x0e\xdc+\x84\
\xa8+\xa5G\x12+\xa5{\xea\xc3\xf1\x888\xd6\xddk\
n\xc6>4\xe9\xf9\xd78\x92~5I\xed\xe5\x8a|\
4\xb3\x90\x22\x89!\x0c\xd0\x94b\x01\xf4#I;1\
\xd9O\x1dvR\x9f=Qd\xec\x94)\x96k,/\
/S-\x97\x19\x0f\x87\x1c\xb6\xda\x1c\x1c\x1e2\x18\x0c\
\xb1,\x8b\xf9\xf9y.\xdcv\x81\x953k\x9a\x11W\
\x1a\xd3\xd7\x11\x93a\x06\xb9\x80\xe3\x91\x12\x10\xd3NB\
\x84BqD\x16\x92\xaa$\x1b\xf0\x11gME\xdb\xd8\
\xc52f\xa9B\xb99O\xa1Tfna\x81\xc3\xfd\
}Z{{t[\x87\x0c\xfb=\xc6\xa3\x11\xc1xD\
\x14\x05$Q\xa4c)qD\x1c\x06\x8c\xc31\x838\
D&!\x22\x0eI\x93\x84\x00Idxx\xc5\x0a\xcd\
\xf9\x05\x1a\xf3\x0b\xd3\xae\xc4\xec\x03\x9b\x03\xce\xdc{\xef\
\xbd\xcf\xbd\xfd\xedo\x1f\xdc\xb8q\xe3\xa7z\xb4\xf7\xab\
\x81\x9fZ\x05\x90\xc7\x03\x0f<\xa0\x1ex\xe0\x811\xba\
\x88hg\xb2\xffK_\xfa\x92\xbc\xef\xbe\xfb\x92b\xb1\
4/\xa5\x5cB\xbb\x0a\xa6Rz\xc2m\x14\x06\x84\xa3\
\x11*\xc9\x14\x80\x95`\x19Y\x97!L\xab\xfe\xa6J\
@\x1d\xc9\x9dB\xb3\x19\xa7\x09\xc4\x91\x22\x1c\xc3x\x04\
\x83H\xf7\xbd\x1f\xa66\xbb\xa9\xcb\xae\xf2\xe9H\x9f\xd8\
-S\xac\xd4\x98_X\xa0^\xaf1\x1a\x07\xec\xef\xef\
s\xd8n\x13\xc7\x09\x85B!+\xf5=\xc7\xda\xd9\xb3\
4\x9aML\xcb\xd2\xe9\xc6\x93\xa3\xc1\xf2\xacG\xd96\
\x17\x7f\xd4\xe9\xbaT\xb7\x10\x07aF\x0d\x96&\xc4\xb1\
V\x00\xd7\xaf_'V\x0ae\xd9\x9cu\x5c\x1a\xcdy\
\x0a\xc5\x12\xe5Z\x9d\xc5\x95U\x82\x8c2<\x18\x0d\xb3\
N\xc51a\xa0y\x09\xc2\xf1\x88\xf1p\xc4h\xa8\xb3\
+\xe1hH0\x1e\x12\x8e\x03\xac8\xc1\xb5l\x1a\x8b\
K\xac\xac\xadS\xa9V\xa7lG\x19\x9a\xc0*\xda-\
\xdb\x02f\x0a\xe0\xc7\xc4L\x01\xfc\x10\xfc\xd2/\xfdR\
\xfa\xe5/\x7f\xf9\xf9w\xbe\xf3\x7f\xbe\xe6\xban\x0f=\
PB)\xa5D\x1cG\xd3n;\x92\x10\xc7\x8ap\xad\
\x043K\x01\xea\xd8\xda4\xe7\xa6\x85Nw\x19\xeb\xf6\
\xde\x04\x92X\x10\x050\x0e`8\x86A\xa0\x9b\x94\xf6\
R\x97]\xe5\xb1\x8f\xcf\xd0\xf41\xbc2\xd5Z\x8df\
\xb3I\xa1P\xa0\xdb\xeb\xb3\xbb\xbbK\xbb\xdd\x01!\xa8\
7\xea\xac\xaf\xads\xee\xc29VVW\xa9T\xabX\
\xb6\x1e\x95\x22N\x0a\xb9\xbaY\xf8\xa7\xe9\x89\x8c\xecS\
\xa5\x8a8\x8c\x19\x8f\xc6\x0c\xb3\x96\xe3(\x8a2\xb7'\
\xa1\xdb\xe9\xe8T\xa8\x90\x98\xb6\x83\xe3x\xd4\x1a\x0d\x8a\
\xa52\xc5R9\xcb\xfd\xeb\xc1 q\xa4;\x0a'\xa9\
\xd38\xd2nS\x10\x8c\x19\x0f\x87\x0c\x07\x03F\x83\x01\
\xc3\xe1\x80p\x1c \x0d\x83\xc6\xdc\x1ck\xe7.d5\
\x00S\xc6c\x85\xae\xf0<@7\xfd\xcc:\xfc^\x05\
\xcc\x14\xc0\x8f\xc0\xce\xce\x8e\x0a\x82@\xb9\xae;\xdd\xa7\
\x83\x7f1\x83\x81\xa6\xca&\x09p\xdc1\x8e\x15\xeb\x00\
`\x16\xe4S\x93\x22\x9f\x09\xaf^\xb6\xe2G\xb1\x22\x0a\
\x05Q\x08\xe3@\xd0\x1d\x0b\xba\x91\xc1a\xe2\xb0\xa7<\
\xf6\xf0\xe8\x0a\x9f\xd8.\xe0\x97*4\x1a\x0d\xea\x8d\x1a\
\x96i\xd1n\xb7\xb8\xb1\xb1I\xaf\xd7\xc7\xf5<\x96\x96\
\x97\xb8p\xe1\x02\xe7/\x9cgaq\x11\xbfP\x9c\xb2\
\x04q,\x84\x96\x0bH\xe61Q\x0a\xd3\x14\xa5f\x17\
\x0a\xc7#F\x83\x01\xfdn\x97^\xafO\x18F\xb8\xae\
K\xc1/\xa0P\x0c\x06C\xae\xbf\xf0\x03<\xbf@\xa5\
V\xa7P*M\x98x\xf4y\x0d\x03\xc3\xd4\xb3\x1c\xb2\
\x0fMo\xb2\xbfU6Q8\x0cCm-\x8cG\x9a\
\x8cD@\xc1\xf7)Wj\x93\x02\xa0<\xe5\xf9\x0b\xc0\
?+\xa5\xae\xff\xf5_\xff\xf5\xac\xd1\xe7U\xc0L\x01\
\xbc\x02(\xa5\x88\x22M\xc8\x11\x8cF\x18*\xc6\x95\x09\
\x86L\xc0\xd0\x04\x22\xa4L\x095\x93H\x17\xf4\xa4\x89\
\x22\x09\xf5\x8a?\x0e\x05\xa3H\xd0\x0dMZ\xb1\xcd^\
\xe2\xb0\xa3|Z\xa2@ly\xb8\x85\x02\xf3\xb5:\xcd\
f\x93J\xb9D\x12'lmm\xb3\xb1\xb5\xc9p8\
\xa2\x5c\xa9p\xf6\xecY\xee\xbc\xebN\xce\x9e?G\xb5\
^\xc7\xb6m\x04\x824c\xf0U\x89^$\xa7d\xa1\
S\x1aq\x8e\xfc\xfe\xc9\x8eT\x1f\x1b'1\xe1h\xc4\
\xb0\xdf\xa7\xdf\xed\xd1jw\xe8v\xbb\x80`\xae\xd9d\
yy\x19\xa5\x14\x1b\x9b\x9b\x1c\x1c\xb6\xd8\xd9\xb8\xc1\xf6\
\xc6u\x16WV\xa7MD\x13\x1c\x9bU\x90\xeb;\x98\
\xc4\x1a\xa4a`\xda6^\xa1pl\xe20\xba\x89\xeb\
\x94Y\x07\xfa\xe3\x7f\xf8\xe1\x87g\xc1\xbfW\x093\x05\
\xf0\x0a\xa0\xd2\x948\x0a\x19\x0dz\x04\xe3\xe1\xf4\x87\x9b\
(A\x94\xea\xd4\x9eJ\x80X\x90\xc6\x82q\xa0\xb9\xff\
\xa2H\x11D\x06Qd2HL\xf6\x12\x87\xdd\xc4\xe3\
 \xf1\xe8\x0b\x87@:\x18\x8eO\xb5Vcqq\x91\
\x85\xf9y\x1c\xdb\xa6\xd5j\xf1\xc2\x95\xab\xec\xec\xee\x91\
\xa4\x09\xb5z\x8d;\xee\xba\x8b\x8b\x97.\xb1\xb2\xbaJ\
\xa9X\xc4\xb4tu^\x1c\x85\x8c\xb3\xa1\x9dq0\xd6\
S\x85\x0c\x13\xcb\xb6\xb1]\x17\xdb\xb11\x0d\xf3\xf8\xca\
\xaaRR!H\xc3\x90`4f\xd0\xef\xd1i\xb7\xd9\
?<`wo\x8fN\xb7\x87i\x1a4\xe7\xe6XY\
Y\x01\xa5\x87\x83\x0e\x06C\xfa\xdd\x0e\x87\xbb\xbb\x8c\x86\
\x03*\xb5:rRj\x9c\xfb\xb8n\xfa\xfc\x98\x1a\x22\
\xe2E\x84\xfc\xb4\xa7\x00\xa8\xf1x\xac\x06\x83Y\x0d\xd0\
\xab\x85\x99\x02xEPL\xa8\xb5U\xaa\x85=\x0e%\
\xed\xa1E\x1a@\x1a\xe9\xbax)$$\x09\xa92\x08\
S\x8b\xf60\xa5\x9b\xfa\xec\xc7.\x07\x89G'\xd5\xad\
\xc8\x89\xb4\xb1<\x8fz\xb5\xce\xe2\xe2\x02\x8b\x8b\x0b\xd4\
k5\x0c\xc3\xe4\xe0\xe0\x80\xed\xed]vvwQi\
\xca\xca\xd2\x12o}\xdb[8\x7f\xf1n\xea\xf5:\x8e\
meU~\x10G\x11\x87\x87\x87\x5c\xf9\xc1\x0f\xb8r\
\xe5\x0a\xedv\x1b\x95*l\xc7\xa6T*1?7\xc7\
\xe2\xe2\x02\xb5Z\x1d\xd7\xf3\xb2\x11]z\x82R\x10\x04\
:\x12\x1f\x04\x0c\x87C\xf6\x0f\x0e\xb9qc\x93\xdd\xdd\
=\xd24\xa5\xd9h\xb0\xb00O\xa5R!M\x13\x1a\
\xf5:;\xbb\xbb\xb4\xba=\xfa\xdd\x1e\xddv\x87\xfa\xdc\
\x02\x86i\x9e\xb6r\xe7k 'R\xff\x92$?C\
\x8a\xf6\xf9\xd3o~\xf3\x115+\x04z\xf50S\x00\
/\x03*\xf3]'\xd3\x80\xd2\x8c3p\x10\x1b<\xd7\
\xf3\xd9\x0dmLRH4\x07\xa0)RL\xa5)\xae\
#,z\xb1\xc1 \xb1\x18(\x8bqj\xa2L\x07\xaf\
\x5c\xa4Z\xaf\xd1h4h6\x1a\xd4k\xba\xa7\xdfu\
\xdd,\xef>\xc4\xf5\x5cJ\xc5\x12\x8dF\x9d7\xdcs\
\x0fw^\xbaD\xb5^\xd79~\xa1 \xd5\x8c@{\
\xbb\xbb<{\xf92O?\xf5\x14\x9b\x9b[S\x82O\
!\x04\x8emS,\x16\xa9e\xafU\xadV)\x15\x8b\
\xf8\xbe\x8b\x14\x924U\x8c\x83\x80\xe1p\xc0\xe1a\x8b\
\xed\xed\x1dv\xf7\xf6\x08\x82\x90Z\xad\xc2\xf2\xd2\x22\xb5\
j\x15\xd3\x90$Ba\xdb\x16\xb6e\x91F1\xad\x83\
}v\xb76\x99_^\xc6\xf5\xdci\x9a3\xa7\x08\xc6\
\xc0e\xe0y\xe0<p;\xbaU[\xbc\xc8\x0d\x8e\x87\
)\x13\xe0\x8b\xc0\x97[\xad\xf6\x95N\xa73\x8b\xfe\xbf\
J\x98)\x80\x97\x8bI\x84;\x0a\x09\xc7c\xc20b\
\xac$\xfbq\x81\x8e00\xb2\xbc\xbbP\x09$1\x22\
\x89\x91B\x91J\x93P\x99\x84\xa9\xee\x923-\x9bZ\
\xad\xce\xd2\xf22\x0b\x0b\xf3S\xc1\xf7}\x1f\xc7u\xb1\
l\x07\xa4\xc0\xf6|,\xc7e\xf5\x8c\x8e\xee\xaf\x9f;\
G\xadV\xc3\xb2\xcc\xe9\x0c\x838\x8d\xe9t;\x5c\xbb\
v\x95\xe7\x9f{\x8e\xdd\x9d]L\xd3\xa4^\xabfm\
\xbdqF\xf3\xd5\xa7\xdb\xeb\xb1\xb5\xb5M\xa1P\xa0T\
,\xe0\x17|L\xc3$IS\xa20b4\x1a\xd2\xed\
jNA\x104\xea5VWWXX\x5c\xc0\xf7<\
M\xb2\x22$\x9e\xe7Q)W8l\xb5\xe9u\xda\x5c\
}\xfe9\x9a\x8b\x8bx\xbe\x8f\xe7\x178\xee\xfe\x8b\x18\
\xb8\x86\x16\xe2\x02\xb0\xc6\x91\x02\xa8\x01w\xa0\x15C\xf9\
\xe4\xa7\x9d\xdd\xbe\x04|\xfa\xb1\xc7\x1e\xfb\xe6\x17\xbe\xf0\
\x85\xbdG\x1f}4\xfeI~\xc5?M\x98)\x80W\
\x80I\x9a+MR\x0c\xd3\xd4m\xc3\xc5\x22\xc5R\x19\
\xc7u\xf5\xd0\x8e8\x22\x0a\xc6DA\x08h\x9f\xb9\xd7\
\xeb\x13\xf6z\x88$\xa5\x5c\xadrfm\x8d\xb3g\xd7\
i6\x1b\x14\x0a\x05\x1c\xc7\xc1ql,\xdb\xc5\xb4m\
\x84aP\xacT\xa8\xd6jDa\x88e\xdb\x14\x8a\xa5\
,=\xc64\xbd8\x1e\x8f\xd9\xdf\xdbe\xe3\xfa\x0d\x0e\
\x0e\x0e0L\x93\xa5\xa5E\x96\x16\x170\x0c\x83(\x8c\
\xe8\xf7\xfbt\xba]\xba\xbd>\xa3\xd1\x88v\xbbM\xb7\
\xd3\xc10\x0d\x0c\xc3 Mu\x10.\xcd\x86\x8e\xf8\xbe\
O\xa5Rfa~\x9e\x85\x85y\xca\xe5\xb2\xa6\xe0\x12\
\x00Z\x01\xcc\xcd\xcf1\x18\x0e\xd8\xd9\xdbg\xfb\xc65\
\x9e\xfb\xfe\x93\x14\x8a%\x96\xce\xacae\x19\x81\x5c\x0a\
o\x0c\x5c\x01\xae\x8dF#\xfb\x91G\xbe!\xd7\xd7\xd7\
9{\xf6\xdc\x82eYoF\x97a\xd7N\xf9\xb8S\
\xe0\xbf}\xfb\xdb\xdf\xfe\xd6\x9f\xfc\xc9\x9f\xec\xfc\xd9\x9f\
\xfd\xe9,\xfa\xff*b\xa6\x00^.\x84@\x1a\x06\xb6\
\xebQk69s\xee<\xa6i\xd1\x98\x9b\xa7\xd6h\
\xe2\x15|\x10\x82(\x0a\x19\x8f\xc7Dc\xed[w\xdb\
-~p\xf9i\xc6\xe31\x96g\xb2\xbc\xb2\xc2\xb9\xdb\
\xce\xb3\xba\xb2B\xa9T\xc2v\x1c,\xcb\xc40L\x0c\
\xd3D\x1afV\x06\xab\xf0\x1c\x17\xa5\xd2l\xe2\x8f\x91\
E\xf3S\x14\x8a4N\x18\xf5\xfb\xec\xef\xee\xb1\xbf\xb7\
G\x18FT\xab\x15V\x96\x97X\x5c\x5c@JI\x12\
\xc7\x04\x81\x1e\xee\xd1\xed\xf5\xe8vtjo\x1c\x8cQ\
\xa9\xeeE\x90Y\xe4\xdd\xb2,<\xcf\xa7\x5c.Q\xab\
V\xa9T\xca\x14\x0a\x05\xac\x9coo\x9a\x92B\xa1\xc0\
\xe2\xe2B6{@\xb1\xdfjq\xe5\xd9\xcb\x94+U\
<\xcf\xa767\x97\xb9(\x02\xa5\x94\x14z\xcas\x0d\
x\xea\xfe\xfb\xef\xbf\xf1\xc0\x03\x0f$\xe7\xce\x9d\xe3]\
\xef\xfa\xf9\x1bKK\xcb\x9b\xe5r\xf9\xdbkkk^\
\xa3\xd1\xc8\x12\x05\x8a \x08x\xfc\xf1\xc7\xd3(\x8a\xfe\
\xf9\xfe\xfb\xef\xdf\xfb\xd3?\xfd\xe4\xcc\xf4\x7f\x951S\
\x00/\x0d\xc7\x82X\x86a\xa8r\xa5\x22\xce\xdev;\
\xb5f\x13\xcb\xb2)U\xaa\x14Ke,G\xa7\xe2\x92\
4&\xcc&\xf3\x84\xe31\xd7_x\x9e\x17\x9e}\x06\
\xd3\xb4\x98\x9bkr\xf6\xfcy\xce\x9c=K\xbdQ\xc7\
q\x1c\x0c\xc3\xc0\x90\x12\x91\x11\xe5MH:\x04:\x85\
w\xacN?\xab/\x98\x94#\x8f\xfa\x03z\x9d\x0e\xc3\
\x81\xceH\xf8\xbeG\xb1X\xc4\xcbLv\x94\xc2\xf5<\
\x0a\x85\x22\xd5J\x85ac\xc4p0d\x1c\x1cM\x03\
\x92\x08L\xcb\xc0\xb6l\x1c\xd7\xc3\xf7=<\xd7\xc5\xb6\
s+\xb9\x00)\x8dlj\xb1M\xa1T\xd2\xa9G!\
H\xd2\x94V\xbb\xc5\xf3O=I\xa9R\xc6\xf1\x5cJ\
\xe5\xca$\xdb`)\xa5\xd6\x81\xb7\x0b!\xae<\xf5\xd4\
\xf7\x0f\x1fz\xe8+!\xc07\xbe\xf1\xf5xmmm\
877w\xed\xee\xbb\xef\x96+++\xfa\x03W0\
\x1a\x0d\xf9\xfc\xe7?\xaf\x82 \x18}\xe9K_\x9a\x99\
\xfd?\x01\xcc\x14\xc0KC\x886a#!\x842L\
C\xf8\xa5\x92Z\xb2\x1d1\xb7\xb4\x8c4$\xa6ig\
&\xb2\x16\xdc\xc9\x0c\xbe(\x0ch\xed\xef3\x1e\x0e\x19\
\x0d\x068\x8e\xcd\xf2\xf22g\xd6\xd6h\xce\xcd\xe1\xf9\
\x19QG\x16\xff\x12\x93\xa2\x1c\x98\xb6\x11\xe7\xa7\xff\xaa\
IW\xa1\x00\x95\xa4DA@8\x0e\x88\xa3XO\xfa\
U\x8a(\xd23\xfc\xa20\xd2\xab\xb0\xd4#\xd4L\xc3\
\xc0\xb1m\x0a\xbeO\x5c\xa9\x10O\x86\x80\x92Q\x16\x18\
\x12C\x1a\xd3\xe6\x1f=\x0cEL\x1f\x17bb!x\
x\x85\x02\xd24q<\x0f\x99\xc5\x10\xc6O?\xcd\xd6\
\x8dk\x94.\xd7\xa86\xe7\xb0m\x07\xd7\xf7\x91R\x9a\
B\x88e\xe0^\xe0\x91\x0f\x7f\xf8\xc3\x97\xff\xf8\x8f\xff\
x\x0c\xf0\xd4SO\xa5O=\xf5T\x00\xccL\xfb\xd7\
\x003\x05\xf0#\x10\x04\x81\x8a\xa2h+M\xd3\x17\xa4\
\x94+J)[\x08\xe9Z\xa6%M\xd3\xcc\xa7\xb6&\
\x7f\x01\xa0\x94\x12B\x08\xc2T\xd1:\xd8g\xe3\xea\x15\
\x82\xd1\x90z\xbd\xce\xf2\xea\x0as\xcd&\x9e\xebaN\
\x88:\xe0\x98\x9d1-\xe1\x15'3^j\xdaS\x10\
G\x11Q\x96\xbe\xd3t].\x83\xc1\x90N\xa7\xc3\xf6\
\xf66R\x0a\xca\xe5\x12\x8e\xe3\xea\x01\xa2\x99r2M\
\xedf8\xd9\x19\xd3T\xb3\xf8\xe9\xec\x86.\xe1\x1d\x8d\
\xc7$q\x8c\x90z\x06\xa1\xe7y8\xae\x83\xeb\xbax\
\x85\x02\x8e\xe7#M\x13\xcbv0L\x8bT):\x9d\
\x0eO_~\x86\x8d+WXZ]\xa3R\xada;\
\x0e\x19\x1d\x9b\x87v\x01\x8a \xccw\xbe\xf3\x9d\xe2\x91\
G\x1e\x99\xa5\xf3^c\xcc\x14\xc0\x8f\xc0\xfb\xdf\xff~\
\xf5\xd8c\x8f=\xe9y\xde\xdf\xfb\xbe\xef\xe9\x01$j\
\x19!\xec\x9b\xf9~\xa7}7\x82\xac\xd4u8\xec\xb3\
\xbdq\x83\x8dk\xd7\x10\xc0\xf2\xd2\x22\x8b\x8b\x8b\x14\x8a\
E\x0c\xc3 O\x16:\xe5\x0b8\x059M\xa3}\xff\
4%\x0aC\xc2 \x98\x0az\xbdVc0\x18\xd0\xeb\
\xf5\xb8z\xed\x1a\xe3\xf1\x98\xf9\xf9y\xaa\xd5\x0a\xae\xeb\
a[\xa6^\xdd\xc5\x91I\x0fd#\xc1c\xa2(f\
\x1c\x04\x0c\x06\x03\xfa\xfd\x01a\x18b\x98&\xb5j\x95\
\xa5\xa5E*n\x0d\xbfX\xc4\xf1|\x8c\xcc\xbf\x97R\
R(\x95\x98_\xd4\x8dH\xdb\xdb\xdb\xb4Z\x87l]\
\xbf\xc6\xea\xfaY\x8a\xe5\x8a04\xb1\x8a\x00<\xa5\xd4\
\xbcm\xdb\xb5\xf9\xf9\x85>0\xa3\xf2z\x8d1S\x00\
/\x01\xf7\xddw\xdf\xc6\xe3\x8f?\xfe\xb5\xbb\xee\xba\xa8\
\xf4lB\xf1V\xa0\x9e;D\xa0Y\x86<P\xd6d\
\x9cx\x14\x86\xb4\x0e\x0e\xd8\xbc~\x8d\xf6\xe1\x01s\xcd\
&\xab\xab\xab\xd4\x1a\x0d\x1d\xc9'\x9f\xf8>\x99\xfe&\
\xc7&t\x84\x89~\x89\xa3\x98`4\x22\x0c\x02\x84@\
\x17\xfa,\xcc\xeb~\xfd\xe1\x90\x83\x8c\x15\xf8\xb0\xd5\xa2\
V\xabR.\x95u\x8a\xd1\xb1u\x84>\xeb\xb3O\xd3\
\x840\x8c\x08\x02=\x0d\xa87\x18\xd0\xef\xf7\x19\x8d\xc6\
DQ\x84i\x9a,-.P,\x16Y\x5c]\xc5\xf1\
\x0bG\xaeN\x06i\x18\x14\x8aE\x96WVXX\x5c\
\xe4\xb0\xfd4\xfb\xdb\x9b\x1c\xee\xedRk\xcea\xdb\xb6\
\xe6f\x87y\x84xg\xadV{\xe1\x81\x07\x1e84\
\x0c\xd9~\x15\xbf\xa6\x19^\x01f\x0a\xe0%\xe2\x13\x9f\
\xf8\xc4\xd6o\xfe\xe6o~\xed\x9e{\xee\xed\x00O\x00\
\xd5\xdc\xc3\x06p\x0eM\x1e\xb2\x0c\xd8i\x9a2\x1c\x0e\
\xd8\xb9q\x83\xdd\x8d\x0d$\xb00?\xc7\xdc\xd22~\
\xa9\x884\xe4\xcd/r\x1aNQ\x02\x00Q\xa8\xa7\x00\
E\x89\x8e\x8dY\xb6E\xa1\xe0\xeb\x88\xbde\x91$\xe9\
t\xbc\xd7\xc1\xc1\xa16\xdd=\x17\xc7q\xb0Lm\x09\
h\x12\x92\x94$I\x18\x8fF\x0cFC\xc20\x9c\xc6\
\x05T\xcat\x95o\xce\xcf\xb32\x1aS\xcd1\x08O\
/\x11\xb0\x1c\x9br\xa3\xc1\xf2\xca\x0a\x1b76\xe8u\
:\xeclm2\xbf\xb2J\xa1T\xc44M\x094\xd0\
\x8cK\x8f\xa2\xa7\xf8\xcc\x14\xc0k\x8c\x99\x02x\x89\xf8\
\xe4'?\x99\x06A\xb0\xf7\x9f\xfe\xd3o|\xf3\x1d\xef\
x\xc7\x13\xe8\x15\x7f\x02\x17\xf8Y\xe0\x0c\xb0\xa0'\xf2\
\x06tZ-\xb66\xae\xd3i\x1dP.\x95X=s\
\x86J\xbd\xa6\xfb\xf4O\x9a\xfaS\xca\xb0\x9b\xf7\x1d\x13\
\x7f\xa5M\xff\xf1pH\x14\x06\xa8TO\xf1\x1d\x8d\xc6\
\xb4ZmZ\xed6a\x18\xe2y\x1e\xd5j\x15\xdfs\
\x89c]\xe2\x1b\x06!\xa3\xd1XO<\xce\x05\x1bE\
\x16\xe5w\x5c\x97J\xa5\x82\xef\xfb\xd8\x96\xc58\x08h\
\xb7\xdb\x84A\xc0\xf6\xd66[\x9b[\x94\xab\xda\x9a\xd0\
\x81\xcb\xec\xf9d\xd5\x86\x9e\xcb\xe2\xf22\xf3\xf3\xf3\x5c\
\xbb~\x83\xfd\xadM:\x87\x07\xd4\x9bsX\x96\x8d\x90\
R\x0a\xfd\x9b3yy\xa5\xc03\xfc\x840S\x00/\
\x03\xf7\xdf\x7f\x7f\xf4\x9d\xef|\xa7S.\x97\xbb\x80x\
\xcb[\xde\xc2\xc7?\xfe\x09\x0bXQJ\x95\xc9\xaa\xdb\
T\x9a2\x1e\x0c8\xd8\xddf\x7f{\x9b$\x8ah.\
-\xb2\xb2\xb2B\xc1\xf3\xf4\xc0\xd1S\x89\xf8n\xfe\xfb\
x\xfb\xbe\x8e+\x8c\x06}\xc6\xc3!q\xa4\xfb\xeb{\
\xbd>;\xbb\xbb\xdc\xd8\xd8\xe0\xf0\xf0\x10\xd3\xb4X\x5c\
Z\xe6\xc2\x85\x0b\x94+%\xc2\xac\x10h\xd0\xef3\x1a\
\x8f\x89\xc3\x88$M@\xe9\xe9\xc4\x86ie\xc1=\x9f\
r\xa9D\xb9\x5c\xc22M\xba\x9d.W\xae\x5c\xe1\xc6\
\x8d\x1b\x1c\x1e\x1er\xf5\xea\x15*\xd5\x0a\xd6\xba5-\
!\x16\x19\xe1\x89\x00Li\xd0l4\x98_\x98\xe7\xc6\
\xc6\x06\x9dV\x8b\xce\xe1!\xc1h\x88\xe7\xfb\xc2\xd0\xad\
\xc2\x0e\xb0\x02\xac=\xfc\xf0\xc3\xdd\x8f}\xecc\xfd\xaf\
~\xf5\xab\xb3`\xe0k\x84\x99\x02x\x99\xc8\xe6\xcd)\
\x80G\x1f}\x94\x8f\x7f\xfc\x13.\xba\xb6\xfdg\x80\x05\
\xa5\x94\x11'1\xfd^\x97\xbd\xedm\xba\xed\x16\xbe\xe7\
\xb1\xbc\xbcB\xbd\xa9I:\xc5M\xeb\xff)\x0aA\xdc\
,\xfci\xaa\xd3~\xc3\xc1\x800\x0a\x09\xc3\x88n\xaf\
\xc7\xce\xce\x0e\x1b\x9b\x9b\x1c\x1e\x1c\x22\x85day\x91\
\xdb\xef\xbc\x83\xf3\x17.\xe0\x15|\xe2$%\x18\x07\x04\
\xe31Q\x10\x10\xc7\x11i6\xea[\x08\xad\x00l\xc7\
\xc6ru\xee\xdfu\x1c\xa4\x84^\xb7\x0bB0\x1a\x8f\
\xd9\xd9\xd9a\xf3\xc6\x0dj\xd5*\xc5b\x11\xd3\x9a\xd7\
\x93\x88r\x86\x8b!%\x85b\x91F\xb3\x89\xef\xfb\x8c\
FC:\xed\x16\xc3\xc1@\x94\xaa5\x95\x05\x03K\xc0\
\x9b\x81\xcbo{\xdb\xdbv\xce\x9f??\xfa\xeaW\xbf\
:\xcb\xf1\xbfF\x98)\x80\x1f\x1f\x16\x9a\xa6\xea.\xa0\
\xa6\x942\xa20\xa0\xdbis\xb8\xbbC8\x1e\xd1\xac\
\xd7Y^Y\xd1\x91\x7fs\xd2.;\x09\xe7M0I\
\x05\xaa\xa3l\xc0\xc4\xfcWGQ\xff\xd1P\xfb\xf5\xa3\
\xd1\x88N\xa7\xcb\xf6\xb6\x1e\xff\xdd\xee\xb4\x91\x19[\xef\
m\xb7\xdf\xc6\xf9\xdbogn~\x0eiZ\xb9\xd2\xe5\
dz\xcb\xc6\xf5\x80\x14\x08i`\x18&\xc20t-\
@V\x81hY6A\xa8-\x8cA\x7f@\xb7\xd3\xe5\
\xda\x95\xabz\x0c\x99kS\xad7\xb0L+\x8bSh\
\x02Q\xdbq(U\xaa\x94\xca%F{\x07\xf4:\x1d\
\x06\xbd\x1eI\x1c\x81m\x0b\x84p\xd1\xf1\x92\xdb|\xbf\
P\xb1m\xe7%\x06Cf\xf8I`\xa6\x00~\x0c|\
\xf0\x83\x1f\x94\x80\xab\x94\xaa\x00e\xa5\x94\x9d$\xb1\x1c\
\x0d\x06\xb4\x0f\xf6\xe9\xb4\x0e12\x96\xde\x85\xa5El\
\xd7\xc9Xn8\xa2\x0b\x9b O\x1d\xa8\xd0\xf9\xffL\
\xb0\xd24%\xce\xfc\xfeA\xbf\xcfp0\xe0\xf0\xe0\x90\
\xad\xadm\xb6vv\xe8\xf5\xfaX\x96\xc5\xc2\xe2\x22\xe7\
/\x9c\xe7\xfc\xf9\xf34\xe7\xe7q\x5cmm\x1c\xb1\x03\
Y9.\xd04S6B\x97\x1cK\x99\xe50\xf5E\
(\xc0\xf5<\x1asM\xce\x9c]\xa3\xd7\xebq\xe5\x85\
\x17\xd8\xdb\xdf\xe7\x85\xe7\x7f\xa0'\xf4J\x93R\xb5\x8a\
ie\xfc\x02\xe8\x8c\x80_\xf0)\x15K\xec\xed\x1fh\
we4\x9cV\x1c\x0a\x1d0\xf5\xd1MA\xf98\xca\
\x0c\xaf\x01f\x0a\xe0\x15\xe2\xe7~\xee\xe7\xc4{\xdf\xfb\
+\x1e:\xea\xbf\xa2\x94rPJDQD\xb7\xdd\x11\
\x07\xbb\xbb\x8c\x06}|\xdfgai\x91z\xb3\x81i\
\x9aL\x96\xbb\xe3.@\xc6\x1f\x96W\x02\x90u\x1ej\
\xfa\xf1\xd1hD\xaf\xd3\xa1\xd5jsp\xb0\xcf\xc6\x8d\
M\xb6wv\x18\x8eF\xf8~\x81\xa5\xe5e\xce_8\
\xcf\xda\xfa:\x8d\x9b\x5c\x8d\x1c1\xd8$\x82/d\xbe\
\xb8\x80\xe3\x7f\xe9\x8b0\x0cI\xa1X`qy\x89\xd1\
hD\x10\x8c\xd9\xb8\xb1\xc1\xe6\xe6&\xb6eaH\xc9\
\x8a\x80b\xa5\xac\x07\x87\x22H\x11S\x97B\x00Q\x14\
\x12E\x11i\x9a\xe6\xdf\xf2,\x00\xf8:\xc1L\x01\xbc\
B,,,\xc8\xb7\xbd\xedm5\xe0-\xc0[\x81\x92\
RJDA@\xfb\xf0\x80\x83\xdd]\xe20dna\
\x81\xb9\xf99<\xdf\xd7#\xb9O\x92rN0\xe1\x11\
\x9c\xeeW\xa4\x93Z\xff\xc1\x90\xf6a\x8b\x83\xbd]\xb6\
wv\xd9\xd8\xd8`ww\x8f0\x8a\xa8T+\xac\xad\
\xafs\xfe\xc2\x05V\xcf\x9c\xa1Z\xabb[\xb6^\xc3\
O\xbc\xd6T\xb8\xc5\xd1kLM\x8e|\x09\xb2\x00\x94\
B\x08\xb0\x0c\x93JE\xbfF\x14F\x04A\xc0\xee\xce\
\x0e/\x5cyA__\x12\xb3\xb8\xbaJ\xb1T\xc24\
MR\x04\xe3\xf1\x88(K'\xce\xe6z\xbc\xbe1S\
\x00\xaf\x1c\x12\xdd\xbf~7\xf0\x06\xa0\x90&\x89\x1c\x0f\
\x87\xb4\x0f\xf6\xe9\x1e\x1e\x22\x85`n\xbeI\xad^C\
\x98\xc6\xd1P\xd0<\xb2\xca\xbe#v^=($U\
\x8a0\x0a\x19\xf6\xfa\xb4\xf6\xf7\xd9\xde\xdcbss\x8b\
\x8d\xad-\xf6v\xf7\x10B0\xbf\xb8\xc0\xf9\xdbn\xe3\
\xfcm\x17XZ^\xd6\xd4`\x869%!\xbe\xa9\xa8\
h*\xecLrw\xc7\xf7\xa9\xec]1\xd1\x01:\xba\
o[6\xb5F\x93\xb3\xd9$\xa4(\x0c\xd9\xde\xde\xe6\
\xf2\xe5g\xf4`\x92v\x87\xe6\xfc<\xbe\xef\x11\xa7\x8a\
\xcd\x8d\x0d\xf6\xf7\xf7I\x92\x04\xc7\xf3\xb0]\x17i\x18\
J\x1c\x99\x173\xb5\xf0:\xc1L\x01\xfcx\x10\xe4&\
\xddk\xf3\xbf%Z\xfb\xfb\x8cFCJ\x85\x02s\x0b\
\x0b\x94+\x95\xa3\xda\x19!\x8fV\xe6i\x19\xa0\x9cF\
\xfaAO\x02\x0e\x02\x1dH\xdc\xdd\xdcd\xe3\xea\x0d\xae\
\xdf\xb8\xc1\xd6\xce\x0e\x83\xc1\x10\xd7\xb6Y[[\xe3\xae\
K\x179{\xdb\x05\xeasM\x1d\xb9'G\xfa)O\
\xa9,D\x1c/,\x9a\x04\x1b\x0d\x09iz\xf4N\xb2\
\x00d~\x9e\x80\xe3\xda\xcc\xcf\xcf\xa1\xe2;\x18\x0f\x06\
t:\x1dvw\xf7\xe8\xf5\xfalo\xef\xd0l4(\
\x16\x0b\xc4q\xcc~6\xa3\xd0+\x96i\xcc\xcfS\xa9\
\xd5\xb1,{rru\xe26\xc3k\x88\x99\x02x\x85\
h4\x1a\x00BMGz+F\xa3!\xbb\xdb\xdb\xec\
g\xfc}\x95j\x95zc\x0e\xd7r\x10A\xa4\xa7\xdc\
\xaa\x14\x84\x81\x8e\xee%\x19\xa9G\xd6u\x97\x8d\x1b\x1b\
\x0e\x06\xec\xef\xedq\xed\x8af\xf8\xb9v\xfd:\x9dN\
\x17\xc34\xa9V\xab\xdc}\xe9\x22o\xb8\xe7\x1e\x96V\
W\xf1\x0a>\x86ah\xd1WJ\x0b\xad\xcc\x84\x5cd\
\x12\x9d\xa5\xfc\x10\xf2\xa8\x8aOe\x03\x0ad\x16\x0b0\
L\x88\xc2Lq\x88\xa9\x22\x98\xb8\x12\x22\x01K\x1a\xd4\
\xcae\xe6\xe6\xe6\xf1\xfd\x02R\x1e0\x1a\x8f\x19mn\
\xb1\xb5\xb5\x9dq\x16\x08\xa4\xd4D&\xabg\xcf\xb1v\
\xfe6\xeaM=\xa2,C\x02\xf4\xd1\x1c\xff\x9a-e\
\x86\xd7\x0c3\x05\xf0\x0a\xf1\x87\x7f\xf8\x87\x06:\x8am\
*\xa5\x84R\x8a0\x08\xe8u\xda\x8c\x87}\x0a\x9e\xcb\
\xf2\xd2\x22\x95j\x051\xf9\xf1\xa7)LFu\x09\x01\
*S\x04\x13\xdb8I8\xdc\xdf\xe7\xf2\xd3\x97y\xe6\
\xf23loo\xd3\xefk\x06\xdc\xf9\xfb\x8a/\x1c\x00\
\x00\x0fQIDAT\x85y\xd6\xcf\x9c\xe1\xd2\x1b\xee\
fe\xfd\x1c\xa5ry\xda\xdc3\x9d\x9f\xf7\x22e\xc3\
S\xc53\xb1\x00@+\xa1\x89\xefo\x98\xfaq\xd3\x84\
\xa9;r\xa4\x044\xc7\xb9\x0e \x1a\xa6\x85\xe3y\xf8\
\x05\x1f\xd7\xf3(\xda\x0e\xb5\xa6\x8eq(\xa50\x0c\x83\
J\xa3\xc1\x99\xb3\xe7X]?K\xad9\x87\xeb\xf9*\
\x1b\xf1\xa5\x80=\xe03\xc0\x7f\x0b\x82\xe0\x998\x8eg\
5\x00\xaf!f\x0a\xe0\x15\xe0\xd7\x7f\xfd\xffvK\xa5\
\xf2]\xc0\xff\x01\xbc\x0b\xf0\xe2(\xa2\xd7j\xd1\xda\xdb\
%\x18\x0ei\xd4*\xd4j5<\xd7ELW\xe0l\
5\x9e\x98\xe7\xd3 \x9d\xe6\xc9\x8f\xa2\x98n\xb7\xc7\xce\
\xf6\x0e\xbb\xbb{\xc4q\xc2\xe2\xe2\x22\xcb+\xcb\xac\x9c\
Yeqy\x99f\xbd\xae\x87\x7fL\xe9\xb62K\xe2\
\xb4b\x22u\xd2\x0d\x98\xf8\xff'b\x01Q\xa8\xdd\x80\
\x93\xca\xe3\xc4\xf3E\x9664L\x13\xd3\xb40M\x8b\
R\xb5\xca\xb9;\xeeb\xfd\xc2\x05\xcd\x11 $\x8e\xeb\
Q,\x97\xf1K\x05\x1d\x90\x94S\xe1O\xd1}\xff\x07\
\xc0\xfe\xaf\xff\xfa\xff5\xfe\xf3?\xff\xf3\x99\x05\xf0\x1a\
b\xa6\x00^\x01\x84\xc0\x14B\xd4\xd1\x15\x80g\xd24\
5F\xc3\x01\x07\xfb{t;m\x0cCP\xa9V\xa9\
\xd65\xdb\x8f^xO\xd4\xbb\x1c[eu\xd0\xce0\
\x0c\x8a\xc5\x22\xabg\xce\xe0\xb8\x9a%\xa8V\xaf\xd3\x5c\
\x98\xa7\xd6\xa8S,\x14\xb1,K\x97\x12gi\xc3|\
U\xb1\xc8.\xee\xe8\xfc\xd3+>\xa5\xd9PL\x03~\
\xdae8zs'\x9f?I\x1d*\xa1\x8b\x86,\xd3\
\xc2v\x1cL\xd3\xc4\xb2l*\xd5*K\xabg(U\
\xaa\x88\x8cL\xc40\x0c\xa4a '.\x85\x16\xfem\
\xe0k\xc0w\x80\xceL\xf8_{\xcc\x14\xc0+\x83P\
J\xd9\x80\xaf\x94rU\x9a\xcaa\xbf\xcf\xe1\xde.\xc3\
~\x1f\xc7v\xa8\xd5\x8f\xc6e\x89Ib\x7f\xda\x83\x9f\
O\xc5\x1di\x00i\x18z\xe2\xcf\xb9\xb3,.-b\
Z&^\xa1\x80\xeb{\xd8v6\xd0#W{?\xf5\
\xd3o\xca\xaaOj\x0aN\x04\x00s\x9b\x1c\xe3\xc8)\
Y\xf9\xd3\xf6e\x8f\x18\x02i\x19X\xa6\x16n]\xfc\
#\xb1]\x17\xd7\xf7\xa7\x05A\x1c\x91\x81\xeaD\x07\x22\
\x01\xf6\x81\xc7\x07\x83\xc1\xe5\x0f}\xe8C\xc3\x1f\xfa\x09\
\xcf\xf0o\x82\x99\x02x\x05\xb8p\xe1\xc2dY\x93\x80\
H\x92D\x0c\xfa=\xda\x87\x07DA@\xa5^\xa5^\
\xaf\xe1\x17|\xdd\xf6\x9b\x92\x05\xff`:\x9e\xfb&\x08\
\xa4\x00\xd7u1L\x93t\xda\xa8\x93Qt\x1d\x13v\
9-\xe5\x15\xb9\x8a\xc1\x9b\xa4v\xba\x9a\xabi\xd5\xdf\
\xb18\xc1\xc4\x05\x98*\x8c\x17{\xc7\x13\x13C \xa4\
\xd0\xe5\xc2\x19'\xc0dV\x82@ \xa5T9\x16\xe0\
\xc96\x04\xf6\x84`\x0b\xf8W\x10\xcf\x0c\x87\xc3\xc3\xff\
\xfa_\xff\xdf\x99\xef\xff:\xc0L\x01\xbcL\xbc\xf3\x9d\
\xef4\xce\x9f\xbfPD\xd7\xfd{*ME\x14\x04t\
\xdbm\xd1k\xb7\x91(*eM\xe5\xed\xb8v\xc6\xbc\
3\x95\xb4\x9c\xa0\xe6eD\xc7\xdb\xa7\x8c\xc3\xd2\xc8\xcc\
\xfb|\x85^\x965S\xe2\x88\x12\xfc\x98 O\xee\xe7\
\xabyN\x1c7\x8d\x01\x90+E\xce][\xeez^\
\xbcXOG\xf9\x0dC+&\xa5\xf4t\xa4\xe9\xfb\x10\
B\xa1#\xfc- \x06z\xc0\xbf\xa4i\xfa\xbdv\xbb\
\xfd\xdc\x95+W\x9e\xfd\xe4'\xffd\xfc\x12>\xea\x19\
\xfe\x0d0S\x00/\x13\x17/^\xf4\xdf\xf4\xa67\xad\
\xa3\x8b\x7f\x96\x934a0\xe8q\xb8\xbf\xc7p\xd0\xcf\
|\xe2\x8a\xae\x8c3L\x9dB\xcb\x09\xef\x91\xf9\x9f+\
\xcf\xcd\xdd;\x85oC\xef\xcfU\x08\x1e{\xfe\xc9\x82\
\x1fr\xc7M\x8a|\xc4\x89\xfdy\x0bD\x816QN\
f\x10&\xd9\x89\xdc>5Q@\xc6t\x06\xa0\x9aN\
H:v\xc6\xe7\x81G\xd0\xc2\xdfK\x92\xe4\xe9v\xbb\
\xfd\xf47\xbe\xf1\xf5\xfd\xbf\xfc\xcbO\x0f\xbe\xf8\xc5/\
\xccV\xff\xd7\x09f\x0a\xe0e\xe2mo{\x9b\xb7\xb6\
\xb6vN)\xf5F`9\x89\x13\xd1\xebt8\xd8\xdd\
!\x1c\x8fi\xd4\xaa\x94\xab\xb5l\xf6^>\xb2~\xda\
*{\x04q\xd3J<9\xeeD\xe1\x8e\xe2(\x82\x7f\
\x13N\xee<\xed\x9c\xd9\xfe\xfceM\xce\xf9#\xcf\x97\
q\x17Km\x05\x90s\x01r\xc7*\xe0\xd9(\x8a\xfe\
&\x08\x82\xdd\xcd\xcd\xcd\xe0\xc1\x07\x1flw\xbb\x9d\xee\
\x1f\xfd\xd1\x1f\xcdx\xfd_g\x98)\x80\x97\x89\xb5\xb5\
5\x0b\xa8\x00sJ\xa9R\x92\xc4\xa2\xd7i\xd3>8\
\x00\x95R\xa9\x94\xa9T+\xd8\x8e;\x1d\xec\x01\x9c\xbe\
\xac\xc3)\xbe\xf7i\xcb\xbf8\xf1\xf0)A\xc4\xc9\xdf\
\xa7\xfa\xf2\xa7\x9d\xf3\xe4C\xa7\x04\x0co:^\xe8\xf6\
a!\x90\x93\xe9\xc27\xcf\xf9T@\xfb\xea\xd5\xab\xcf\
\x7f\xfd\xeb_\xdfx\xff\xfb\xffcr\xf3\xc9fx\xbd\
`\xd6\x8b\xfd2\xf0\x9e\xf7\xbc\xc7\xae\xd7\x1b%t\x0f\
\x80\x9d\xa6)a\x10\x8an\xa7#\xfa\xdd\x0e\xa6aP\
\xa9\xe8\x19\x7f\x13\xe2\xcc\x09\xdf\xff1\xff\x5c\x9c4\xc1\
9a\xfb\xe7\xf3z\x93\xfb\xb9}\x93\x0a\xbf\xbc\xe0\x9d\
L\xdfM\xce75\xe3O\x9c3\xdf\x00$\xc4\x0f?\
\xe7\xf4~v\x93\xe2(Qp\x93\xfc\xeb\xb3?\xf9\xe4\
\x93\xea?\xff\xe7?\x9a\xa5\xf9^\xe7\x98)\x80\x97\x81\
_\xfc\xc5_\xac\xde{\xef\xbd\x17\xd1\x0d@\x8d4M\
E\x10\x8c\x19\x0d\xfa\xa4q\x84\xefy\x94\xcb%<\xcf\
#\xa3\xbf:]\xd8OC>P7\xd9\xdet\xfc\xc9\
}\xea\xf8\xf1'\x8f=m\xdf\x8f\x14\xc9\xdc\xf3\xf2n\
A^\x87\xe4\xf7O\x83\x95/\x164\x9c\xe1\xf5\x8c\x99\
\x0b\xf02p\xdf}\xf7\xd5\x1d\xc7\xb9[)u\x0f\xd0\
\x10\x80T\xe0X6\xd5j\x8dz\xa5L\xa5Z\xc5q\
\x1c=\x84\xe3\xa4\x00M\xcc\xf7c\xee\xf2\x04'\x83p\
9\xe4\x03}\xf9\xc0\x9c\xe2(:x\xb2\xea\xefX\xb6\
\xe1\xc5r|\xea\xd8\xe6\xf4  G)\xc4\xc9\xb5O\
\x93\x07\x02\xc9\xc4\x1d8\xfd\xd2gx}c\xa6\x00^\
\x22\xde\xf7\xbe\xf7\x09\xc0Fs\xda\x95\x00[\x1a\x86\xf0\
\x8b\x05\x96VW\x91ID\xa9\xe0So\xe4\x1a_N\
\x0a\xd4ds\xaa\xb0\xbc\x88\x80\x9e\x8c\xf2\x9f\xca'\xf0\
b\xcb\xfa\x0f\x0b\xec\xe5W\xf9\x17\xb9\xa8\x9bJ\x83\x81\
4\x0b\xfae7\xf1\x22>\xc0\x0c\xb7\x06f\x0a\xe0\xc7\
\x80\x10\x02\xc7\xf7YZ[\xa7V\xad`\x89\x14\xdfu\
3\x8a\xac\xec\xa0\x89\x0c\xc9\x1fGHNT\xf1\x1d\xdb\
\xfdJ\xcf\x9b\xab\xf6\xbb)\xd8\x9f[\xf9\x8f\xbd\xc4Q\
\x9cBM\xf2\xfeR\x22\xa4d\xa6\x04nM\xcc\x14\xc0\
\x8f\x01!\x04\xa6iQ\xacT)\x14|d\x1c\x22\x92\
\x08\xa1R\xfdx~a\x9d\xb4\xe9\xc2)\xb9\xfb\x1fR\
\x88s\xaa\x5c\x89#\xd3\xff\x98u\x9fs\x13n\xb2\x10\
Nd\x08N$\x0f\x8e\xbd\xf4\xd1\x1b\xbc\xe9e\x11*\
\x1b|\x9a\xe8\x0a\xc0lp\xc8\xcc\x05\xb851S\x00\
/\x0f)\xba\xba-\x12BL\xaag\x84a\x98Z\xb8\
\x0d\x03\x22\xa1\xbb\xebT\x9a\xf5\xeb\xe42\x00\x13\xbf\xfc\
&\x97|\xe2c\x8b\x5cd^1%\x0fQ9\xc1\x06\
\xfdZin\xff\xb1\x9c\x9e\xca\xf9\xec\x1cW\x0e\x93\x88\
\xff4\xa0\x97\x1d'\xb2\xfdi\x9a\xbb&q\xfc|\x1c\
]^\xaa\xd2\x8c\xee++W\x962\xcb\x22\xccp\xab\
a\xf6\xad\xbdD\xfc\xc5_\xfc\x85\x02\x86\xc0\x8e\x10b\
[\x08\x06\x22\x13p-?\x06\xc20\x11\xa6\x83\xb0\xec\
\xac\xef?7\xd8\xfb\xa6U\xf9\xc4\x92\xa9N\xdb\x7fB\
\xf0s\xed\xc37\x1dzr\x09V?j\xff\xe4\xfe\xc9\
\xa0a\xfe\x9c'c\x00Z\x19\xa8$\x9d\x8e\x0f\x93\xa6\
\x81a\x99\xd9(\xf1\x19n5\xcc\x14\xc0\xcb\xc0\xbf\xfe\
\xeb\xbf\xeeFQ\xf8(\xf0\x8f \xb63\x09Q\xba#\
\x07\x10\x06\x986X\xae\xdeN\xfb\xee\xd5\x11\x1f`\x9a\
\xea\xdbd\xdft;\xd9\xafGug\xb3\xbas\xf9\xfa\
\x93\xcf\x9f<\xc6\xf1\xe7\xaa\xdcs\xd3\xdc6\xff:*\
w,h\x8e\x82\x9b^\xef\xc4\xf5\xe4\xae)\x8d\x13\x92\
(\xce\x5c\x00\x1d\x03\x98\x89\xff\xad\x89\x99\x02x\x19x\
\xf8\xe1\x87\x07\xcf<\xf3\xcc\x06p\x1d\xdd\xf0\x92\x13\xfe\
I\xe1\x8d\x04\xc3\x02\xdb\xd5\xb7\xacd\x16#\xa3\xe3\x92\
\xf2\xc8\xec\x96\xd9\xf1\xf9}\xf9\xf3\xe4\xe3\x00R\xea\xe3\
\xf3\xf5\x05\x13\x8a\xaf|\x11\xcf\xe45\xa4\x98\xeebb\
\xa2\xcb\x5cqP\xfe89\xa1*;q=\xd3s\xca\
\xe99\xb4\xbeII\x13\xed.\x18\x96\xe6\x04\xb8\x89\xef\
`\x86[\x02\xb3o\xede\xe0\xcf\xfe\xec\xcf\xd4\xa3\x8f\
>\xd6\x07\x9e\x05\xbe\x0d\x5c\x03\xd2L\x09L\xac\x01-\
,\x86\xa5-\x01\xdbE\x99\xd6\x91\x22\xc8\x0bV\xbec\
\xef\xe4\xfe\xa9\xe0\xe6\xeeO\x8f\x9d\x08\xbc:\xa14\xf2\
\xe7\x94\x1c\xe3\x00\x9c<\x97\x9c\xb2\xc8\xef?\xd9\x85t\
\xd3>}\x0d*M\x89\xe3\x88 \x0cIR\x85e\xda\
\x98\x96\x8d\x94\xb3\x9f\xd2\xad\x88\xd9\xb7\xf62\xf1\xe8\xa3\
\xdf\xea]\xbbv\xf5\x09\xe0\xaf\x81/\xa2\x95@\xc4M\
\x09v\x01\xd2\xd4J\xc0rQ\x86\x892\x0c\x94\x14G\
\xabs\xde\xdc\x9f\xac\xde\x13\xf3{\x128\x9c\xd2~\xe5\
\xcc\xf3\x09\xe9g\xfe\x96\xf7\xe9\xf3.\x03\xa7\x9csz\
\x5cz\xb4\x95\xb9\x80c\xaa8\x16\xaf8\xe1\x1e(@\
H\x89\xe7\xb9\x94\xca%\xbc\x82\x8f\x9c\x8e<\x9b\xe1V\
\x82\xf1Z_\xc0\xad\x86\xc7\x1f\x7f\x5c-//\x87\xeb\
\xeb\xeb\x9dr\xb9\xdcB\x7f\x86\xf3\x08\xe1k\x878W\
%?5\xb5\x0d}3\xe4\x91+p\x22 x\xba\xf0\
\x9cX\x95\xe1H!\xe4\x8b\xf1\xc5\x89cU\xee~^\
\x11\x9c<~\xb2\x99\xbe\x86<\x0a\xfcM-\x00\xe0\x84\
.\x89\xa2\x888\x8e\xf1\x8b%V\xce\x9dcy\xfd,\
\x85Bq\xd2\x22\x9c\x02\x8f_\xbe|\xf9\x1b\x0f=\xf4\
P\xef\xe0\xe0\xe0drq\x86\xd7\x11fi\xc0W\x80\
\x0f\x7f\xf8\xc31\x88\xc3_\xfb\xb5_{b~~~\
\xf2\x03\xff_\xd1c\xaf]@\x22\x84\xca\xd2q\x02a\
df\xbb\x01*A\xb3c\x85:\xa1\x98&\x99\x11\xa0\
\xb3\x8a\xc7\xea\xec\x8f\xa5\x0f\xc9Y\x0d\x19#\xd0t\x1f\
\xc7\x8fcr\xffd\x14\x7f\xfa\xdfq{e\xe2\xff\x9f\
\xf6\xda\xc7\x9e\xaf0\x0cI\xb5^\xe3\xf6K\x17\x09S\
(\xd4\x1a\x14Ke2\xd6\xdf\x19n1\xcc\x14\xc0+\
\xc4\x87?\xfc[\x89Ri\xeb=\xefy\xef\x13g\xce\
\x9c\x91R\xb3_\xfe/ V\x10x(e!&\x03\
\x00&\xcb\xadN\x0dbd[ah\x050\x9d\xd6\x9b\
\xa2N\xa9\xca\x11\xf9\x15\x1br.\xc3d\xff)i\xc1\
<N\x1ew\xf2X%\x8e+\x99\xdc\xb1\xc7\xb3\x83\x9a\
\x07\xc0+\x96\xb0JU0,\xa4\xedbX\x96\x9a\x99\
\xff\xb7&f\x0a\xe0\xc7\xc0o\xff\xf6o'\x9f\xfc\xe4\
\x9f\xb6\xfe\xfe\xef\xff\xfe;\xcdfS\x99\xa6\xd1\x16B\
\xde)\x84\xb8\x80\x10g\x812JiR\x80\xa9\x80\x18\
Z\xda\xcc,P\x98&\x99\x12\x88\xb3\xbfoN\xd3\xa9\
cE;b\xdaStJR\xff\xc4}r\xfb\x157\
)\x91\xc95\x89\xfcq\x93S\x88\x9b9E\x85\x9e$\
l\x986\x86\xe5\xe8\xeb\x9f\xb8\x1aG\x81\xd0\x84\x8c\x05\
\xf1%\x7f\x903\xbcf\x98\x05\x01\x7fL<\xfb\xec3\
\xe9\x9b\xde\xf4\xc6\xd6\xe7>\xf7\xb9\xef\x5c\xbbv\xedS\
q\x1c\x7f\x12\xf8[\xe0)4%Vz\xd3\x93\xa6\xe9\
6\x03\x0c\x1b,\xe7(mh9\xba\x86@\x9a\xdaB\
\xc8\x7fE\xd3\x02\xa0l\xdf\x8f+b\xf9\x82\xa2c:\
\xe3\x94\x13\x0b\xa9\xaf\xc9t\xf45\x1a\xd6\xf18\x81~\
R\x88\x0e\x8a^\xcf\xfe\x9e\xe1u\x8e\x99\xe3\xf6*`\
4\x1a\xf1\xd0C_\x0d\x8a\xc5bkeey\xb7T\
*\x1d\x18\x86\x11\x03\x05\x840\x11B!\xb0\xb3%\xf4\
Dj-\xdb'\xa5\x16xa\xe4\x82\x86f\x96\xab\x9f\
\xe4\xfes9\xfa\x93\x95w\x93\xb8\xe3\xc9\x9d7\x99\xe6\
\xb9\xd4cvW\x9dv\xcc\xe4u\xa5\xa1]\x16\xc3\xd6\
\x8a\xc9\xb4\x11\x865%;\x11\x02\x95mS!D\x1b\
\xf8\xdc\xee\xee\xee\xdf<\xf2\xc876>\xf5\xa9O\xcd\
\x94\xc0\xeb\x1c3\x05\xf0*a<\x1e\xf1\xf0\xc3\x0f\xa7\
_\xf9\xcaW\x827\xbd\xe9\xcd\xdd\xe5\xe5\xe5\x03\xc30\
v\xd1+\xa2\x021\x87\x10\xf1\x94=C\xe4\x94\x81\x16\
^qd\x15d\xb7\xa9\x220\xf4\x8a+\x8d\xa3\xa2\x1e\
8\xbej\xbfh\x16\x01\xc8E\x16@d\xd4\x01\xf9\xd4\
!\xb9\xd5</\xf8&\x98\xd6\xf1\x9b4\xc9\xea\x0b\x8e\
\x86\x13\x08R\x10\x11z\xf0\xc7\x03\xf7\xdf\xff\x17\x0f\xff\
\xc1\x1f\xfc\xc1h2\xd6l\x86\xd7/f\x0a\xe0U\xc6\
\xc1\xc1\x01\xdf\xfb\xde\x13\xd1\xddw\xbf\xa1\xb3\xbe\xbe~\
\x15x\x0eM\x91=\x00\xb6\x80\x12Bx:e\x98\x17\
\xfe\x93\x0aA\x1e\xb7\x04\x0c3S\x0a\xf2\xa8\xa8hj\
%d\xfb\x0dydILV\xf0\xac\x18HL\x0a\x83\
&\xd5\x802w\xcc\xa4pId\x8a\xc64\xb3\xad\x05\
\x96\x95S>\xa7\x143\xe9\xa1\x1f1\xb0\x0b|\x03\xf8\
\xf2W\xbe\xf2\xe5\x17\xfe\xf6o\xffv\x16\x03\xb8\x050\
\x0b\xdd\xfe\x84\xf1\xc0\x03\x9f\xb5\xde\xfd\xeew/\x00\xcb\
\xc0\x12\xf0K\xc0\x05\xe0L\xb6\xcf\xe7Xy\xde4\x9d\
w\xf4\xdd\xe4\x0b{\xa6\xa9\xc1\x5chA)\xf4\x00\xcf\
\x93E@\xe9\xcd\xa9\xc1\xe9Ys\xb1\x85\xa9P\x1b\xc7\
-\x01\xc4Q\xd1\xd2Q\xa0`R\xfa<\x09\xfaE\xc0\
&\xf0M\xe0\xb3\xc0#\x86!\xf7^\xc1G5\xc3k\
\x80\x99\x05\xf0\x13\xc6g>\xf3\x99\xb4\xd5j\x0d66\
6\xf6.^\xbck\xd7\xb2\xac]\xb4U\xa0{\x09\xf4\
\xa8\xec6\xba*\xc0\xe4\xe8;9\x1e\x83\xcf\x97\xe6\x8a\
\x9cu0u\x0b\x0cm\x9eO]\x86\xccj\x90f\xce\
\x82\xb0r\xb7\xec\xbe\xcc[\x17fn\xa5\xcf\x97!\xe7\
\xc9\x074/\x10B\x0c\xd1&\xff\x0f\x80\xc7\x80\xbf\x1b\
\x8fG\xff\xf8\xe0\x83\x0f\xee\x7f\xf6\xb3\x9f\x9d\xad\xfe\xb7\
\x08f\x0a\xe0\xdf\x00\x8f=\xf6\xa8\xfa\xdc\xe7>\x97\x00\
\xc1\xd3O?\xbd\xb7\xba\xbaz\xbdT*\xed\xa3\x05\xe8\
Y\xb4B\x18\xa0K\xf1\x22\x84\x18\x22D\x9au\xd8\xc8\
\xe3\xc2\x7f\xd3M\xaf\xe9y\xe50\xdd\xca\xe3f\xfe\xd4\
%\x90\xc7\x1f?\xb6o\x1a$T9s?\xfb\x9b\x18\
A\x1f!\xf6\xd1\x82\xff\x0d\xf4\xb0\xcfov\xbb\xddo\
?\xf8\xe0\x83\xbb\xef{\xdf\xfbf4\xe0\xb7\x10f.\
\xc0k\x80\x8f|\xe4#b}}\xbdx\xf1\xe2\xc5\x92\
a\x18\xb6\xef\xfb\xc5s\xe7\xce_*\x97\xcb\xf7\x00\x0d\
\xa0\x88v\x11\xce\xa2)\xc8\xf3\xdf\x93D\xbb\x0dZy\
\xabS\x07\x0d\xbe\x1aP\xe8\xb2\xde\x08\x9d\xd2K\xd0J\
\xea\x05\xb4\xd2z\x1e\xf8\xce\xce\xce\xces\xff\xe3\x7f<\
\xdc\xb9z\xf5j\xf7#\x1f\xf9H\xf4\x13\xba\x96\x19~\
B\x98)\x80\xd7\x01~\xf5W\x7f\xd5z\xef{\x7f\xa5\
q\xc7\x1d\xb7\xcf\x01^\xb1X\xaa\xd6\xeb\xf5\xbbm\xdb\
~#\xd0\xcc\x1d*\x01\x0f\xb8\x88&&\xfda\xc8\x9c\
\xfaI\xf9\xe1\xb1\x98\x7f\x8a\x16\xe8\x1f\xb5Z\x8f\xd0\xc1\
\xbdm4\x19J;\x08\x82\xef\xed\xee\xee|g8\x1c\
m=\xf5\xd4S\xdb\x97/?\xdd\xf9\xe8G?zs\
\xad\xc3\x0c\xb7\x04f\x0a\xe0u\x84\xdf\xf8\x8d\xdf\x10\x00\
w\xdf}\xb7\xff\x0b\xbf\xf0\x0b+\xf5z}\x8d\xa9\xa0\
\x0bL\xd3\x94\xa5R\xa9n\x18\xc6\x7f\x00\x16\x7f\xc8\xa9\
&\xc2_\x03\xaah6\xe3\x09R2a\xe6(\x0e\xf1\
b8L\x92\xe4\xc9\xd1h\xf4/\xe3\xf1h\x1f\x18n\
o\xef\x5c\xfd\xab\xbf\xfa\xcc\xd5\x8f}\xecc\xa3W\xf6\
.gx=a\xa6\x00^\xa7\xf8\xe8G?*\x9a\xcd\
&L\x13\x85\x82r\xb9\x22\xdf\xfc\xe67W\xd6\xd7\xd7\
\xff7\xc7q\xe6x\xf1\xefO\x08!\x5c\xc7q\xee\x15\
B\xdc\x83V\x22\x939e\x11\xb0\xa5\x94\xfa\x97$I\
\x9e\x89\xa2\xe8\xc5\x14\x80\x02:\xbd^\xef\xf2\xf7\xbe\xf7\
\xbd\xa7\xbf\xff\xfd'\x0f\x01\xf5\xc1\x0f~p\x16\xe0\xfb\
w\x84\xff\x1f%\x05\x92\x97\x1e\xba\xd4\x87\x00\x00\x00\x00\
IEND\xaeB`\x82(\x00\x00\x000\x00\x00\x00\
`\x00\x00\x00\x01\x00 \x00\x00\x00\x00\x00\x80%\x00\x00\
\x00\x00\x00\x00\x00\x00\x00\x00\x00\x00\x00\x00\x00\x00\x00\x00\
\x00\x00\x00\x00\x00\x00\x00\x00\x00\x00\x00\x00\x00\x00\x00\x00\
\x00\x00\x00\x00\x00\x00\x00\x00\x00\x00\x00\x00\x00\x00\x00\x00\
\x00\x00\x00\x00\x00\x00\x00\x00\x00\x00\x00\x00\x00\x00\x00\x00\
\x00\x00\x00\x00\x00\x00\x00\x00\x00\x00\x00\x00\xe8\xe7\xe7\x01\
\xf2\xf1\xf1\x06\xed\xed\xed\x19\xef\xef\xefO\xf4\xf4\xf4\x93\
\xf7\xf6\xf9\xc0\xf9\xf8\xfb\xda\xf9\xf9\xfc\xeb\xf9\xfa\xfc\xed\
\xf9\xf8\xfb\xda\xf6\xf5\xf7\xc1\xf0\xef\xf0p\xf1\xf0\xf1\x18\
\xe7\xe6\xe6\x03\x00\x00\x00\x00\x00\x00\x00\x00\x00\x00\x00\x00\
\x00\x00\x00\x00\x00\x00\x00\x00\x00\x00\x00\x00\x00\x00\x00\x00\
\x00\x00\x00\x00\x00\x00\x00\x00\x00\x00\x00\x00\x00\x00\x00\x00\
\x00\x00\x00\x00\x00\x00\x00\x00\x00\x00\x00\x00\x00\x00\x00\x00\
\x00\x00\x00\x00\x00\x00\x00\x00\x00\x00\x00\x00\x00\x00\x00\x00\
\x00\x00\x00\x00\x00\x00\x00\x00\x00\x00\x00\x00\x00\x00\x00\x00\
\x00\x00\x00\x00\x00\x00\x00\x00\x00\x00\x00\x00\x00\x00\x00\x00\
\x00\x00\x00\x00\x00\x00\x00\x00\x00\x00\x00\x00\x00\x00\x00\x00\
\x00\x00\x00\x00\x00\x00\x00\x00\xe1\xe0\xe0\x03\xee\xed\xed\x0e\
\xf5\xf4\xf6b\xf9\xf9\xfa\xc9\xf7\xf8\xfb\xf0\xf2\xf4\xfa\xf7\
\xee\xf1\xfc\xf9\xeb\xf0\xfc\xfc\xea\xee\xfc\xfc\xea\xee\xfc\xfc\
\xeb\xef\xfc\xfc\xef\xf1\xfb\xf9\xf5\xf6\xf9\xf3\xf6\xf5\xf5\xa7\
\xe1\xe0\xe0\x0b\x00\x00\x00\x00\x00\x00\x00\x00\x00\x00\x00\x00\
\x00\x00\x00\x00\x00\x00\x00\x00\x00\x00\x00\x00\x00\x00\x00\x00\
\x00\x00\x00\x00\x00\x00\x00\x00\x00\x00\x00\x00\x00\x00\x00\x00\
\x00\x00\x00\x00\x00\x00\x00\x00\x00\x00\x00\x00\x00\x00\x00\x00\
\x00\x00\x00\x00\x00\x00\x00\x00\x00\x00\x00\x00\x00\x00\x00\x00\
\x00\x00\x00\x00\x00\x00\x00\x00\x00\x00\x00\x00\x00\x00\x00\x00\
\x00\x00\x00\x00\x00\x00\x00\x00\x00\x00\x00\x00\x00\x00\x00\x00\
\x00\x00\x00\x00\x00\x00\x00\x00\x00\x00\x00\x00\x00\x00\x00\x00\
\x00\x00\x00\x00\xd0\xcf\xcf\x02\xef\xee\xee\x14\xf7\xf6\xf6\xa2\
\xf8\xf8\xfb\xf0\xf0\xf3\xfc\xfa\xe9\xee\xfd\xfd\xe5\xeb\xfd\xfe\
\xe5\xea\xfd\xfe\xe4\xeb\xfd\xfe\xe4\xea\xfd\xfe\xe4\xea\xfd\xfe\
\xe4\xea\xfd\xfe\xe2\xe8\xfa\xfe\xd9\xdd\xeb\xfc\xec\xec\xee\xe8\
\xda\xd9\xda!\x00\x00\x00\x00\x00\x00\x00\x00\x00\x00\x00\x00\
\x00\x00\x00\x00\x00\x00\x00\x00\x00\x00\x00\x00\x00\x00\x00\x00\
\x00\x00\x00\x00\x00\x00\x00\x00\x00\x00\x00\x00\x00\x00\x00\x00\
\x00\x00\x00\x00\x00\x00\x00\x00\x00\x00\x00\x00\x00\x00\x00\x00\
\x00\x00\x00\x00\x00\x00\x00\x00\x00\x00\x00\x00\x00\x00\x00\x00\
\x00\x00\x00\x00\x00\x00\x00\x00\x00\x00\x00\x00\x00\x00\x00\x00\
\x00\x00\x00\x00\x00\x00\x00\x00\x00\x00\x00\x00\x00\x00\x00\x00\
\x00\x00\x00\x00\x00\x00\x00\x00\x00\x00\x00\x00\x00\x00\x00\x00\
\x00\x00\x00\x00\xd5\xd5\xd5\x05\xed\xec\xed\x7f\xf5\xf5\xf8\xf3\
\xe9\xed\xfa\xfd\xe5\xeb\xfd\xfe\xe4\xea\xfd\xfe\xe4\xea\xfd\xfe\
\xe4\xea\xfd\xfe\xe4\xea\xfd\xfe\xe4\xea\xfd\xfe\xe4\xea\xfd\xfe\
\xe4\xea\xfd\xfe\xdf\xe5\xf9\xfe\xbf\xc4\xd5\xfe\xd5\xd5\xdb\xea\
\xd6\xd5\xd7#\xa8\xa8\xa8\x01\x00\x00\x00\x00\x00\x00\x00\x00\
\x00\x00\x00\x00\x00\x00\x00\x00\x00\x00\x00\x00\x00\x00\x00\x00\
\x00\x00\x00\x00\x00\x00\x00\x00\x00\x00\x00\x00\x00\x00\x00\x00\
\x00\x00\x00\x00\x00\x00\x00\x00\x00\x00\x00\x00\x00\x00\x00\x00\
\x00\x00\x00\x00\x00\x00\x00\x00\x00\x00\x00\x00\x00\x00\x00\x00\
\x00\x00\x00\x00\x00\x00\x00\x00\x00\x00\x00\x00\x00\x00\x00\x00\
\x00\x00\x00\x00\x00\x00\x00\x00\x00\x00\x00\x00\x00\x00\x00\x00\
\x00\x00\x00\x00\x00\x00\x00\x00\x00\x00\x00\x00\x00\x00\x00\x00\
\x00\x00\x00\x00\xd0\xcf\xd0\x06\xe9\xe8\xe9\x96\xc9\xcd\xd7\xf7\
\xe0\xe5\xf6\xfe\xe3\xe9\xfc\xfe\xe3\xea\xfd\xfe\xe3\xea\xfd\xfe\
\xe3\xea\xfd\xfe\xe4\xea\xfd\xfe\xe4\xea\xfd\xfe\xe4\xea\xfd\xfe\
\xe4\xea\xfd\xfe\xde\xe4\xf7\xfe\xc0\xc5\xd6\xfd\xcf\xd0\xd7\xec\
\xd6\xd6\xd8%\xd4\xd3\xd3\x03\x00\x00\x00\x00\x00\x00\x00\x00\
\x00\x00\x00\x00\x00\x00\x00\x00\x00\x00\x00\x00\x00\x00\x00\x00\
\x00\x00\x00\x00\x00\x00\x00\x00\x00\x00\x00\x00\x00\x00\x00\x00\
\x00\x00\x00\x00\x00\x00\x00\x00\x00\x00\x00\x00\x00\x00\x00\x00\
\x00\x00\x00\x00\x00\x00\x00\x00\x00\x00\x00\x00\x00\x00\x00\x00\
\x00\x00\x00\x00\x00\x00\x00\x00\x00\x00\x00\x00\x00\x00\x00\x00\
\x00\x00\x00\x00\x00\x00\x00\x00\x00\x00\x00\x00\x00\x00\x00\x00\
\x00\x00\x00\x00\x00\x00\x00\x00\x00\x00\x00\x00\x00\x00\x00\x00\
\x00\x00\x00\x00\xc8\xc7\xc8\x04\xdb\xda\xdcV\xb9\xbc\xc6\xf4\
\xd4\xd9\xeb\xfd\xe1\xe7\xfa\xfe\xe0\xe6\xf9\xfe\xde\xe4\xf7\xfe\
\xdf\xe5\xf8\xfe\xe2\xe8\xfc\xfe\xe3\xea\xfd\xfe\xe4\xea\xfd\xfe\
\xe4\xea\xfd\xfe\xde\xe4\xf7\xfe\xbc\xc2\xd3\xfd\xcc\xce\xd4\xf3\
\xe7\xe6\xe7{\xe3\xe2\xe2\x18\xdb\xda\xda\x02\x00\x00\x00\x00\
\x00\x00\x00\x00\x00\x00\x00\x00\x00\x00\x00\x00\x00\x00\x00\x00\
\x00\x00\x00\x00\x00\x00\x00\x00\x00\x00\x00\x00\x00\x00\x00\x00\
\x00\x00\x00\x00\x00\x00\x00\x00\x00\x00\x00\x00\x00\x00\x00\x00\
\x00\x00\x00\x00\x00\x00\x00\x00\x00\x00\x00\x00\x00\x00\x00\x00\
\x00\x00\x00\x00\x00\x00\x00\x00\x00\x00\x00\x00\x00\x00\x00\x00\
\x00\x00\x00\x00\x00\x00\x00\x00\x00\x00\x00\x00\x00\x00\x00\x00\
\x00\x00\x00\x00\x00\x00\x00\x00\x00\x00\x00\x00\x00\x00\x00\x00\
\x00\x00\x00\x00\xbd\xbc\xbd\x02\xdb\xda\xdc&\xd3\xd4\xd9\xe5\
\xbd\xc2\xd3\xfd\xde\xe4\xf7\xfe\xda\xe1\xf3\xfe\xa9\xb0\xc3\xfe\
\xc2\xc8\xdb\xfe\xdc\xe2\xf5\xfe\xe1\xe7\xfb\xfe\xe3\xe9\xfd\xfe\
\xe3\xe9\xfc\xfe\xdc\xe2\xf5\xfe\xb2\xb8\xca\xfe\xa6\xa8\xb4\xfc\
\xd9\xd9\xde\xf3\xf2\xf2\xf2\x80\xe5\xe4\xe4\x06\x00\x00\x00\x00\
\x00\x00\x00\x00\x00\x00\x00\x00\x00\x00\x00\x00\x00\x00\x00\x00\
\x00\x00\x00\x00\x00\x00\x00\x00\x00\x00\x00\x00\x00\x00\x00\x00\
\x00\x00\x00\x00\x00\x00\x00\x00\x00\x00\x00\x00\x00\x00\x00\x00\
\x00\x00\x00\x00\x00\x00\x00\x00\x00\x00\x00\x00\x00\x00\x00\x00\
\x00\x00\x00\x00\x00\x00\x00\x00\x00\x00\x00\x00\x00\x00\x00\x00\
\x00\x00\x00\x00\x00\x00\x00\x00\x00\x00\x00\x00\x00\x00\x00\x00\
\x00\x00\x00\x00\x00\x00\x00\x00\x00\x00\x00\x00\x00\x00\x00\x00\
\x00\x00\x00\x00\xcd\xcc\xcc\x01\xea\xe9\xea\x10\xea\xea\xec\xc2\
\xae\xb1\xc0\xfb\xdb\xe1\xf2\xfe\xdf\xe5\xf8\xfe\xd2\xd9\xec\xfe\
\xa0\xa6\xbc\xfe\xab\xb2\xc5\xfe\xd5\xdb\xed\xfe\xd7\xdd\xf1\xfe\
\xd8\xde\xf1\xfe\xcd\xd3\xe6\xfe\x9c\xa1\xb5\xfe\xbf\xc5\xd5\xfe\
\xaf\xb1\xbd\xf8\xf3\xf2\xf3\xb8\xeb\xea\xea\x09\x00\x00\x00\x00\
\x00\x00\x00\x00\x00\x00\x00\x00\x00\x00\x00\x00\x00\x00\x00\x00\
\x00\x00\x00\x00\x00\x00\x00\x00\x00\x00\x00\x00\x00\x00\x00\x00\
\x00\x00\x00\x00\x00\x00\x00\x00\x00\x00\x00\x00\x00\x00\x00\x00\
\x00\x00\x00\x00\x00\x00\x00\x00\x00\x00\x00\x00\x00\x00\x00\x00\
\x00\x00\x00\x00\x00\x00\x00\x00\x00\x00\x00\x00\x00\x00\x00\x00\
\x00\x00\x00\x00\x00\x00\x00\x00\x00\x00\x00\x00\x00\x00\x00\x00\
\x00\x00\x00\x00\x00\x00\x00\x00\x00\x00\x00\x00\x00\x00\x00\x00\
\x00\x00\x00\x00\xe2\xe2\xe2\x06\xf1\xf0\xf1>\xf1\xf1\xf2\xaa\
\xb9\xba\xc4\xfb\xc8\xce\xdf\xfe\xde\xe5\xf7\xfe\xdf\xe5\xf8\xfe\
\xcc\xd3\xe7\xfe\x9c\xa3\xb9\xfe\x8e\x94\xa8\xfe\x96\x9c\xb1\xfe\
\x95\x9b\xb1\xfe\x90\x96\xab\xfe\xc0\xc6\xd9\xfe\xca\xd0\xe1\xfe\
\xb9\xbb\xc5\xf7\xee\xed\xef\x8b\xe6\xe6\xe6\x08\x00\x00\x00\x00\
\x00\x00\x00\x00\x00\x00\x00\x00\x00\x00\x00\x00\x00\x00\x00\x00\
\x00\x00\x00\x00\x00\x00\x00\x00\x00\x00\x00\x00\x00\x00\x00\x00\
\x00\x00\x00\x00\x00\x00\x00\x00\x00\x00\x00\x00\x00\x00\x00\x00\
\x00\x00\x00\x00\x00\x00\x00\x00\x00\x00\x00\x00\x00\x00\x00\x00\
\x00\x00\x00\x00\x00\x00\x00\x00\x00\x00\x00\x00\x00\x00\x00\x00\
\x00\x00\x00\x00\x00\x00\x00\x00\x00\x00\x00\x00\x00\x00\x00\x00\
\x00\x00\x00\x00\x00\x00\x00\x00\x00\x00\x00\x00\x00\x00\x00\x00\
\x96\x95\x95\x01\xe8\xe8\xe8)\xeb\xec\xef\xdf\xcf\xd3\xdc\xf8\
\xbd\xc2\xcf\xfc\x94\x9c\xb2\xfe\xcd\xd4\xe9\xfe\xd8\xdf\xf2\xfe\
\xd6\xdc\xef\xfe\x9e\xa5\xb9\xfe\x9b\xa2\xb8\xfe\x9e\xa4\xbb\xfe\
\x96\x9d\xb3\xfe\xa2\xa8\xbf\xfe\xbb\xc2\xd7\xfe\xa8\xac\xbe\xfe\
\xdf\xdf\xe4\xf2\xea\xe9\xeaL\xe2\xe1\xe1\x22\xd9\xd9\xd9\x1b\
\xd6\xd6\xd6\x05\x00\x00\x00\x00\x00\x00\x00\x00\x00\x00\x00\x00\
\x00\x00\x00\x00\x00\x00\x00\x00\x00\x00\x00\x00\x00\x00\x00\x00\
\x00\x00\x00\x00\x00\x00\x00\x00\x00\x00\x00\x00\x00\x00\x00\x00\
\x00\x00\x00\x00\x00\x00\x00\x00\x00\x00\x00\x00\x00\x00\x00\x00\
\x00\x00\x00\x00\x00\x00\x00\x00\x00\x00\x00\x00\x00\x00\x00\x00\
\x00\x00\x00\x00\x00\x00\x00\x00\x00\x00\x00\x00\x00\x00\x00\x00\
\x00\x00\x00\x00\x00\x00\x00\x00\x00\x00\x00\x00\x00\x00\x00\x00\
\xcc\xcb\xcc\x03\xed\xec\xec5\xda\xdd\xe3\xedb\x82\xad\xfe\
Ew\xbd\xfeIn\xad\xfeu\x86\xae\xfe\x9a\xa4\xbf\xfe\
\xa2\xaa\xbf\xfe\xbe\xc4\xd7\xfe\x9a\xa0\xb5\xfe\xa9\xaf\xc4\xfe\
\xb0\xb6\xcb\xfe\x8f\x95\xab\xfe\x9c\xa2\xb8\xfe\xb6\xb9\xc3\xfe\
\xed\xed\xef\xf5\xed\xee\xf0\xc7\xf0\xf0\xf1\xdf\xf0\xf0\xf1\xd5\
\xdb\xda\xdb+\xc2\xc2\xc2\x01\x00\x00\x00\x00\x00\x00\x00\x00\
\x00\x00\x00\x00\x00\x00\x00\x00\x00\x00\x00\x00\x00\x00\x00\x00\
\x00\x00\x00\x00\x00\x00\x00\x00\x00\x00\x00\x00\x00\x00\x00\x00\
\x00\x00\x00\x00\x00\x00\x00\x00\x00\x00\x00\x00\x00\x00\x00\x00\
\x00\x00\x00\x00\x00\x00\x00\x00\x00\x00\x00\x00\x00\x00\x00\x00\
\x00\x00\x00\x00\x00\x00\x00\x00\x00\x00\x00\x00\x00\x00\x00\x00\
\x00\x00\x00\x00\x00\x00\x00\x00\xd1\xd0\xd0\x03\xdb\xda\xda\x08\
\xe1\xe0\xe1\x1a\xee\xed\xed^\xda\xde\xe6\xf3U\x81\xbd\xfe\
&\x7f\xea\xfe&{\xee\xfe/m\xd8\xfeJh\xab\xfe\
u\x80\x9f\xfe\x93\x9a\xaf\xfe\xce\xd4\xe7\xfe\xd9\xdf\xf2\xfe\
\xd8\xde\xf0\xfe\xaf\xb6\xcb\xfe\x81\x87\x9d\xfe\xbd\xc2\xd0\xfe\
\xaf\xb7\xcb\xfd\x9e\xaa\xc2\xfd\x93\x9f\xb8\xfc\xd7\xda\xe1\xf2\
\xe1\xe0\xe1N\xd3\xd2\xd2\x03\x00\x00\x00\x00\x00\x00\x00\x00\
\x00\x00\x00\x00\x00\x00\x00\x00\x00\x00\x00\x00\x00\x00\x00\x00\
\x00\x00\x00\x00\x00\x00\x00\x00\x00\x00\x00\x00\x00\x00\x00\x00\
\x00\x00\x00\x00\x00\x00\x00\x00\x00\x00\x00\x00\x00\x00\x00\x00\
\x00\x00\x00\x00\x00\x00\x00\x00\x00\x00\x00\x00\x00\x00\x00\x00\
\x00\x00\x00\x00\x00\x00\x00\x00\x00\x00\x00\x00\x00\x00\x00\x00\
\xd4\xd3\xd3\x03\xdf\xde\xdf\x0a\xe2\xe2\xe2;\xe4\xe5\xe8\x96\
\xde\xe1\xe7\xd7\xc5\xca\xd7\xf2\xa8\xb2\xc6\xfaSv\xb0\xfe\
&}\xef\xfe${\xf9\xfe't\xf6\xfe+h\xe0\xfe\
Je\xa5\xfe\x90\x97\xb2\xfe\xa5\xab\xc0\xfe\xd8\xdf\xf1\xfe\
\xd9\xdf\xf2\xfe\xac\xb3\xc8\xfe{\x85\xa2\xfeNl\xaf\xfe\
;n\xd1\xfe5p\xd7\xfeFw\xc5\xfe\xbe\xc3\xcf\xf7\
\xe3\xe2\xe4_\xe1\xe0\xe1\x0e\xdb\xdb\xdb\x03\x00\x00\x00\x00\
\x00\x00\x00\x00\x00\x00\x00\x00\x00\x00\x00\x00\x00\x00\x00\x00\
\x00\x00\x00\x00\x00\x00\x00\x00\x00\x00\x00\x00\x00\x00\x00\x00\
\x00\x00\x00\x00\x00\x00\x00\x00\x00\x00\x00\x00\x00\x00\x00\x00\
\x00\x00\x00\x00\x00\x00\x00\x00\x00\x00\x00\x00\x00\x00\x00\x00\
\x00\x00\x00\x00\x00\x00\x00\x00\x00\x00\x00\x00\xdc\xdc\xdc\x05\
\xdf\xde\xdf\x1e\xea\xeb\xec\xa1\xdb\xde\xe6\xe9\x9c\xa7\xc1\xf7\
_{\xb3\xfbBn\xbd\xfd7f\xc1\xfd9`\xad\xfe\
)s\xe3\xfe&r\xf2\xfe(o\xf4\xfe+k\xe7\xfe\
Bb\xaa\xfe{\x84\x9e\xfe\x80\x86\x9c\xfe\xb0\xb7\xca\xfe\
\xbd\xc3\xd7\xfe\x89\x8f\xa6\xfe[l\x99\xfe1l\xdf\xfe\
(q\xef\xfe't\xee\xfe@o\xbe\xfe\x8d\x9b\xb6\xfa\
\xcd\xd2\xdd\xed\xe9\xe9\xed\x9b\xe0\xe0\xe2\x15\xdd\xdc\xdd\x03\
\x00\x00\x00\x00\x00\x00\x00\x00\x00\x00\x00\x00\x00\x00\x00\x00\
\x00\x00\x00\x00\x00\x00\x00\x00\x00\x00\x00\x00\x00\x00\x00\x00\
\x00\x00\x00\x00\x00\x00\x00\x00\x00\x00\x00\x00\x00\x00\x00\x00\
\x00\x00\x00\x00\x00\x00\x00\x00\x00\x00\x00\x00\x00\x00\x00\x00\
\x00\x00\x00\x00\x00\x00\x00\x00\xe0\xdf\xdf\x05\xe5\xe5\xe66\
\xeb\xec\xf0\xcf\xc3\xc9\xd7\xf7f~\xb4\xfc8k\xd1\xfe\
*k\xe1\xfe%g\xe2\xfe#c\xdd\xfe*]\xc7\xfe\
4c\xbd\xfe,m\xe7\xfe/d\xd6\xfe;f\xc6\xfe\
jz\xa5\xfe\xa9\xb2\xca\xfe\xba\xc1\xd6\xfe\xaa\xb1\xc7\xfe\
\xa1\xa8\xbd\xfe\xa5\xac\xc4\xfe|\x87\xa7\xfeKm\xb7\xfe\
0g\xd7\xfe-m\xe2\xfe;f\xb8\xfe7v\xdf\xfd\
W{\xc0\xfc\xb6\xbe\xd1\xf4\xe7\xe9\xee\x9c\xe2\xe2\xe4\x0b\
\x00\x00\x00\x00\x00\x00\x00\x00\x00\x00\x00\x00\x00\x00\x00\x00\
\x00\x00\x00\x00\x00\x00\x00\x00\x00\x00\x00\x00\x00\x00\x00\x00\
\x00\x00\x00\x00\x00\x00\x00\x00\x00\x00\x00\x00\x00\x00\x00\x00\
\x00\x00\x00\x00\x00\x00\x00\x00\x00\x00\x00\x00\x00\x00\x00\x00\
\x00\x00\x00\x00\xd9\xd8\xd8\x03\xe3\xe3\xe4\x1e\xea\xeb\xf0\xc9\
\xb1\xba\xcf\xf8Pw\xc5\xfe2s\xed\xfe*r\xf6\xfe\
'r\xf8\xfe'r\xf9\xfe)q\xf4\xfe-k\xe5\xfe\
Ab\xaa\xfeQp\xb2\xfeq\x84\xb2\xfe\xa1\xac\xc8\xfe\
\xc9\xd1\xe7\xfe\xda\xe1\xf4\xfe\xdd\xe4\xf7\xfe\xdc\xe2\xf5\xfe\
\xd9\xdf\xf2\xfe\xcf\xd6\xea\xfe\xbb\xc3\xdc\xfe\x9f\xaa\xc7\xfe\
gy\xa5\xfeDc\xa7\xfe1m\xe0\xfe+q\xf4\xfe\
1t\xf2\xfeV{\xc4\xfc\xce\xd3\xe0\xeb\xe4\xe5\xe97\
\xd7\xd6\xd7\x02\x00\x00\x00\x00\x00\x00\x00\x00\x00\x00\x00\x00\
\x00\x00\x00\x00\x00\x00\x00\x00\x00\x00\x00\x00\x00\x00\x00\x00\
\x00\x00\x00\x00\x00\x00\x00\x00\x00\x00\x00\x00\x00\x00\x00\x00\
\x00\x00\x00\x00\x00\x00\x00\x00\x00\x00\x00\x00\x00\x00\x00\x00\
\x00\x00\x00\x00\xe1\xe0\xe1\x08\xeb\xeb\xef\x94\xbc\xc4\xd4\xf6\
Nz\xc9\xfd/v\xf4\xfe*r\xfa\xfe*r\xfa\xfe\
*q\xf7\xfe-r\xf3\xfe5s\xec\xfeJt\xc9\xfe\
\x8e\x9c\xbf\xfe\xc3\xcb\xe3\xfe\xd2\xda\xef\xfe\xdc\xe3\xf6\xfe\
\xe1\xe7\xfa\xfe\xe2\xe9\xfc\xfe\xe3\xea\xfd\xfe\xe3\xe9\xfc\xfe\
\xe2\xe9\xfc\xfe\xe1\xe7\xfb\xfe\xdd\xe3\xf6\xfe\xc7\xcf\xe5\xfe\
\xac\xb5\xcf\xfes\x85\xb0\xfe:o\xdc\xfe,q\xf7\xfe\
+q\xf8\xfe;u\xe8\xfd\x99\xa5\xc4\xf5\xdd\xde\xe3k\
\xdb\xda\xdb\x05\x00\x00\x00\x00\x00\x00\x00\x00\x00\x00\x00\x00\
\x00\x00\x00\x00\x00\x00\x00\x00\x00\x00\x00\x00\x00\x00\x00\x00\
\x00\x00\x00\x00\x00\x00\x00\x00\x00\x00\x00\x00\x00\x00\x00\x00\
\x00\x00\x00\x00\x00\x00\x00\x00\x00\x00\x00\x00\x00\x00\x00\x00\
\xbe\xbe\xbe\x02\xde\xde\xdf-\xdf\xe3\xea\xe7i\x89\xbe\xfb\
.{\xf0\xfe)t\xfa\xfe*r\xfb\xfe+o\xf4\xfe\
5i\xcf\xfeGk\xb8\xfex\x8d\xbe\xfe\xb4\xbf\xdb\xfe\
\xd6\xdf\xf4\xfe\xdf\xe5\xf9\xfe\xe2\xe9\xfc\xfe\xe3\xe9\xfc\xfe\
\xe4\xea\xfd\xfe\xe4\xea\xfd\xfe\xe4\xea\xfd\xfe\xe4\xea\xfd\xfe\
\xe4\xea\xfd\xfe\xe3\xea\xfd\xfe\xe2\xe8\xfb\xfe\xe0\xe6\xf9\xfe\
\xcd\xd4\xea\xfe\xad\xb8\xd4\xfeg\x7f\xb3\xfe3p\xeb\xfe\
+o\xf8\xfe1q\xf3\xfem\x88\xc0\xf8\xd6\xd9\xe2\x94\
\xd9\xd9\xdc\x0c\xd8\xd8\xd8\x03\xc4\xc4\xc4\x03\xbc\xbc\xbc\x01\
\x00\x00\x00\x00\x00\x00\x00\x00\x00\x00\x00\x00\x00\x00\x00\x00\
\x00\x00\x00\x00\x00\x00\x00\x00\x00\x00\x00\x00\x00\x00\x00\x00\
\xe0\xdf\xdf\x17\xdd\xdc\xdc\x0d\xd7\xd6\xd6\x0a\xd5\xd4\xd4\x08\
\xdb\xda\xda\x0a\xe0\xe0\xe1h\xbc\xc5\xd5\xf5@\x7f\xd8\xfe\
'z\xf6\xfe)t\xf9\xfe+p\xf5\xfe2f\xd1\xfe\
@`\xa8\xfe\x86\x93\xb2\xfe\xd2\xda\xf0\xfe\xde\xe4\xf9\xfe\
\xe2\xe8\xfc\xfe\xe3\xea\xfd\xfe\xe4\xea\xfd\xfe\xe4\xea\xfd\xfe\
\xe4\xea\xfd\xfe\xe4\xea\xfd\xfe\xe4\xea\xfd\xfe\xe4\xea\xfd\xfe\
\xe4\xea\xfd\xfe\xe4\xea\xfd\xfe\xe4\xea\xfd\xfe\xe2\xe9\xfc\xfe\
\xe0\xe7\xfa\xfe\xcc\xd3\xe9\xfe\xa1\xab\xc9\xfeNn\xb5\xfe\
/n\xec\xfe.o\xf3\xfeFt\xd2\xfc\xb9\xc1\xd3\xeb\
\xe3\xe4\xe8N\xea\xea\xebO\xeb\xeb\xedL\xdf\xde\xe0\x1a\
\xd9\xd8\xd8\x03\x00\x00\x00\x00\x00\x00\x00\x00\x00\x00\x00\x00\
\x00\x00\x00\x00\x00\x00\x00\x00\x00\x00\x00\x00\x00\x00\x00\x00\
\xfb\xfa\xfa\xd1\xf6\xf5\xf5\xbb\xf2\xf1\xf1\xb2\xe7\xe6\xe6\x86\
\xe4\xe3\xe3\x83\xeb\xeb\xed\xc0\xa0\xb0\xc9\xf94\x83\xe6\xfe\
%y\xf1\xfe,n\xe5\xfe2c\xc6\xfe5Z\xaf\xfe\
Nj\xac\xfe\xc2\xca\xe1\xfe\xdf\xe5\xf8\xfe\xe3\xea\xfd\xfe\
\xe4\xea\xfd\xfe\xe4\xea\xfd\xfe\xe4\xea\xfd\xfe\xe4\xea\xfd\xfe\
\xe4\xea\xfd\xfe\xe4\xea\xfd\xfe\xe3\xea\xfd\xfe\xe1\xe7\xfa\xfe\
\xde\xe4\xf8\xfe\xdc\xe2\xf6\xfe\xdf\xe5\xf8\xfe\xe2\xe8\xfb\xfe\
\xe2\xe9\xfb\xfe\xdf\xe5\xf8\xfe\xc1\xc9\xe0\xfey\x85\xa7\xfe\
Aa\xa9\xfe/j\xe1\xfe5s\xed\xfdv\x8d\xbe\xf9\
\xe8\xea\xf0\xe4\xef\xf0\xf4\xee\xe0\xe3\xec\xed\xf0\xef\xf1\xae\
\xe6\xe5\xe6\x0c\x00\x00\x00\x00\x00\x00\x00\x00\x00\x00\x00\x00\
\x00\x00\x00\x00\x00\x00\x00\x00\x00\x00\x00\x00\x00\x00\x00\x00\
\xf6\xf6\xf8\xfc\xf6\xf5\xf8\xfb\xf5\xf5\xf7\xf9\xf4\xf3\xf5\xf8\
\xf3\xf3\xf5\xf8\xea\xeb\xef\xfa\x95\xa9\xc5\xfd0\x84\xe4\xfe\
.n\xc9\xfe1\x5c\xb4\xfe(X\xc4\xfe+[\xcb\xfe\
s\x86\xb4\xfe\xd5\xdc\xf2\xfe\xe2\xe8\xfb\xfe\xe4\xea\xfd\xfe\
\xe4\xea\xfd\xfe\xe3\xe9\xfd\xfe\xe3\xe9\xfd\xfe\xe2\xe8\xfd\xfe\
\xe3\xe9\xfd\xfe\xe3\xe9\xfd\xfe\xe2\xe8\xfb\xfe\xdb\xe1\xf4\xfe\
\xb4\xba\xd1\xfe\xa0\xa5\xc0\xfe\xba\xbf\xd6\xfe\xdd\xe3\xf6\xfe\
\xe2\xe8\xfb\xfe\xe2\xe8\xfb\xfe\xd7\xde\xf1\xfe\x9d\xa7\xc3\xfe\
Aa\xab\xfe5b\xbe\xfe0q\xed\xfe[~\xc6\xfe\
\xe0\xe3\xeb\xfd\xef\xf0\xf4\xfd\xd0\xd5\xe4\xfd\xef\xef\xf4\xec\
\xf1\xf1\xf1B\xe5\xe5\xe5\x08\xd2\xd2\xd2\x03\xca\xc9\xc9\x03\
\xc5\xc6\xc8\x02\xc8\xc8\xca\x03\xc5\xc5\xc7\x02\x00\x00\x00\x00\
\xda\xde\xea\xfe\xdb\xdf\xea\xfe\xdd\xe1\xec\xfe\xdf\xe1\xec\xfe\
\xdf\xe2\xec\xfe\xd7\xdb\xe5\xfe\x91\xa3\xbf\xfe2\x83\xd5\xfe\
1c\xb0\xfe%f\xde\xfe$`\xe0\xfe/^\xcb\xfe\
\x8f\x9d\xc2\xfe\xd9\xe0\xf4\xfe\xe4\xea\xfd\xfe\xe4\xea\xfd\xfe\
\xe3\xe9\xfd\xfe\xe2\xe8\xfd\xfe\xdd\xe3\xfd\xfe\xd8\xdc\xfd\xfe\
\xdd\xe2\xfd\xfe\xe2\xe8\xfd\xfe\xdf\xe5\xf8\xfe\xb9\xbf\xd5\xfe\
\x9e\xa1\xca\xfe\xb4\xb5\xe7\xfe\x9b\x9f\xc4\xfe\xc5\xcb\xe0\xfe\
\xe1\xe7\xfa\xfe\xe3\xe9\xfd\xfe\xdf\xe5\xf8\xfe\xb9\xc2\xdd\xfe\
Mi\xac\xfe6^\xaf\xfe3s\xe6\xfeq\x8c\xbf\xfe\
\xe8\xea\xf0\xfd\xee\xef\xf4\xfd\xdb\xdf\xea\xfe\xdf\xe2\xec\xf8\
\xf7\xf6\xf8\xb6\xed\xec\xedc\xec\xeb\xecv\xe4\xe4\xe7\x17\
\xe8\xe8\xed6\xe0\xe2\xe7d\xe5\xe6\xeb\x19\xeb\xeb\xeb\x02\
\xdf\xe2\xec\xfd\xe1\xe4\xed\xfd\xe5\xe7\xef\xfd\xe8\xea\xf0\xfe\
\xeb\xed\xf2\xfe\xe5\xe8\xee\xfe\xa1\xaf\xc3\xfe?p\xa9\xfe\
$u\xda\xfe$x\xf3\xfe$h\xeb\xfe2`\xcb\xfe\
\x9a\xa7\xc9\xfe\xdb\xe2\xf5\xfe\xe4\xea\xfd\xfe\xe4\xea\xfd\xfe\
\xe3\xea\xfd\xfe\xe1\xe7\xfd\xfe\xcc\xcf\xfd\xfe\xc7\xc9\xfd\xfe\
\xca\xcc\xfd\xfe\xdc\xe2\xfd\xfe\xdf\xe5\xf8\xfe\xae\xb4\xc9\xfe\
\x96\x99\xc3\xfe\xa2\xa4\xd5\xfe\x9a\x9d\xc6\xfe\xb9\xbf\xd5\xfe\
\xdf\xe5\xfa\xfe\xe2\xe7\xfd\xfe\xdf\xe5\xfb\xfe\xc7\xd0\xea\xfe\
To\xb0\xfe5[\xaa\xfe>p\xc4\xfe\xa7\xb1\xc9\xfe\
\xdb\xde\xe9\xf0\xea\xeb\xf2\xf0\xdf\xe2\xec\xfe\xe1\xe3\xec\xfc\
\xee\xef\xf3\xf8\xf3\xf3\xf7\xf4\xf6\xf6\xf7\xf1\xee\xef\xf2\xcb\
\xdc\xdf\xea\xe9\xdc\xe0\xea\xee\xef\xf0\xf1{\xf2\xf1\xf2\x07\
\xf0\xf0\xf4\xd7\xee\xef\xf4\xe9\xed\xee\xf2\xee\xeb\xec\xf2\xf1\
\xe8\xe9\xf0\xf6\xdb\xde\xe8\xf9\x93\xa5\xbc\xfd,\x8c\xda\xfe\
\x1c\x8a\xf5\xfe \x81\xf9\xfe$p\xf2\xfe1b\xcf\xfe\
\x95\xa3\xc7\xfe\xdb\xe2\xf5\xfe\xe4\xea\xfd\xfe\xe4\xea\xfd\xfe\
\xe3\xea\xfd\xfe\xe2\xe7\xfd\xfe\xd5\xd9\xfd\xfe\xc9\xcc\xfb\xfe\
\xc9\xcd\xf8\xfe\xd9\xdf\xf7\xfe\xdd\xe4\xf7\xfe\xd6\xdd\xef\xfe\
\xb6\xbc\xd2\xfe\xa3\xa8\xc1\xfe\xa6\xac\xc4\xfe\xd6\xdd\xf0\xfe\
\xdd\xe2\xfa\xfe\xd2\xd5\xfc\xfe\xcf\xd3\xfb\xfe\xc4\xcc\xec\xfe\
Qo\xb5\xfe,\x5c\xc1\xfeIf\x9d\xfe\xb8\xbf\xd0\xfe\
\xcb\xd0\xdf\xfd\xd7\xdc\xe8\xfd\xdd\xdf\xeb\xfe\xef\xf0\xf5\xfe\
\xda\xde\xea\xfe\xd5\xda\xe8\xfe\xe7\xe9\xf1\xfd\xde\xe1\xeb\xfc\
\xe1\xe4\xee\xfd\xea\xec\xf2\xf9\xf5\xf5\xf7\xb0\xef\xef\xf0>\
\xe7\xe7\xe9\x14\xed\xec\xee-\xef\xef\xf02\xf0\xf0\xf1J\
\xf0\xef\xf1i\xe6\xe7\xea\xbf\x8a\xa5\xbe\xfb#\x9b\xe9\xfe\
\x17\x92\xf9\xfe\x1d\x88\xfc\xfe#z\xf7\xfe-h\xdc\xfe\
\x80\x92\xbe\xfe\xd8\xdf\xf4\xfe\xe3\xe9\xfd\xfe\xe4\xea\xfd\xfe\
\xe4\xea\xfd\xfe\xe3\xe8\xfd\xfe\xe2\xe7\xfd\xfe\xdd\xe2\xf9\xfe\
\xbe\xc4\xda\xfe\xa4\xaa\xbf\xfe\xdc\xe2\xf5\xfe\xe1\xe7\xfb\xfe\
\xde\xe4\xf8\xfe\xdc\xe2\xf5\xfe\xdb\xe1\xf4\xfe\xd7\xde\xf0\xfe\
\xd3\xd8\xf2\xfe\xc8\xcb\xf9\xfe\xc6\xc9\xf9\xfe\xb1\xb9\xe2\xfe\
Bh\xbb\xfe\x22_\xd0\xfe2f\xbe\xfe\x85\x93\xb2\xfe\
\xcd\xd2\xe1\xfe\xec\xed\xf2\xfe\xf3\xf4\xf6\xfe\xf8\xf7\xf9\xfe\
\xe8\xea\xf1\xfe\xe9\xea\xf1\xfe\xdf\xe3\xec\xfe\xf2\xf3\xf6\xfe\
\xde\xe1\xeb\xfe\xec\xee\xf3\xfd\xeb\xed\xf2\xf8\xe6\xe8\xef\xec\
\x00\x00\x00\x00\xbe\xbd\xbd\x01\xd4\xd3\xd3\x02\xdf\xdf\xdf\x03\
\xe2\xe2\xe2\x09\xdf\xdf\xe0{\x98\xae\xc1\xf6)\x9e\xe3\xfd\
\x16\x99\xf6\xfe\x1b\x8d\xfb\xfe \x82\xfa\xfe)r\xed\xfe\
[x\xb8\xfe\xcd\xd6\xee\xfe\xe1\xe7\xfa\xfe\xe4\xea\xfd\xfe\
\xe4\xea\xfd\xfe\xe4\xea\xfd\xfe\xe3\xe9\xfd\xfe\xdf\xe5\xf8\xfe\
\xb1\xb7\xca\xfe\xa3\xa8\xb9\xfe\xdb\xe1\xf4\xfe\xe3\xe9\xfd\xfe\
\xe4\xea\xfd\xfe\xe4\xea\xfd\xfe\xde\xe4\xf7\xfe\xa6\xac\xc0\xfe\
\xa1\xa7\xbb\xfe\xd9\xdf\xf7\xfe\xd4\xda\xf5\xfe\x98\xa5\xc8\xfe\
1c\xc8\xfe\x1eb\xd2\xfe)l\xcf\xfer\x88\xaf\xfe\
\xe0\xe2\xea\xfe\xf4\xf4\xf7\xfe\xfb\xfa\xfa\xfe\xfb\xfa\xfb\xfe\
\xfb\xfa\xfa\xfe\xfa\xf9\xfa\xfe\xfa\xf9\xfa\xfe\xf5\xf6\xf8\xfe\
\xde\xe2\xec\xfe\xe1\xe4\xee\xfe\xea\xeb\xf2\xfd\xf0\xf0\xf5\xfd\
\x00\x00\x00\x00\x00\x00\x00\x00\x00\x00\x00\x00\x00\x00\x00\x00\
\xc5\xc5\xc5\x03\xd9\xd9\xda3\xd3\xda\xe1\xe4`\x93\xba\xfa\
\x22\x96\xe3\xfd\x19\x92\xf7\xfe\x1e\x87\xfc\xfe%{\xf6\xfe\
<o\xd2\xfe\xa3\xaf\xce\xfe\xdb\xe2\xf7\xfe\xe2\xe9\xfc\xfe\
\xe4\xea\xfd\xfe\xe4\xea\xfd\xfe\xe2\xe8\xfb\xfe\xd9\xe0\xf2\xfe\
\xd1\xd8\xea\xfe\xce\xd4\xe5\xfe\xdf\xe5\xf8\xfe\xe3\xe9\xfd\xfe\
\xe4\xea\xfd\xfe\xe4\xea\xfd\xfe\xde\xe4\xf7\xfe\xb0\xb5\xc8\xfe\
\xc0\xc5\xd6\xfe\xdb\xe2\xf5\xfe\xcc\xd5\xed\xfeaz\xb3\xfe\
&a\xd2\xfe\x22f\xd2\xfeOv\xb3\xfe\xb6\xbe\xcf\xfe\
\xd2\xd6\xe4\xfe\xe7\xe9\xf0\xfe\xfb\xfa\xfa\xfe\xfd\xfc\xfc\xfe\
\xfd\xfc\xfc\xfe\xfc\xfb\xfc\xfe\xfb\xfa\xfb\xfe\xf6\xf6\xf8\xfe\
\xef\xf0\xf4\xfe\xeb\xec\xf2\xfe\xec\xed\xf2\xfd\xeb\xec\xf2\xfd\
\x00\x00\x00\x00\x00\x00\x00\x00\x00\x00\x00\x00\x00\x00\x00\x00\
\x00\x00\x00\x00\xdd\xdd\xde\x07\xe8\xe9\xebs\xce\xd8\xe1\xeb\
L\x8b\xbb\xfd\x1a\x97\xf3\xfe\x1b\x8c\xfc\xfe!\x80\xfa\xfe\
.w\xf2\xfe\x5c|\xbe\xfe\xc5\xcf\xe8\xfe\xde\xe5\xf8\xfe\
\xe3\xe9\xfd\xfe\xe4\xea\xfd\xfe\xe2\xe8\xfc\xfe\xcd\xd4\xe6\xfe\
\xa6\xac\xbf\xfe\xd6\xdc\xef\xfe\xe2\xe8\xfc\xfe\xe4\xea\xfd\xfe\
\xe4\xea\xfd\xfe\xe2\xe8\xfc\xfe\xde\xe5\xf7\xfe\xdb\xe1\xf3\xfe\
\xd9\xdf\xf1\xfe\xd6\xdd\xf1\xfe\x96\xa3\xc5\xfe6d\xc3\xfe\
$a\xd2\xfe2l\xc5\xfe\xa1\xad\xc3\xfe\xe0\xe2\xec\xfe\
\xd9\xdc\xe8\xfe\xeb\xec\xf2\xfe\xf9\xf8\xf9\xfe\xfc\xfb\xfb\xfe\
\xfb\xfa\xfb\xfe\xf9\xf8\xf9\xfe\xf1\xf2\xf6\xfe\xf0\xf0\xf5\xfe\
\xd3\xd7\xe6\xfe\xe0\xe2\xec\xfc\xe5\xe7\xef\xf4\xea\xeb\xf0\xe9\
\x00\x00\x00\x00\x00\x00\x00\x00\x00\x00\x00\x00\x00\x00\x00\x00\
\x00\x00\x00\x00\xda\xd9\xd9\x02\xe5\xe4\xe5\x0f\xe7\xe9\xed\xbe\
~\x9d\xb9\xfa#\x99\xea\xfe\x1c\x8e\xf6\xfe!\x83\xf7\xfe\
)w\xf2\xfe9s\xe1\xfew\x8c\xb9\xfe\xce\xd6\xec\xfe\
\xde\xe4\xf8\xfe\xe2\xe8\xfc\xfe\xe2\xe8\xfc\xfe\xde\xe5\xf8\xfe\
\xd0\xd6\xe9\xfe\xd8\xde\xf1\xfe\xe2\xe8\xfb\xfe\xe4\xea\xfd\xfe\
\xe4\xea\xfd\xfe\xe2\xe8\xfb\xfe\xd1\xd8\xeb\xfe\xb0\xb7\xc9\xfe\
\xc7\xcd\xe0\xfe\xb1\xb8\xce\xfeTo\xae\xfe:g\xc8\xfe\
@j\xbd\xfe\x82\x93\xb6\xfe\xdc\xe0\xe9\xfe\xd4\xd8\xe5\xfe\
\xdc\xe0\xeb\xfe\xd9\xdc\xe9\xfe\xf4\xf4\xf6\xfe\xfa\xf9\xfa\xfe\
\xee\xef\xf4\xfe\xed\xee\xf3\xfe\xd6\xdb\xe8\xfd\xdd\xe0\xeb\xfc\
\xd8\xdc\xe8\xfb\xd9\xdc\xe8\xf5\xea\xeb\xee\x91\xe7\xe7\xea+\
\x00\x00\x00\x00\x00\x00\x00\x00\x00\x00\x00\x00\x00\x00\x00\x00\
\x00\x00\x00\x00\x00\x00\x00\x00\xe2\xe2\xe2\x06\xe9\xe9\xebp\
\xca\xd3\xdc\xf2[\x91\xbc\xfc7\x8d\xdc\xfd:\x86\xde\xfe\
O}\xc6\xfeMv\xc4\xfeSp\xaf\xfe}\x89\xa9\xfe\
\xc2\xcb\xe3\xfe\xd7\xde\xf3\xfe\xde\xe4\xf7\xfe\xe1\xe7\xfa\xfe\
\xe1\xe8\xfa\xfe\xe2\xe8\xfc\xfe\xe3\xe9\xfc\xfe\xe3\xea\xfd\xfe\
\xe3\xe9\xfd\xfe\xe1\xe7\xfa\xfe\xcb\xd2\xe6\xfe\xb8\xbf\xd5\xfe\
\xa6\xad\xc0\xfe\x84\x8a\x9e\xfe\xa0\xa6\xba\xfe\xa0\xa7\xbd\xfe\
\xbb\xc0\xcf\xfe\xe5\xe7\xed\xfe\xf3\xf2\xf5\xfe\xf6\xf5\xf7\xfe\
\xf5\xf5\xf8\xfe\xe5\xe7\xf0\xfe\xee\xef\xf4\xfe\xf5\xf5\xf7\xfd\
\xdd\xe1\xeb\xfc\xd9\xdc\xe8\xfc\xd8\xdd\xe8\xf6\xf1\xf1\xf4\xd6\
\xed\xed\xf1\xc2\xe1\xe2\xe9\xa8\xdc\xdc\xe04\xe4\xe5\xe7\x04\
\x00\x00\x00\x00\x00\x00\x00\x00\x00\x00\x00\x00\x00\x00\x00\x00\
\x00\x00\x00\x00\x00\x00\x00\x00\xd7\xd6\xd6\x02\xe9\xe9\xea\x13\
\xec\xef\xf1\x96\xda\xe0\xe6\xe9\xb7\xc3\xd1\xf1\xb6\xc1\xd1\xf2\
\xd1\xd8\xe4\xf5\xc8\xcd\xda\xf9\x9b\xa4\xbb\xfdGo\xc3\xfe\
Yu\xb2\xfe\x81\x8b\xa9\xfe\xc0\xc8\xe0\xfe\xcc\xd3\xe8\xfe\
\xd4\xda\xee\xfe\xd8\xdf\xf1\xfe\xdb\xe2\xf4\xfe\xdc\xe2\xf6\xfe\
\xd9\xe0\xf5\xfe\xd0\xd8\xef\xfe\xb4\xbe\xd8\xfez\x8a\xb1\xfe\
du\xa0\xfe\xce\xd0\xd8\xfe\xe5\xe5\xe8\xfe\xcf\xd0\xd7\xfe\
\xbe\xbf\xc9\xfe\xd6\xd6\xdc\xfe\xf5\xf5\xf5\xfe\xfc\xfb\xfb\xfe\
\xfa\xfa\xfa\xfe\xed\xee\xf4\xfe\xe8\xe9\xf1\xfe\xeb\xed\xf2\xfb\
\xe7\xe9\xf0\xf2\xf0\xf1\xf3\xc0\xe6\xe7\xee\xa4\xe2\xe2\xe5)\
\xda\xda\xdc\x11\xcf\xcf\xd2\x0c\xcd\xce\xd2\x04\x00\x00\x00\x00\
\x00\x00\x00\x00\x00\x00\x00\x00\x00\x00\x00\x00\x00\x00\x00\x00\
\x00\x00\x00\x00\x00\x00\x00\x00\x00\x00\x00\x00\xe3\xe3\xe3\x03\
\xe9\xe9\xea\x0a\xee\xee\xef6\xec\xec\xeeJ\xec\xec\xeeJ\
\xef\xef\xf0W\xef\xef\xf0\xbf\xb2\xb9\xcb\xf7Cq\xcd\xfe\
<a\xb0\xfe<h\xc4\xfeUl\xa3\xfeo~\xa6\xfe\
{\x86\xa4\xfe\x89\x94\xaf\xfe\xa2\xac\xc9\xfe\xa1\xad\xcd\xfe\
\x8b\x9a\xc1\xfeh~\xb4\xfeHh\xb6\xfeEi\xbb\xfe\
\x96\xa0\xba\xfe\xe7\xe8\xec\xfe\xba\xbc\xc5\xfe\x9d\xa3\xb6\xfe\
\xa5\xac\xc1\xfe\x9a\x9d\xaf\xfe\xe9\xe9\xec\xfe\xfc\xfb\xfb\xfe\
\xfb\xfa\xfb\xfe\xf3\xf3\xf6\xfe\xe1\xe4\xee\xfe\xe0\xe3\xed\xfa\
\xee\xee\xf2\x8c\xe8\xe9\xec\x17\xe6\xe6\xe9\x07\xda\xda\xde\x03\
\x00\x00\x00\x00\x00\x00\x00\x00\x00\x00\x00\x00\x00\x00\x00\x00\
\x00\x00\x00\x00\x00\x00\x00\x00\x00\x00\x00\x00\x00\x00\x00\x00\
\x00\x00\x00\x00\x00\x00\x00\x00\x00\x00\x00\x00\x00\x00\x00\x00\
\x00\x00\x00\x00\xd7\xd6\xd6\x02\xdb\xda\xda\x03\xe2\xe1\xe1\x03\
\xea\xe9\xe9\x07\xe9\xe8\xea6\xc6\xcf\xda\xedNv\xb6\xfd\
6k\xc5\xfe.n\xe4\xfe:`\xb0\xfe3c\xc8\xfe\
>^\xa4\xfe@_\xa5\xfe;b\xb9\xfe5c\xc9\xfe\
2b\xd1\xfe4a\xc8\xfeTn\xad\xfe\x9b\xa4\xbe\xfe\
\xe5\xe8\xee\xfe\xee\xee\xf1\xfe\xa7\xaa\xb6\xfe\xa3\xa9\xbe\xfe\
\x96\x9b\xb0\xfe\x98\x9c\xad\xfe\xdc\xdc\xe1\xfe\xfa\xf9\xfa\xfe\
\xfd\xfc\xfc\xfe\xf6\xf6\xf8\xfe\xdb\xdf\xea\xfe\xe0\xe2\xed\xfa\
\xf7\xf6\xf8\xb0\xf3\xf2\xf3\x14\xec\xeb\xeb\x02\x00\x00\x00\x00\
\x00\x00\x00\x00\x00\x00\x00\x00\x00\x00\x00\x00\x00\x00\x00\x00\
\x00\x00\x00\x00\x00\x00\x00\x00\x00\x00\x00\x00\x00\x00\x00\x00\
\x00\x00\x00\x00\x00\x00\x00\x00\x00\x00\x00\x00\x00\x00\x00\x00\
\x00\x00\x00\x00\x00\x00\x00\x00\x00\x00\x00\x00\x00\x00\x00\x00\
\x00\x00\x00\x00\xdd\xdc\xde\x0e\xe0\xe6\xeb\xb4r\xc4\xe2\xf7\
A\x99\xdb\xfc8u\xd1\xfe2o\xcc\xfe-r\xdc\xfe\
0n\xcc\xfe.n\xd3\xfe/q\xcd\xfe,q\xeb\xfe\
2k\xdf\xfeZu\xb3\xfe\xcd\xd1\xde\xfe\xf0\xf0\xf3\xfe\
\xf8\xf7\xf9\xfd\xf4\xf4\xf5\xfd\xbc\xbe\xc7\xfe\xaa\xac\xb8\xfe\
\xd7\xd8\xde\xfe\xd1\xd2\xd8\xfe\xcf\xd0\xd6\xfe\xf5\xf4\xf6\xfe\
\xfb\xfa\xfa\xfe\xf8\xf8\xf9\xfe\xdb\xdf\xeb\xfe\xea\xec\xf2\xfc\
\xfa\xf9\xfa\xf4\xf6\xf5\xf5z\xf3\xf2\xf2\x07\x00\x00\x00\x00\
\x00\x00\x00\x00\x00\x00\x00\x00\x00\x00\x00\x00\x00\x00\x00\x00\
\x00\x00\x00\x00\x00\x00\x00\x00\x00\x00\x00\x00\x00\x00\x00\x00\
\x00\x00\x00\x00\x00\x00\x00\x00\x00\x00\x00\x00\x00\x00\x00\x00\
\x00\x00\x00\x00\x00\x00\x00\x00\x00\x00\x00\x00\x00\x00\x00\x00\
\x00\x00\x00\x00\xd4\xd6\xd6\x04\xd1\xde\xe2.\xd3\xe9\xf1\xba\
\xc1\xdb\xe8\xf1[\xb3\xdd\xfb2\x96\xe9\xfe(\x92\xee\xfe\
%\x9e\xef\xfe*\x81\xee\xfe0\xaf\xe9\xfeI\x84\xcd\xfe\
p\x87\xb8\xfe\xc8\xcd\xdb\xfe\xf3\xf3\xf6\xfe\xfc\xfb\xfb\xfe\
\xfc\xfb\xfb\xfc\xf5\xf4\xf5\xf9\xd8\xd8\xdd\xfe\xb8\xbb\xc4\xfe\
\xea\xef\xf2\xfe\xe8\xeb\xef\xfe\xc7\xc9\xcf\xfe\xd5\xd6\xdb\xfe\
\xf3\xf2\xf4\xfe\xf2\xf6\xf8\xfe\xe9\xf0\xf5\xfe\xf0\xf5\xf8\xfe\
\xf9\xfa\xfb\xfb\xfb\xfa\xfa\xde\xf3\xf2\xf2&\xdd\xdc\xdc\x02\
\x00\x00\x00\x00\x00\x00\x00\x00\x00\x00\x00\x00\x00\x00\x00\x00\
\x00\x00\x00\x00\x00\x00\x00\x00\x00\x00\x00\x00\x00\x00\x00\x00\
\x00\x00\x00\x00\x00\x00\x00\x00\x00\x00\x00\x00\x00\x00\x00\x00\
\x00\x00\x00\x00\x00\x00\x00\x00\x00\x00\x00\x00\x00\x00\x00\x00\
\x00\x00\x00\x00\x00\x00\x00\x00\xcf\xd8\xdc\x04\xd6\xde\xe1\x11\
\xe0\xe9\xecm\xce\xe6\xf1\xf0}\xa1\xc5\xfaH\x88\xcc\xfe\
>\x8b\xd9\xfeK\x85\xcb\xfe\x81\xa8\xc7\xfb\xcb\xd8\xe2\xf8\
\xe7\xe9\xef\xf6\xf4\xf4\xf6\xfa\xfb\xfb\xfb\xfe\xfd\xfc\xfc\xfe\
\xf9\xf9\xf9\xfc\xed\xed\xef\xf6\xb0\xb1\xbb\xfe\xce\xd2\xd8\xfe\
\xc5\xec\xf7\xfe\xdb\xf2\xf9\xfe\xee\xf0\xf2\xfe\xcf\xd0\xd6\xfe\
\xc5\xc8\xcf\xfe\xdf\xf1\xf6\xfe\xad\xea\xfb\xfe\xd3\xf2\xfc\xfe\
\xfa\xfb\xfc\xfe\xfc\xfb\xfb\xf5\xf7\xf6\xf6x\xdd\xdc\xdc\x06\
\x00\x00\x00\x00\x00\x00\x00\x00\x00\x00\x00\x00\x00\x00\x00\x00\
\x00\x00\x00\x00\x00\x00\x00\x00\x00\x00\x00\x00\x00\x00\x00\x00\
\x00\x00\x00\x00\x00\x00\x00\x00\x00\x00\x00\x00\x00\x00\x00\x00\
\x00\x00\x00\x00\x00\x00\x00\x00\x00\x00\x00\x00\x00\x00\x00\x00\
\x00\x00\x00\x00\x00\x00\x00\x00\x00\x00\x00\x00\xd4\xd4\xd5\x02\
\xe0\xe6\xe8\x09\xe6\xe8\xeai\xe7\xea\xf0\xdd\xcc\xd2\xdd\xf2\
\xbd\xc5\xd2\xf5\xd1\xd8\xe2\xf4\xea\xec\xf1\xe9\xe7\xe7\xe8\x8f\
\xf1\xf1\xf2V\xfb\xfa\xfa\xea\xfc\xfc\xfc\xfd\xfc\xfc\xfc\xfe\
\xf5\xf5\xf6\xfd\xbe\xbf\xc7\xfd\xd3\xd4\xd9\xfe\xf1\xf4\xf6\xfe\
\xdd\xf4\xfb\xfe\xce\xf2\xfc\xfe\xf0\xf7\xfa\xfe\xf4\xf4\xf6\xfe\
\xd5\xd7\xdc\xfe\xd2\xe4\xeb\xfe\xdd\xf2\xf9\xfd\xf4\xf9\xfc\xf7\
\xfa\xfb\xfc\xfd\xfc\xfb\xfb\xf9\xf2\xf1\xf1\xbc\xd1\xd0\xd0\x0b\
\x00\x00\x00\x00\x00\x00\x00\x00\x00\x00\x00\x00\x00\x00\x00\x00\
\x00\x00\x00\x00\x00\x00\x00\x00\x00\x00\x00\x00\x00\x00\x00\x00\
\x00\x00\x00\x00\x00\x00\x00\x00\x00\x00\x00\x00\x00\x00\x00\x00\
\x00\x00\x00\x00\x00\x00\x00\x00\x00\x00\x00\x00\x00\x00\x00\x00\
\x00\x00\x00\x00\x00\x00\x00\x00\x00\x00\x00\x00\x00\x00\x00\x00\
\xd6\xd6\xd6\x01\xdf\xdf\xdf\x06\xdc\xdc\xdc\x22\xe8\xe7\xe7Y\
\xe8\xe7\xe8t\xee\xed\xeee\xe4\xe3\xe47\xe7\xe6\xe7\x0d\
\xf1\xf2\xf32\xf6\xf9\xfa\xec\xf2\xf9\xfc\xfd\xf3\xf9\xfb\xfe\
\xeb\xec\xef\xfe\xb4\xb6\xbe\xfe\xf0\xef\xf1\xfe\xf8\xf9\xfa\xfe\
\xe1\xf6\xfc\xfe\x90\xe7\xfc\xfe\xcb\xf2\xfc\xfe\xf3\xf8\xfa\xfe\
\xeb\xec\xee\xfe\xc0\xc2\xca\xfe\xf3\xf4\xf5\xfd\xfb\xfb\xfc\xeb\
\xfd\xfc\xfc\xfd\xfd\xfc\xfc\xfc\xf7\xf6\xf6\xd6\xd3\xd3\xd3\x16\
\x00\x00\x00\x00\x00\x00\x00\x00\x00\x00\x00\x00\x00\x00\x00\x00\
\x00\x00\x00\x00\x00\x00\x00\x00\x00\x00\x00\x00\x00\x00\x00\x00\
\x00\x00\x00\x00\x00\x00\x00\x00\x00\x00\x00\x00\x00\x00\x00\x00\
\x00\x00\x00\x00\x00\x00\x00\x00\x00\x00\x00\x00\x00\x00\x00\x00\
\x00\x00\x00\x00\x00\x00\x00\x00\x00\x00\x00\x00\x00\x00\x00\x00\
\x00\x00\x00\x00\x00\x00\x00\x00\xc4\xc3\xc3\x02\xce\xcd\xcd\x04\
\xd8\xd7\xd7\x05\xd6\xd5\xd5\x04\xd7\xd7\xd7\x02\xe0\xe0\xe0\x03\
\xf3\xf3\xf3P\xeb\xf7\xfb\xf0\xaa\xeb\xfc\xfe\xc7\xef\xfb\xfd\
\xe5\xe6\xea\xfc\xbc\xbd\xc5\xfe\xf1\xf1\xf3\xfe\xf4\xf9\xfc\xfe\
\xe9\xf7\xfc\xfe\xd4\xf3\xfd\xfe\x96\xe7\xfc\xfe\xe5\xf6\xfb\xfe\
\xef\xef\xf1\xfe\xbb\xbe\xc7\xfe\xf0\xf2\xf4\xfe\xf8\xfa\xfc\xfe\
\xfb\xfb\xfc\xfe\xfd\xfc\xfc\xfd\xf9\xf8\xf8\xe5\xd2\xd1\xd1\x1b\
\x00\x00\x00\x00\x00\x00\x00\x00\x00\x00\x00\x00\x00\x00\x00\x00\
\x00\x00\x00\x00\x00\x00\x00\x00\x00\x00\x00\x00\x00\x00\x00\x00\
\x00\x00\x00\x00\x00\x00\x00\x00\x00\x00\x00\x00\x00\x00\x00\x00\
\x00\x00\x00\x00\x00\x00\x00\x00\x00\x00\x00\x00\x00\x00\x00\x00\
\x00\x00\x00\x00\x00\x00\x00\x00\x00\x00\x00\x00\x00\x00\x00\x00\
\x00\x00\x00\x00\x00\x00\x00\x00\x00\x00\x00\x00\x00\x00\x00\x00\
\x00\x00\x00\x00\x00\x00\x00\x00\x00\x00\x00\x00\xd5\xd4\xd4\x03\
\xf5\xf5\xf69\xf6\xfa\xfb\xee\xf1\xf9\xfc\xfd\xf1\xf8\xfb\xf9\
\xeb\xed\xef\xdd\xb4\xb6\xbf\xfd\xee\xef\xf1\xfe\xe5\xf5\xfa\xfe\
\xa4\xea\xfc\xfe\xcd\xf1\xfc\xfe\x96\xe7\xfc\xfe\xe1\xf3\xf8\xfe\
\xe3\xe4\xe8\xfe\xc8\xcd\xd4\xfe\xc7\xec\xf6\xfe\xd3\xf3\xfc\xfe\
\xf3\xf9\xfc\xfe\xfb\xfb\xfc\xfc\xf6\xf5\xf5\xcb\xd5\xd5\xd5\x11\
\x00\x00\x00\x00\x00\x00\x00\x00\x00\x00\x00\x00\x00\x00\x00\x00\
\x00\x00\x00\x00\x00\x00\x00\x00\x00\x00\x00\x00\x00\x00\x00\x00\
\x00\x00\x00\x00\x00\x00\x00\x00\x00\x00\x00\x00\x00\x00\x00\x00\
\x00\x00\x00\x00\x00\x00\x00\x00\x00\x00\x00\x00\x00\x00\x00\x00\
\x00\x00\x00\x00\x00\x00\x00\x00\x00\x00\x00\x00\x00\x00\x00\x00\
\x00\x00\x00\x00\x00\x00\x00\x00\x00\x00\x00\x00\x00\x00\x00\x00\
\x00\x00\x00\x00\x00\x00\x00\x00\x00\x00\x00\x00\xb4\xb4\xb4\x01\
\xf1\xf0\xf1-\xfb\xfa\xfb\xeb\xfc\xfb\xfc\xfd\xfb\xfb\xfc\xfd\
\xf5\xf5\xf6\xfd\xc1\xc3\xcb\xfd\xd0\xd1\xd7\xfe\xec\xf1\xf4\xfe\
\xc8\xee\xf8\xfe\xa1\xe8\xfa\xfe\xc7\xec\xf7\xfe\xe6\xec\xf0\xfe\
\xb8\xba\xc3\xfe\xe1\xe5\xe8\xfd\xd1\xf0\xfa\xfe\xbd\xee\xfc\xfd\
\xec\xf8\xfc\xfe\xfb\xfb\xfb\xf8\xf4\xf4\xf4\xa2\xda\xd9\xd9\x09\
\x00\x00\x00\x00\x00\x00\x00\x00\x00\x00\x00\x00\x00\x00\x00\x00\
\x00\x00\x00\x00\x00\x00\x00\x00\x00\x00\x00\x00\x00\x00\x00\x00\
\x00\x00\x00\x00\x00\x00\x00\x00\x00\x00\x00\x00\x00\x00\x00\x00\
\x00\x00\x00\x00\x00\x00\x00\x00\x00\x00\x00\x00\x00\x00\x00\x00\
\x00\x00\x00\x00\x00\x00\x00\x00\x00\x00\x00\x00\x00\x00\x00\x00\
\x00\x00\x00\x00\x00\x00\x00\x00\x00\x00\x00\x00\x00\x00\x00\x00\
\x00\x00\x00\x00\x00\x00\x00\x00\x00\x00\x00\x00\x00\x00\x00\x00\
\xe8\xe7\xe7\x18\xfa\xf9\xf9\xd4\xf8\xfa\xfb\xfb\xf3\xf9\xfc\xfe\
\xe4\xf4\xf9\xfe\xeb\xef\xf2\xfe\xbc\xbd\xc5\xfe\xc0\xc3\xca\xfe\
\xdb\xe0\xe4\xfe\xde\xe5\xe9\xfe\xce\xd5\xdb\xfe\xb3\xb8\xc1\xfe\
\xd6\xd8\xdd\xfe\xf4\xf6\xf7\xfc\xf7\xfa\xfb\xe9\xf7\xfa\xfc\xfe\
\xf8\xfa\xfc\xfe\xfc\xfb\xfb\xf4\xf7\xf6\xf6f\xe0\xdf\xdf\x05\
\x00\x00\x00\x00\x00\x00\x00\x00\x00\x00\x00\x00\x00\x00\x00\x00\
\x00\x00\x00\x00\x00\x00\x00\x00\x00\x00\x00\x00\x00\x00\x00\x00\
\x00\x00\x00\x00\x00\x00\x00\x00\x00\x00\x00\x00\x00\x00\x00\x00\
\x00\x00\x00\x00\x00\x00\x00\x00\x00\x00\x00\x00\x00\x00\x00\x00\
\x00\x00\x00\x00\x00\x00\x00\x00\x00\x00\x00\x00\x00\x00\x00\x00\
\x00\x00\x00\x00\x00\x00\x00\x00\x00\x00\x00\x00\x00\x00\x00\x00\
\x00\x00\x00\x00\x00\x00\x00\x00\x00\x00\x00\x00\x00\x00\x00\x00\
\xe1\xe0\xe0\x07\xf2\xf1\xf1\x84\xf4\xf9\xfa\xf5\xbb\xee\xfc\xfe\
\xb4\xec\xfc\xfe\xf1\xf6\xf9\xfe\xf2\xf2\xf4\xfe\xdb\xdc\xdf\xfe\
\xc3\xc5\xcc\xfe\xc0\xc2\xca\xfe\xcc\xce\xd5\xfe\xcd\xe6\xef\xfe\
\xd3\xee\xf7\xfe\xf4\xf9\xfa\xfc\xfc\xfc\xfc\xf8\xfd\xfc\xfc\xfd\
\xfc\xfb\xfb\xfa\xfb\xfa\xfa\xde\xf5\xf4\xf4$\xde\xde\xde\x02\
\x00\x00\x00\x00\x00\x00\x00\x00\x00\x00\x00\x00\x00\x00\x00\x00\
\x00\x00\x00\x00\x00\x00\x00\x00\x00\x00\x00\x00\x00\x00\x00\x00\
\x00\x00\x00\x00\x00\x00\x00\x00\x00\x00\x00\x00\x00\x00\x00\x00\
\x00\x00\x00\x00\x00\x00\x00\x00\x00\x00\x00\x00\x00\x00\x00\x00\
\x00\x00\x00\x00\x00\x00\x00\x00\x00\x00\x00\x00\x00\x00\x00\x00\
\x00\x00\x00\x00\x00\x00\x00\x00\x00\x00\x00\x00\x00\x00\x00\x00\
\x00\x00\x00\x00\x00\x00\x00\x00\x00\x00\x00\x00\x00\x00\x00\x00\
\xd7\xd7\xd7\x02\xf1\xf1\xf2\x1e\xf1\xf7\xfa\xcc\xd0\xf2\xfc\xf8\
\xf1\xf9\xfc\xfd\xf8\xfa\xfc\xfe\xf5\xf9\xfb\xfe\xe6\xf3\xf8\xfe\
\xee\xf3\xf6\xfe\xf4\xf4\xf5\xfe\xf5\xf6\xf7\xfe\xe1\xf4\xfa\xfe\
\x9d\xe8\xfc\xfe\xea\xf7\xfc\xfd\xfc\xfc\xfc\xfe\xfc\xfb\xfb\xfb\
\xfb\xfa\xfa\xf1\xf1\xf0\xf0q\xee\xed\xed\x06\x00\x00\x00\x00\
\x00\x00\x00\x00\x00\x00\x00\x00\x00\x00\x00\x00\x00\x00\x00\x00\
\x00\x00\x00\x00\x00\x00\x00\x00\x00\x00\x00\x00\x00\x00\x00\x00\
\x00\x00\x00\x00\x00\x00\x00\x00\x00\x00\x00\x00\x00\x00\x00\x00\
\x00\x00\x00\x00\x00\x00\x00\x00\x00\x00\x00\x00\x00\x00\x00\x00\
\x00\x00\x00\x00\x00\x00\x00\x00\x00\x00\x00\x00\x00\x00\x00\x00\
\x00\x00\x00\x00\x00\x00\x00\x00\x00\x00\x00\x00\x00\x00\x00\x00\
\x00\x00\x00\x00\x00\x00\x00\x00\x00\x00\x00\x00\x00\x00\x00\x00\
\x00\x00\x00\x00\xe9\xea\xeb\x05\xee\xf1\xf24\xf8\xfa\xfa\xd8\
\xfa\xfb\xfc\xf8\xfc\xfc\xfc\xfe\xf1\xf9\xfc\xfe\xa3\xea\xfc\xfe\
\xea\xf7\xfc\xfe\xfc\xfc\xfc\xfe\xfc\xfc\xfc\xfe\xf5\xfa\xfc\xfe\
\xdc\xf4\xfc\xfe\xea\xf7\xfc\xfe\xfc\xfb\xfc\xfc\xfc\xfb\xfb\xf1\
\xf5\xf4\xf4\x90\xed\xec\xec\x0f\xdd\xdc\xdc\x02\x00\x00\x00\x00\
\x00\x00\x00\x00\x00\x00\x00\x00\x00\x00\x00\x00\x00\x00\x00\x00\
\x00\x00\x00\x00\x00\x00\x00\x00\x00\x00\x00\x00\x00\x00\x00\x00\
\x00\x00\x00\x00\x00\x00\x00\x00\x00\x00\x00\x00\x00\x00\x00\x00\
\x00\x00\x00\x00\x00\x00\x00\x00\x00\x00\x00\x00\x00\x00\x00\x00\
\x00\x00\x00\x00\x00\x00\x00\x00\x00\x00\x00\x00\x00\x00\x00\x00\
\x00\x00\x00\x00\x00\x00\x00\x00\x00\x00\x00\x00\x00\x00\x00\x00\
\x00\x00\x00\x00\x00\x00\x00\x00\x00\x00\x00\x00\x00\x00\x00\x00\
\x00\x00\x00\x00\x00\x00\x00\x00\xee\xed\xee\x06\xf7\xf7\xf7=\
\xfb\xfa\xfa\xce\xfb\xfb\xfb\xf6\xef\xf9\xfc\xfc\xa6\xea\xfc\xfd\
\xed\xf8\xfc\xfe\xfb\xfb\xfc\xfe\xfd\xfc\xfc\xfe\xfc\xfc\xfc\xfe\
\xfa\xfb\xfc\xfc\xfa\xfa\xfb\xf9\xfb\xfb\xfb\xee\xf5\xf4\xf4\x8d\
\xed\xec\xec\x0e\xe3\xe2\xe2\x02\x00\x00\x00\x00\x00\x00\x00\x00\
\x00\x00\x00\x00\x00\x00\x00\x00\x00\x00\x00\x00\x00\x00\x00\x00\
\x00\x00\x00\x00\x00\x00\x00\x00\x00\x00\x00\x00\x00\x00\x00\x00\
\x00\x00\x00\x00\x00\x00\x00\x00\x00\x00\x00\x00\x00\x00\x00\x00\
\x00\x00\x00\x00\x00\x00\x00\x00\x00\x00\x00\x00\x00\x00\x00\x00\
\x00\x00\x00\x00\x00\x00\x00\x00\x00\x00\x00\x00\x00\x00\x00\x00\
\x00\x00\x00\x00\x00\x00\x00\x00\x00\x00\x00\x00\x00\x00\x00\x00\
\x00\x00\x00\x00\x00\x00\x00\x00\x00\x00\x00\x00\x00\x00\x00\x00\
\x00\x00\x00\x00\x00\x00\x00\x00\x00\x00\x00\x00\xef\xee\xee\x05\
\xf4\xf4\xf4!\xf8\xf8\xf8\x97\xf5\xf9\xfb\xdc\xe9\xf6\xfa\xf2\
\xf4\xf9\xfa\xf7\xfa\xf9\xf9\xf8\xfa\xf9\xf9\xf8\xfc\xfb\xfb\xf5\
\xfc\xfb\xfb\xec\xfa\xf9\xf9\xc0\xf3\xf2\xf2N\xeb\xea\xea\x0a\
\xe1\xe0\xe0\x02\x00\x00\x00\x00\x00\x00\x00\x00\x00\x00\x00\x00\
\x00\x00\x00\x00\x00\x00\x00\x00\x00\x00\x00\x00\x00\x00\x00\x00\
\x00\x00\x00\x00\x00\x00\x00\x00\x00\x00\x00\x00\x00\x00\x00\x00\
\x00\x00\x00\x00\x00\x00\x00\x00\x00\x00\x00\x00\x00\x00\x00\x00\
\x00\x00\x00\x00\x00\x00\x00\x00\x00\x00\x00\x00\x00\x00\x00\x00\
\x00\x00\x00\x00\x00\x00\x00\x00\x00\x00\x00\x00\x00\x00\x00\x00\
\x00\x00\x00\x00\x00\x00\x00\x00\x00\x00\x00\x00\x00\x00\x00\x00\
\x00\x00\x00\x00\x00\x00\x00\x00\x00\x00\x00\x00\x00\x00\x00\x00\
\x00\x00\x00\x00\x00\x00\x00\x00\x00\x00\x00\x00\x00\x00\x00\x00\
\xf3\xf2\xf2\x03\xf6\xf6\xf6\x08\xf3\xf6\xf7\x1e\xf7\xf8\xf8[\
\xee\xee\xee\x8d\xe6\xe5\xe5\xb6\xe7\xe6\xe6\xb4\xf4\xf3\xf3}\
\xf9\xf9\xf98\xf8\xf7\xf7\x10\xf3\xf2\xf2\x05\xe6\xe6\xe6\x01\
\x00\x00\x00\x00\x00\x00\x00\x00\x00\x00\x00\x00\x00\x00\x00\x00\
\x00\x00\x00\x00\x00\x00\x00\x00\x00\x00\x00\x00\x00\x00\x00\x00\
\xff\xfe\x00\x07\xff\xff\x00\x00\xff\xfc\x00\x07\xff\xff\x00\x00\
\xff\xf8\x00\x07\xff\xff\x00\x00\xff\xf8\x00\x03\xff\xff\x00\x00\
\xff\xf8\x00\x03\xff\xff\x00\x00\xff\xf8\x00\x01\xff\xff\x00\x00\
\xff\xf8\x00\x01\xff\xff\x00\x00\xff\xf8\x00\x01\xff\xff\x00\x00\
\xff\xf8\x00\x01\xff\xff\x00\x00\xff\xf0\x00\x00\x7f\xff\x00\x00\
\xff\xf0\x00\x00?\xff\x00\x00\xff\xc0\x00\x00?\xff\x00\x00\
\xff\x00\x00\x00\x1f\xff\x00\x00\xfe\x00\x00\x00\x0f\xff\x00\x00\
\xfc\x00\x00\x00\x0f\xff\x00\x00\xf8\x00\x00\x00\x07\xff\x00\x00\
\xf8\x00\x00\x00\x07\xff\x00\x00\xf0\x00\x00\x00\x00\xff\x00\x00\
\x00\x00\x00\x00\x00\x7f\x00\x00\x00\x00\x00\x00\x00\x7f\x00\x00\
\x00\x00\x00\x00\x00\x01\x00\x00\x00\x00\x00\x00\x00\x00\x00\x00\
\x00\x00\x00\x00\x00\x00\x00\x00\x00\x00\x00\x00\x00\x00\x00\x00\
\x00\x00\x00\x00\x00\x00\x00\x00\x80\x00\x00\x00\x00\x00\x00\x00\
\xf0\x00\x00\x00\x00\x00\x00\x00\xf8\x00\x00\x00\x00\x00\x00\x00\
\xf8\x00\x00\x00\x00\x00\x00\x00\xfc\x00\x00\x00\x00\x00\x00\x00\
\xfc\x00\x00\x00\x00\x01\x00\x00\xfe\x00\x00\x00\x00\x0f\x00\x00\
\xff\x80\x00\x00\x00\x1f\x00\x00\xff\xf8\x00\x00\x00\x1f\x00\x00\
\xff\xf8\x00\x00\x00\x0f\x00\x00\xff\xfc\x00\x00\x00\x0f\x00\x00\
\xff\xfe\x00\x00\x00\x0f\x00\x00\xff\xff\x00\x00\x00\x0f\x00\x00\
\xff\xff\xc0\x00\x00\x0f\x00\x00\xff\xff\xfe\x00\x00\x0f\x00\x00\
\xff\xff\xfe\x00\x00\x0f\x00\x00\xff\xff\xff\x00\x00\x0f\x00\x00\
\xff\xff\xff\x00\x00\x0f\x00\x00\xff\xff\xff\x00\x00\x1f\x00\x00\
\xff\xff\xff\x80\x00\x1f\x00\x00\xff\xff\xff\xc0\x00?\x00\x00\
\xff\xff\xff\xe0\x00\x7f\x00\x00\xff\xff\xff\xf0\x00\xff\x00\x00\
(\x00\x00\x00 \x00\x00\x00@\x00\x00\x00\x01\x00 \x00\
\x00\x00\x00\x00\x80\x10\x00\x00\x00\x00\x00\x00\x00\x00\x00\x00\
\x00\x00\x00\x00\x00\x00\x00\x00\x00\x00\x00\x00\x00\x00\x00\x00\
\x00\x00\x00\x00\x00\x00\x00\x00\x00\x00\x00\x00\x00\x00\x00\x00\
\x00\x00\x00\x00\x00\x00\x00\x00\x00\x00\x00\x00\x90\x90\x90\x02\
\xea\xe9\xe9\x09\xf3\xf2\xf2;\xf3\xf3\xf4\x92\xf6\xf6\xf9\xcd\
\xf5\xf6\xfb\xe7\xf4\xf6\xfc\xf4\xf5\xf5\xfa\xe4\xf2\xf2\xf4\xaa\
\xeb\xeb\xeb.\xa9\xa8\xa8\x04\x00\x00\x00\x00\x00\x00\x00\x00\
\x00\x00\x00\x00\x00\x00\x00\x00\x00\x00\x00\x00\x00\x00\x00\x00\
\x00\x00\x00\x00\x00\x00\x00\x00\x00\x00\x00\x00\x00\x00\x00\x00\
\x00\x00\x00\x00\x00\x00\x00\x00\x00\x00\x00\x00\x00\x00\x00\x00\
\x00\x00\x00\x00\x00\x00\x00\x00\x00\x00\x00\x00\x00\x00\x00\x00\
\x00\x00\x00\x00\x00\x00\x00\x00\x5c[[\x01\xda\xd9\xd9\x0d\
\xf1\xf0\xf2\x8c\xf4\xf5\xfb\xed\xec\xef\xfb\xf7\xe7\xec\xfc\xfb\
\xe5\xec\xfc\xfd\xe5\xeb\xfc\xfd\xe4\xea\xfa\xfc\xe2\xe7\xf2\xf5\
\xe2\xe3\xe5\xa1\xaf\xae\xaf\x07\x00\x00\x00\x00\x00\x00\x00\x00\
\x00\x00\x00\x00\x00\x00\x00\x00\x00\x00\x00\x00\x00\x00\x00\x00\
\x00\x00\x00\x00\x00\x00\x00\x00\x00\x00\x00\x00\x00\x00\x00\x00\
\x00\x00\x00\x00\x00\x00\x00\x00\x00\x00\x00\x00\x00\x00\x00\x00\
\x00\x00\x00\x00\x00\x00\x00\x00\x00\x00\x00\x00\x00\x00\x00\x00\
\x00\x00\x00\x00\x00\x00\x00\x00nmm\x03\xde\xdd\xde_\
\xeb\xed\xf5\xf0\xe4\xe9\xfa\xfc\xe4\xea\xfd\xfe\xe4\xea\xfd\xfe\
\xe4\xea\xfd\xff\xe4\xea\xfd\xff\xe1\xe7\xfb\xfe\xcc\xd1\xe2\xfa\
\xd3\xd3\xd8\xaf\xbe\xbd\xbe\x0a\x00\x00\x00\x00\x00\x00\x00\x00\
\x00\x00\x00\x00\x00\x00\x00\x00\x00\x00\x00\x00\x00\x00\x00\x00\
\x00\x00\x00\x00\x00\x00\x00\x00\x00\x00\x00\x00\x00\x00\x00\x00\
\x00\x00\x00\x00\x00\x00\x00\x00\x00\x00\x00\x00\x00\x00\x00\x00\
\x00\x00\x00\x00\x00\x00\x00\x00\x00\x00\x00\x00\x00\x00\x00\x00\
\x00\x00\x00\x00\x00\x00\x00\x00ihh\x03\xd3\xd2\xd3I\
\xc3\xc7\xd3\xf2\xe0\xe5\xf7\xfe\xe0\xe6\xf9\xff\xe0\xe6\xf9\xff\
\xe1\xe8\xfb\xff\xe3\xe9\xfd\xff\xdf\xe5\xf9\xff\xc9\xce\xdf\xfc\
\xd3\xd4\xda\xc7\xda\xd9\xda'\xb9\xb9\xb9\x03\x00\x00\x00\x00\
\x00\x00\x00\x00\x00\x00\x00\x00\x00\x00\x00\x00\x00\x00\x00\x00\
\x00\x00\x00\x00\x00\x00\x00\x00\x00\x00\x00\x00\x00\x00\x00\x00\
\x00\x00\x00\x00\x00\x00\x00\x00\x00\x00\x00\x00\x00\x00\x00\x00\
\x00\x00\x00\x00\x00\x00\x00\x00\x00\x00\x00\x00\x00\x00\x00\x00\
\x00\x00\x00\x00\x00\x00\x00\x00XWW\x01\xd4\xd3\xd5\x1a\
\xc9\xcb\xd3\xe6\xda\xdf\xf1\xfd\xd0\xd7\xea\xff\xb3\xb9\xcd\xff\
\xd6\xdc\xef\xff\xdc\xe2\xf5\xff\xda\xe0\xf3\xff\xba\xc0\xd2\xfd\
\xb1\xb4\xc0\xf6\xe9\xe8\xec\xb0\xdb\xda\xdb\x07\x00\x00\x00\x00\
\x00\x00\x00\x00\x00\x00\x00\x00\x00\x00\x00\x00\x00\x00\x00\x00\
\x00\x00\x00\x00\x00\x00\x00\x00\x00\x00\x00\x00\x00\x00\x00\x00\
\x00\x00\x00\x00\x00\x00\x00\x00\x00\x00\x00\x00\x00\x00\x00\x00\
\x00\x00\x00\x00\x00\x00\x00\x00\x00\x00\x00\x00\x00\x00\x00\x00\
\x00\x00\x00\x00\x00\x00\x00\x00\x9c\x9b\x9b\x04\xe0\xe0\xe2%\
\xe1\xe2\xe6\xc4\xbb\xc1\xd2\xfd\xd9\xdf\xf2\xff\xcb\xd1\xe5\xff\
\x9e\xa4\xb9\xff\xab\xb2\xc6\xff\xac\xb1\xc6\xff\xab\xb1\xc4\xfe\
\xbf\xc3\xd3\xfa\xe5\xe5\xe8\xb7\xdf\xde\xdf\x0bjjj\x02\
\x00\x00\x00\x00\x00\x00\x00\x00\x00\x00\x00\x00\x00\x00\x00\x00\
\x00\x00\x00\x00\x00\x00\x00\x00\x00\x00\x00\x00\x00\x00\x00\x00\
\x00\x00\x00\x00\x00\x00\x00\x00\x00\x00\x00\x00\x00\x00\x00\x00\
\x00\x00\x00\x00\x00\x00\x00\x00\x00\x00\x00\x00\x00\x00\x00\x00\
\x00\x00\x00\x00\x00\x00\x00\x00\xb8\xb8\xb8\x08\xe0\xe2\xe7\xb1\
\xad\xb7\xc9\xf6\x87\x95\xb1\xfd\xbb\xc5\xdf\xff\xc5\xcd\xe3\xff\
\x9e\xa4\xba\xff\x9b\xa2\xb8\xff\x99\x9f\xb5\xff\xb0\xb7\xcc\xff\
\xb7\xba\xc6\xfb\xe8\xe8\xeb\x93\xe0\xe0\xe1^\xd1\xd0\xd1\x1f\
\x83\x83\x83\x02\x00\x00\x00\x00\x00\x00\x00\x00\x00\x00\x00\x00\
\x00\x00\x00\x00\x00\x00\x00\x00\x00\x00\x00\x00\x00\x00\x00\x00\
\x00\x00\x00\x00\x00\x00\x00\x00\x00\x00\x00\x00\x00\x00\x00\x00\
\x00\x00\x00\x00\x00\x00\x00\x00\x00\x00\x00\x00\x00\x00\x00\x00\
\x8f\x8e\x8e\x03\xc7\xc7\xc8\x08\xda\xda\xdc\x1f\xd8\xdd\xe6\xca\
N\x86\xcd\xfc5}\xe1\xfeJs\xc0\xffu\x82\xa7\xff\
\xac\xb4\xca\xff\xcc\xd3\xe6\xff\xca\xd0\xe4\xff\x8b\x92\xa9\xff\
\xbc\xc3\xd2\xfc\xb7\xc0\xd2\xf8\xbb\xc2\xd2\xf1\xdc\xdc\xdf}\
\xb6\xb5\xb5\x06\x00\x00\x00\x00\x00\x00\x00\x00\x00\x00\x00\x00\
\x00\x00\x00\x00\x00\x00\x00\x00\x00\x00\x00\x00\x00\x00\x00\x00\
\x00\x00\x00\x00\x00\x00\x00\x00\x00\x00\x00\x00\x00\x00\x00\x00\
\x00\x00\x00\x00\x00\x00\x00\x00ggg\x02\xc9\xc8\xc9\x07\
\xd7\xd8\xdb;\xd6\xd9\xe2\xa3\xb2\xbc\xd1\xe7\x88\x9d\xc5\xf8\
Bu\xc3\xfd'x\xf0\xff,q\xec\xffCi\xba\xff\
\x8d\x95\xb0\xff\xc6\xcc\xdf\xff\xca\xd0\xe5\xff|\x87\xa6\xff\
Fq\xc6\xfe;w\xdd\xfee\x89\xc3\xfb\xd9\xdc\xe5\xae\
\xd8\xd8\xdc#\xbf\xbf\xbf\x04\x00\x00\x00\x00\x00\x00\x00\x00\
\x00\x00\x00\x00\x00\x00\x00\x00\x00\x00\x00\x00\x00\x00\x00\x00\
\x00\x00\x00\x00\x00\x00\x00\x00\x00\x00\x00\x00\x00\x00\x00\x00\
\x00\x00\x00\x00ZYY\x01\xd4\xd3\xd5\x0a\xdb\xde\xe3z\
\xbc\xc5\xd9\xee]\x80\xc5\xf87q\xda\xfc-j\xdc\xfe\
4c\xbf\xfe0p\xe6\xff6m\xdc\xffVs\xb5\xff\
\x9b\xa5\xbe\xff\xa8\xaf\xc4\xff\xa4\xaa\xc0\xff\x80\x8d\xae\xff\
Cp\xcc\xff1p\xe3\xffBn\xbf\xfdj\x8a\xc7\xf7\
\xce\xd3\xe1\xcc\xd5\xd6\xda\x1f\x86\x85\x86\x02\x00\x00\x00\x00\
\x00\x00\x00\x00\x00\x00\x00\x00\x00\x00\x00\x00\x00\x00\x00\x00\
\x00\x00\x00\x00\x00\x00\x00\x00\x00\x00\x00\x00\x00\x00\x00\x00\
\x00\x00\x00\x00\xc2\xc1\xc2\x06\xdc\xdf\xe3g\xab\xb9\xd4\xf2\
Dz\xdd\xfc1t\xf3\xfe+r\xf3\xfe/s\xf0\xff\
;o\xd6\xffm\x84\xb9\xff\x98\xa7\xcc\xff\xc3\xcd\xe7\xff\
\xd7\xde\xf4\xff\xda\xe1\xf5\xff\xd7\xde\xf1\xff\xc4\xcd\xe5\xff\
\x9c\xa9\xc9\xffZt\xad\xff5r\xe7\xfe6v\xf0\xfe\
n\x8d\xcd\xf5\xd8\xdb\xe4}\xb1\xb0\xb1\x06\x00\x00\x00\x00\
\x00\x00\x00\x00\x00\x00\x00\x00\x00\x00\x00\x00\x00\x00\x00\x00\
\x00\x00\x00\x00\x00\x00\x00\x00WWW\x03QPP\x02\
fff\x02\xd0\xd1\xd3\x1a\xc8\xd0\xdf\xddG\x81\xdc\xfb\
/u\xf6\xfe,p\xf4\xff9o\xd9\xffZ\x7f\xcc\xff\
\xa1\xb1\xd7\xff\xd2\xdb\xf3\xff\xdb\xe3\xf7\xff\xe0\xe7\xfb\xff\
\xe2\xe9\xfc\xff\xe3\xe9\xfd\xff\xe2\xe9\xfc\xff\xdf\xe6\xf9\xff\
\xd2\xd9\xef\xff\xa8\xb3\xd2\xffPx\xcd\xff2r\xf2\xfe\
Bw\xe1\xfa\xbe\xc6\xd8\xac\xd1\xd1\xd5\x0f\x9b\x9a\x9b\x05\
|||\x03\x00\x00\x00\x00\x00\x00\x00\x00\x00\x00\x00\x00\
\x00\x00\x00\x00\x00\x00\x00\x00\xde\xdd\xddF\xd8\xd7\xd82\
\xd2\xd1\xd1\x1b\xd7\xd9\xdc[\x91\xaa\xcf\xf52\x81\xf1\xfe\
*q\xf3\xff5h\xd1\xffUp\xae\xff\xc4\xcf\xea\xff\
\xdb\xe2\xf9\xff\xe1\xe7\xfb\xff\xe3\xea\xfd\xff\xe4\xea\xfd\xff\
\xe3\xea\xfd\xff\xe2\xe8\xfc\xff\xe0\xe7\xfa\xff\xe0\xe6\xfa\xff\
\xdf\xe5\xf9\xff\xd2\xda\xf0\xff\x93\xa1\xc6\xff>n\xd0\xff\
7s\xec\xfd\x89\x9f\xcd\xf1\xde\xe1\xe8x\xe5\xe5\xe8\x85\
\xd7\xd7\xd80\xb0\xb0\xb0\x04\x00\x00\x00\x00\x00\x00\x00\x00\
\x00\x00\x00\x00\x00\x00\x00\x00\xf7\xf6\xf8\xf2\xf6\xf5\xf6\xf1\
\xf5\xf4\xf6\xea\xe8\xeb\xf1\xf0z\x9f\xce\xfb2z\xdd\xfe\
/`\xc1\xff2_\xc5\xff\x89\x9b\xc7\xff\xd8\xdf\xf5\xff\
\xe3\xe9\xfd\xff\xe3\xe9\xfe\xff\xe2\xe9\xfe\xff\xe2\xe8\xfe\xff\
\xe1\xe8\xfc\xff\xdd\xe3\xf7\xff\xbe\xc4\xdb\xff\xc1\xc7\xdd\xff\
\xde\xe4\xf8\xff\xde\xe5\xf8\xff\xc1\xcb\xe5\xffXq\xac\xff\
:l\xd0\xfeW\x81\xd2\xfc\xe2\xe6\xef\xf8\xdb\xde\xea\xf4\
\xef\xef\xf1\xaf\xe0\xdf\xe1\x0e\xaa\xaa\xaa\x06\x96\x96\x98\x06\
\x96\x96\x98\x04\x88\x88\x89\x02\xe2\xe5\xed\xfe\xe5\xe8\xf0\xfe\
\xe7\xe8\xf0\xfe\xd9\xdf\xea\xfey\x9d\xc6\xfe6o\xbf\xff\
%k\xe6\xff2d\xd2\xff\xa6\xb3\xd5\xff\xdc\xe3\xf8\xff\
\xe3\xea\xfd\xff\xe2\xe8\xfe\xff\xd7\xdb\xfd\xff\xd7\xdb\xfd\xff\
\xdf\xe5\xfb\xff\xc4\xca\xdf\xff\xaa\xad\xd8\xff\xa9\xac\xd4\xff\
\xca\xd0\xe6\xff\xe1\xe6\xfb\xff\xd3\xda\xf2\xffn\x85\xbd\xff\
>i\xbe\xffk\x8c\xc9\xfe\xe3\xe7\xf0\xf6\xe1\xe3\xed\xfc\
\xe5\xe7\xef\xf4\xef\xee\xf0\x9a\xe7\xe6\xe8\x81\xe2\xe3\xe8a\
\xdb\xdd\xe2~\xe2\xe2\xe4\x0d\xe6\xe8\xef\xe3\xe5\xe7\xef\xee\
\xe6\xe8\xef\xf2\xd8\xde\xe9\xf8y\x9c\xbf\xfc'\x88\xea\xff\
\x22z\xf4\xff4j\xd9\xff\xa9\xb7\xd8\xff\xdd\xe4\xf8\xff\
\xe3\xea\xfd\xff\xe1\xe8\xfe\xff\xd0\xd3\xfc\xff\xca\xcd\xf9\xff\
\xda\xe0\xf7\xff\xcf\xd5\xe9\xff\xa9\xae\xc9\xff\xa3\xa7\xc5\xff\
\xd2\xd8\xee\xff\xd8\xdc\xfb\xff\xcb\xd2\xf5\xffv\x8e\xc5\xff\
=e\xb8\xff\x93\xa2\xc3\xfe\xcb\xd2\xe3\xf9\xdd\xe1\xeb\xfd\
\xe7\xe9\xf1\xfb\xe2\xe4\xed\xf9\xe9\xea\xf1\xf6\xe0\xe3\xed\xf6\
\xec\xed\xf2\xea\xef\xef\xf0@\xd9\xd8\xda\x17\xdf\xdf\xe1&\
\xe6\xe5\xe7>\xde\xe1\xe5\x8do\xa5\xcc\xf8!\x97\xf3\xfe\
\x1f\x85\xf8\xff.t\xe9\xff\x93\xa7\xd0\xff\xd9\xe1\xf7\xff\
\xe3\xea\xfd\xff\xe2\xe8\xfd\xff\xdf\xe5\xfb\xff\xc6\xcc\xe2\xff\
\xb4\xba\xcf\xff\xdd\xe3\xf7\xff\xdd\xe3\xf7\xff\xd9\xdf\xf3\xff\
\xc6\xcc\xe0\xff\xce\xd3\xf4\xff\xc0\xc8\xf4\xff^}\xc3\xff\
/h\xce\xffi\x86\xb8\xfe\xd8\xdd\xe8\xfe\xf3\xf4\xf7\xfe\
\xf6\xf6\xf9\xfe\xee\xef\xf4\xfe\xec\xed\xf3\xfe\xe3\xe6\xee\xfe\
\xe5\xe7\xef\xf9\xe7\xe8\xf0\xf2\x00\x00\x00\x00ZZZ\x01\
\x91\x90\x91\x04\xd1\xd4\xd65\xa2\xbb\xd1\xec/\x98\xe2\xfc\
\x1e\x8e\xf7\xfe(\x7f\xf5\xff`\x84\xcb\xff\xd0\xda\xf4\xff\
\xe1\xe8\xfb\xff\xe3\xea\xfd\xff\xdf\xe5\xf8\xff\xd0\xd7\xe9\xff\
\xce\xd4\xe7\xff\xe0\xe6\xfa\xff\xe4\xea\xfd\xff\xdf\xe5\xf8\xff\
\xab\xb0\xc4\xff\xd1\xd7\xec\xff\xb6\xc1\xe1\xff:h\xc5\xff\
1l\xcc\xff\x87\x9c\xc2\xff\xd5\xda\xe7\xff\xf7\xf7\xf8\xff\
\xfc\xfb\xfb\xff\xfb\xfa\xfb\xff\xf8\xf7\xf9\xff\xef\xf0\xf4\xfe\
\xee\xef\xf3\xfd\xee\xee\xf3\xfc\x00\x00\x00\x00\x00\x00\x00\x00\
\x00\x00\x00\x00\xcc\xcd\xce\x08\xda\xe0\xe5y}\xa7\xc8\xf6\
\x22\x97\xf3\xfe#\x83\xf5\xff8y\xe7\xff\x98\xaa\xd0\xff\
\xd8\xe0\xf6\xff\xe1\xe7\xfb\xff\xe0\xe7\xfa\xff\xba\xc0\xd3\xff\
\xd9\xdf\xf2\xff\xe2\xe8\xfc\xff\xe2\xe8\xfc\xff\xde\xe4\xf7\xff\
\xd5\xdb\xed\xff\xce\xd5\xea\xffq\x89\xbf\xff9m\xd2\xff\
`\x83\xbd\xff\xd5\xdb\xe8\xff\xda\xde\xea\xff\xf0\xf0\xf5\xff\
\xf9\xf9\xfa\xff\xf8\xf7\xf9\xfe\xe9\xea\xf1\xfe\xdf\xe1\xeb\xfc\
\xe5\xe7\xef\xf5\xe8\xe9\xee\xb9\x00\x00\x00\x00\x00\x00\x00\x00\
\x00\x00\x00\x00\x84\x84\x84\x02\xda\xdb\xdd \xc6\xd2\xde\xe2\
J\x97\xd4\xf99\x8c\xe7\xfcM\x7f\xd2\xfdWz\xc2\xfe\
\xa4\xaf\xcb\xfe\xd2\xda\xf2\xff\xd9\xdf\xf4\xff\xdd\xe3\xf7\xff\
\xdf\xe5\xf8\xff\xe2\xe8\xfc\xff\xe0\xe6\xfa\xff\xcd\xd4\xe9\xff\
\xae\xb5\xca\xff\x96\x9e\xb4\xff\x85\x94\xbb\xff\x91\x9f\xc1\xff\
\xd4\xd9\xe4\xff\xe6\xe9\xef\xff\xf1\xf1\xf5\xff\xe8\xe9\xf1\xfe\
\xf0\xf1\xf4\xfc\xdf\xe1\xec\xf9\xe0\xe2\xec\xf2\xe5\xe6\xed\xd2\
\xdc\xde\xe6\xab\xdf\xe0\xe3\x10\x00\x00\x00\x00\x00\x00\x00\x00\
\x00\x00\x00\x00\x00\x00\x00\x00\xcf\xcf\xcf\x06\xe0\xe3\xe7N\
\xd7\xde\xe7\xbf\xc4\xcf\xdd\xcc\xd5\xdc\xe8\xde\xae\xb7\xcb\xf8\
Mv\xca\xfdj}\xaa\xff\xa3\xae\xcd\xff\xbd\xc5\xde\xff\
\xc4\xce\xe6\xff\xce\xd7\xf1\xff\xc3\xcd\xe9\xff\x9e\xab\xcc\xff\
k\x80\xb5\xff\xb6\xbb\xca\xff\xcc\xcf\xd7\xff\xb0\xb5\xc3\xff\
\xcc\xce\xd6\xff\xf5\xf5\xf6\xff\xf8\xf8\xf9\xff\xe7\xe8\xf0\xfe\
\xe6\xe8\xf0\xf6\xee\xed\xf0\xa0\xe2\xe3\xe7\x5c\xd2\xd3\xd5\x11\
\xc2\xc3\xc5\x09\xae\xaf\xb1\x03\x00\x00\x00\x00\x00\x00\x00\x00\
\x00\x00\x00\x00\x00\x00\x00\x00```\x01\xc6\xc6\xc6\x05\
\xd4\xd4\xd4\x09\xdc\xdb\xdc\x0c\xe1\xe1\xe2\x1e\xc9\xd1\xdb\xc6\
Ou\xb7\xfb8r\xdd\xfeAi\xb5\xffKj\xaa\xff\
Up\xac\xffRu\xc2\xffIo\xc6\xffPp\xbd\xff\
\x9b\xa7\xc5\xff\xe5\xe7\xec\xff\xab\xae\xbd\xff\xa8\xad\xc0\xff\
\xb0\xb3\xc0\xff\xf5\xf4\xf6\xff\xfa\xf9\xfa\xff\xe6\xe8\xef\xfe\
\xe7\xea\xf1\xec\xf2\xf2\xf31\xe2\xe2\xe3\x08\x8e\x8e\x8e\x01\
\x00\x00\x00\x00\x00\x00\x00\x00\x00\x00\x00\x00\x00\x00\x00\x00\
\x00\x00\x00\x00\x00\x00\x00\x00\x00\x00\x00\x00\x00\x00\x00\x00\
\x00\x00\x00\x00\x00\x00\x00\x00\xb7\xb6\xb7\x06\xd3\xda\xdff\
\x81\xca\xe9\xf0N\x87\xce\xfa5z\xdb\xfe0|\xd0\xfe\
5w\xd0\xfe7\x80\xe6\xfeNv\xcb\xfe\xbd\xc5\xd8\xfe\
\xef\xf0\xf5\xfe\xee\xee\xf1\xfe\xb7\xba\xc3\xfe\xd7\xd9\xdf\xff\
\xcc\xce\xd4\xff\xef\xee\xf0\xff\xf5\xf6\xf7\xff\xe6\xe9\xf1\xfe\
\xef\xf2\xf6\xf8\xf7\xf7\xf7\xb4\xe7\xe6\xe6\x0b\x5c\x5c\x5c\x01\
\x00\x00\x00\x00\x00\x00\x00\x00\x00\x00\x00\x00\x00\x00\x00\x00\
\x00\x00\x00\x00\x00\x00\x00\x00\x00\x00\x00\x00\x00\x00\x00\x00\
\x00\x00\x00\x00\x00\x00\x00\x00eff\x01\xc2\xcd\xd0\x08\
\xd2\xdd\xe2M\xba\xdd\xee\xdd^\x98\xd2\xf8@\x98\xdf\xfc\
N\x90\xd4\xfb\x96\xb9\xd5\xf8\xd1\xd7\xe4\xf8\xf2\xf3\xf7\xfb\
\xf9\xf8\xf9\xfe\xf1\xf1\xf2\xf8\xba\xbd\xc5\xfe\xd4\xe8\xef\xff\
\xe2\xed\xf2\xff\xd1\xd4\xd9\xff\xdd\xe1\xe5\xfe\xce\xef\xf9\xfe\
\xe7\xf6\xfa\xfd\xfb\xfa\xfa\xf1\xe8\xe8\xe8F\x8b\x8a\x8a\x03\
\x00\x00\x00\x00\x00\x00\x00\x00\x00\x00\x00\x00\x00\x00\x00\x00\
\x00\x00\x00\x00\x00\x00\x00\x00\x00\x00\x00\x00\x00\x00\x00\x00\
\x00\x00\x00\x00\x00\x00\x00\x00\x00\x00\x00\x00^__\x01\
\xc7\xc9\xca\x06\xd8\xdc\xe16\xd9\xdf\xe6\xb2\xcb\xd4\xe0\xdd\
\xdc\xe3\xea\xd3\xe0\xe3\xe6\x81\xee\xf1\xf3\x7f\xf7\xf9\xfb\xf8\
\xf4\xf6\xf7\xfe\xce\xcf\xd5\xfe\xe5\xe6\xe9\xfe\xe4\xf3\xf8\xff\
\xce\xf0\xfa\xff\xef\xf4\xf6\xff\xd5\xda\xdf\xfe\xe2\xf0\xf5\xfd\
\xf7\xfa\xfb\xf3\xfb\xfa\xfa\xf6\xe3\xe2\xe2\x85\x9d\x9c\x9c\x06\
\x00\x00\x00\x00\x00\x00\x00\x00\x00\x00\x00\x00\x00\x00\x00\x00\
\x00\x00\x00\x00\x00\x00\x00\x00\x00\x00\x00\x00\x00\x00\x00\x00\
\x00\x00\x00\x00\x00\x00\x00\x00\x00\x00\x00\x00\x00\x00\x00\x00\
\x00\x00\x00\x00\xaa\xa9\xa9\x04\xc6\xc5\xc6\x08\xcf\xce\xcf\x12\
\xd5\xd4\xd5\x0d\xdf\xde\xde\x0c\xf0\xf1\xf2~\xd0\xf2\xfb\xf6\
\xdd\xef\xf6\xfd\xc8\xca\xd1\xfd\xf1\xf3\xf5\xfe\xe9\xf7\xfb\xff\
\xb6\xed\xfc\xff\xcf\xee\xf8\xff\xd9\xde\xe3\xfe\xe2\xe5\xe9\xfd\
\xf7\xf9\xfb\xfd\xf9\xfa\xfa\xf8\xe5\xe4\xe4\xa6\xa1\xa0\xa0\x08\
\x00\x00\x00\x00\x00\x00\x00\x00\x00\x00\x00\x00\x00\x00\x00\x00\
\x00\x00\x00\x00\x00\x00\x00\x00\x00\x00\x00\x00\x00\x00\x00\x00\
\x00\x00\x00\x00\x00\x00\x00\x00\x00\x00\x00\x00\x00\x00\x00\x00\
\x00\x00\x00\x00\x00\x00\x00\x00\x00\x00\x00\x00\x00\x00\x00\x00\
\x00\x00\x00\x00\xa0\x9f\x9f\x06\xee\xef\xf0o\xf6\xfa\xfb\xf6\
\xf1\xf6\xf7\xed\xc8\xcb\xd1\xfd\xec\xef\xf1\xfe\xb8\xea\xf8\xff\
\xb0\xea\xfa\xff\xcd\xec\xf5\xff\xcd\xd1\xd8\xfe\xd0\xeb\xf4\xfe\
\xcf\xf1\xfb\xfe\xf8\xf9\xfb\xf6\xe4\xe3\xe3\x8a\x9f\x9f\x9f\x07\
\x00\x00\x00\x00\x00\x00\x00\x00\x00\x00\x00\x00\x00\x00\x00\x00\
\x00\x00\x00\x00\x00\x00\x00\x00\x00\x00\x00\x00\x00\x00\x00\x00\
\x00\x00\x00\x00\x00\x00\x00\x00\x00\x00\x00\x00\x00\x00\x00\x00\
\x00\x00\x00\x00\x00\x00\x00\x00\x00\x00\x00\x00\x00\x00\x00\x00\
\x00\x00\x00\x00lll\x03\xe7\xe7\xe7W\xf8\xfa\xfb\xf2\
\xf2\xf7\xfa\xfd\xe4\xeb\xee\xfe\xc1\xc5\xcd\xfe\xdc\xe3\xe9\xff\
\xd9\xe7\xed\xff\xc9\xd0\xd7\xff\xd4\xd9\xde\xfe\xf2\xf6\xf9\xf4\
\xf4\xf9\xfc\xfe\xf8\xfa\xfb\xf3\xec\xeb\xebQ\x91\x90\x90\x04\
\x00\x00\x00\x00\x00\x00\x00\x00\x00\x00\x00\x00\x00\x00\x00\x00\
\x00\x00\x00\x00\x00\x00\x00\x00\x00\x00\x00\x00\x00\x00\x00\x00\
\x00\x00\x00\x00\x00\x00\x00\x00\x00\x00\x00\x00\x00\x00\x00\x00\
\x00\x00\x00\x00\x00\x00\x00\x00\x00\x00\x00\x00\x00\x00\x00\x00\
\x00\x00\x00\x00RRR\x01\xda\xd9\xd9\x16\xf4\xf8\xf9\xd1\
\xbd\xee\xfb\xfa\xea\xf5\xf9\xfe\xef\xf2\xf3\xfe\xd7\xd9\xde\xff\
\xd2\xd6\xdc\xff\xd7\xe7\xee\xff\xd4\xf0\xf8\xfe\xf7\xf9\xfb\xfb\
\xfc\xfb\xfb\xf9\xf9\xf8\xf8\xd5\xe4\xe3\xe3\x15iii\x01\
\x00\x00\x00\x00\x00\x00\x00\x00\x00\x00\x00\x00\x00\x00\x00\x00\
\x00\x00\x00\x00\x00\x00\x00\x00\x00\x00\x00\x00\x00\x00\x00\x00\
\x00\x00\x00\x00\x00\x00\x00\x00\x00\x00\x00\x00\x00\x00\x00\x00\
\x00\x00\x00\x00\x00\x00\x00\x00\x00\x00\x00\x00\x00\x00\x00\x00\
\x00\x00\x00\x00\x00\x00\x00\x00\xc8\xc7\xc7\x05\xe8\xec\xeeD\
\xf5\xf9\xfa\xe6\xf6\xfa\xfc\xf9\xe6\xf5\xfb\xfe\xd5\xf1\xf9\xfe\
\xf5\xf8\xf9\xff\xf4\xf8\xfa\xfe\xd1\xf2\xfb\xfe\xf8\xfa\xfb\xfa\
\xfb\xfa\xfa\xe5\xeb\xea\xeaG\xd0\xcf\xcf\x05\x00\x00\x00\x00\
\x00\x00\x00\x00\x00\x00\x00\x00\x00\x00\x00\x00\x00\x00\x00\x00\
\x00\x00\x00\x00\x00\x00\x00\x00\x00\x00\x00\x00\x00\x00\x00\x00\
\x00\x00\x00\x00\x00\x00\x00\x00\x00\x00\x00\x00\x00\x00\x00\x00\
\x00\x00\x00\x00\x00\x00\x00\x00\x00\x00\x00\x00\x00\x00\x00\x00\
\x00\x00\x00\x00\x00\x00\x00\x00\x00\x00\x00\x00\xda\xd9\xd9\x06\
\xf1\xf0\xf0I\xf9\xfa\xfa\xd6\xe3\xf6\xfb\xf4\xdf\xf4\xfb\xf9\
\xf9\xfa\xfb\xfa\xfa\xfb\xfb\xf9\xfa\xfa\xfb\xf4\xf7\xf8\xf8\xd4\
\xeb\xea\xeaH\xdb\xda\xda\x06ggg\x01\x00\x00\x00\x00\
\x00\x00\x00\x00\x00\x00\x00\x00\x00\x00\x00\x00\x00\x00\x00\x00\
\x00\x00\x00\x00\x00\x00\x00\x00\x00\x00\x00\x00\x00\x00\x00\x00\
\x00\x00\x00\x00\x00\x00\x00\x00\x00\x00\x00\x00\x00\x00\x00\x00\
\x00\x00\x00\x00\x00\x00\x00\x00\x00\x00\x00\x00\x00\x00\x00\x00\
\x00\x00\x00\x00\x00\x00\x00\x00\x00\x00\x00\x00jii\x01\
\xe0\xdf\xdf\x06\xf4\xf4\xf4\x1e\xf4\xf7\xf8f\xf3\xf4\xf5\xad\
\xed\xed\xee\xcd\xf4\xf3\xf3\xb3\xf9\xf8\xf8i\xf4\xf4\xf4\x1a\
\xdf\xde\xde\x06wvv\x01\x00\x00\x00\x00\x00\x00\x00\x00\
\x00\x00\x00\x00\x00\x00\x00\x00\xff\x80\x0f\xff\xff\x00\x0f\xff\
\xff\x00\x0f\xff\xff\x00\x07\xff\xff\x00\x07\xff\xff\x00\x03\xff\
\xff\x00\x01\xff\xfc\x00\x01\xff\xf0\x00\x00\xff\xe0\x00\x00\x7f\
\xe0\x00\x00\x7f\x00\x00\x00\x1f\x00\x00\x00\x0f\x00\x00\x00\x00\
\x00\x00\x00\x00\x00\x00\x00\x00\x00\x00\x00\x00\x80\x00\x00\x00\
\xe0\x00\x00\x00\xe0\x00\x00\x00\xf0\x00\x00\x00\xf0\x00\x00\x03\
\xff\x00\x00\x03\xff\x00\x00\x03\xff\x80\x00\x03\xff\xe0\x00\x03\
\xff\xfe\x00\x03\xff\xfe\x00\x03\xff\xfe\x00\x03\xff\xff\x00\x07\
\xff\xff\x80\x07\xff\xff\x80\x0f(\x00\x00\x00\x10\x00\x00\x00\
 \x00\x00\x00\x01\x00 \x00\x00\x00\x00\x00@\x04\x00\x00\
\x00\x00\x00\x00\x00\x00\x00\x00\x00\x00\x00\x00\x00\x00\x00\x00\
\x00\x00\x00\x00\x00\x00\x00\x00\x00\x00\x00\x00\x00\x00\x00\x00\
yxy\x0a\xe6\xe6\xear\xed\xf0\xf9\xd5\xec\xef\xfb\xf4\
\xe8\xea\xf4\xdb\xc0\xc0\xc3;\x19\x19\x19\x03\x00\x00\x00\x00\
\x00\x00\x00\x00\x00\x00\x00\x00\x00\x00\x00\x00\x00\x00\x00\x00\
\x00\x00\x00\x00\x00\x00\x00\x00\x00\x00\x00\x00\x00\x00\x00\x00\
\x9b\x9b\x9c.\xd5\xd8\xe5\xec\xe1\xe7\xf8\xfa\xe0\xe5\xf8\xfd\
\xd5\xda\xeb\xf6\xc4\xc5\xc9jGGH\x06\x00\x00\x00\x00\
\x00\x00\x00\x00\x00\x00\x00\x00\x00\x00\x00\x00\x00\x00\x00\x00\
\x00\x00\x00\x00\x00\x00\x00\x00\x00\x00\x00\x00\x19\x19\x19\x02\
\xa3\xa4\xa7\x18\xc9\xce\xdb\xe4\xc6\xcd\xe3\xfe\xbf\xc5\xda\xff\
\xbe\xc4\xd5\xfa\xc5\xc8\xd1\xd3\x8a\x8a\x8b\x0c\x17\x17\x18\x02\
\x00\x00\x00\x00\x00\x00\x00\x00\x00\x00\x00\x00\x00\x00\x00\x00\
\x00\x00\x00\x00\x00\x00\x00\x00\x1a\x1a\x1b\x03dfj\x0a\
\xc0\xc5\xd0lp\x93\xc9\xf6\x92\xa4\xcc\xfe\xa9\xb2\xca\xff\
\xa6\xae\xc6\xfd\xbf\xc4\xd2\xde\xc1\xc4\xcd}]]_\x07\
\x0d\x0d\x0d\x01\x00\x00\x00\x00\x00\x00\x00\x00\x00\x00\x00\x00\
\x00\x00\x00\x00#$%\x04\xa4\xa7\xae&\xa4\xb2\xcd\xaf\
h\x8c\xcf\xf2G{\xd6\xfcP{\xd0\xfe\xa5\xae\xc7\xff\
\x9e\xa7\xc2\xfeP\x80\xd9\xfb\x7f\x99\xc9\xe1\xbb\xc0\xc9G\
678\x04\x00\x00\x00\x00\x00\x00\x00\x00\x00\x00\x00\x00\
;;;\x08\x83\x86\x8a\x12\x9b\xaf\xd2\xc8D~\xeb\xf8\
I}\xe2\xfd\x88\xa1\xd7\xfe\xc1\xcc\xe8\xff\xd6\xde\xf4\xff\
\xd0\xd9\xf0\xff\x9b\xaa\xcf\xfeM\x80\xe6\xf9\x8d\xa3\xd1\xc3\
\x88\x8b\x91\x0e;;;\x04\x00\x00\x00\x00\x00\x00\x00\x00\
\xdd\xdd\xdf\x95\xd2\xd6\xde\x95^\x91\xd9\xf6?q\xd4\xfe\
\x97\xac\xd9\xff\xd5\xde\xf8\xff\xde\xe4\xfb\xff\xde\xe4\xf8\xff\
\xcf\xd5\xea\xff\xce\xd7\xf2\xff\x80\x97\xcb\xfd_\x86\xd5\xf6\
\xcf\xd4\xe0\xb8\xcb\xcb\xcc@aab\x0aTTU\x07\
\xde\xe0\xe7\xe7\xd1\xd9\xe7\xf1Z\x8f\xce\xf99w\xe2\xfe\
\xb9\xc7\xe8\xff\xdd\xe4\xf9\xff\xd4\xd7\xfb\xff\xd4\xda\xf0\xff\
\xaf\xb3\xd5\xff\xcc\xd4\xed\xff\x9e\xaf\xd9\xfem\x8b\xc7\xfd\
\xd2\xd9\xe9\xf5\xe2\xe4\xea\xdc\xdd\xde\xe3\xb1\xda\xdb\xdep\
\x96\x96\x97\x16\xbb\xc1\xc7GZ\x9f\xd8\xf27\x89\xef\xfc\
\xa1\xb7\xe3\xff\xd9\xe0\xf8\xff\xd7\xde\xf2\xff\xd0\xd6\xea\xff\
\xdc\xe2\xf6\xff\xbc\xc3\xde\xff\x8b\xa1\xd5\xfff\x8a\xca\xfe\
\xdf\xe3\xee\xfe\xf4\xf3\xf7\xfc\xed\xee\xf3\xf8\xe9\xea\xf1\xf2\
\x17\x17\x17\x01fil\x09\xaf\xc0\xd1\x98E\x97\xe6\xf4\
e\x8e\xd6\xfa\xc6\xcf\xe9\xfd\xca\xd3\xea\xff\xd5\xdd\xf3\xff\
\xd4\xdb\xf1\xff\xb7\xbf\xd7\xffx\x91\xc6\xff\xbd\xc8\xde\xff\
\xe2\xe5\xef\xfd\xee\xef\xf3\xf8\xdf\xe1\xe9\xe9\xdb\xdc\xe1\x9a\
\x00\x00\x00\x00\x17\x17\x18\x03\xa1\xa4\xaa\x19\xc3\xca\xd2h\
\xbe\xc8\xd7\xae[\x80\xc6\xf8\x80\x98\xc8\xfd\x92\xa7\xd3\xfe\
\x8b\xa0\xd2\xfe\xaa\xb5\xd0\xfe\xb6\xbb\xcb\xfe\xd4\xd7\xdf\xff\
\xeb\xed\xf2\xfc\xe8\xe9\xee\xae\xc6\xc6\xc9'xx{\x0b\
\x00\x00\x00\x00\x00\x00\x00\x00\x10\x10\x10\x02###\x06\
\xa2\xa7\xac#\x93\xbb\xd6\xc0P\x91\xd6\xf2f\x9a\xda\xf6\
\xb6\xc4\xe0\xf9\xea\xec\xf1\xfb\xc9\xd0\xd8\xfe\xd9\xdf\xe4\xfe\
\xe1\xec\xf1\xfc\xec\xf0\xf2\xe1\xab\xab\xac\x1b\x1e\x1e\x1e\x02\
\x00\x00\x00\x00\x00\x00\x00\x00\x00\x00\x00\x00\x00\x00\x00\x00\
#%&\x04\x92\x97\x9c\x15\xbb\xc2\xcaj\xcd\xd2\xdaa\
\xdd\xe7\xef\xbb\xd9\xe0\xe6\xfb\xe9\xf0\xf3\xfe\xd1\xed\xf6\xfe\
\xdd\xe5\xe9\xfd\xf1\xf2\xf4\xef\xb7\xb7\xb7P\x15\x15\x15\x02\
\x00\x00\x00\x00\x00\x00\x00\x00\x00\x00\x00\x00\x00\x00\x00\x00\
\x00\x00\x00\x00\x10\x10\x10\x02'''\x03abb\x0b\
\xe6\xe7\xe8\xaa\xe5\xe9\xed\xf4\xd3\xe3\xea\xfe\xcd\xe5\xee\xfe\
\xdb\xe6\xeb\xfb\xe5\xf0\xf3\xf0\xb6\xb5\xb5<\x14\x14\x14\x02\
\x00\x00\x00\x00\x00\x00\x00\x00\x00\x00\x00\x00\x00\x00\x00\x00\
\x00\x00\x00\x00\x00\x00\x00\x00\x00\x00\x00\x00(((\x04\
\xd1\xd2\xd3M\xdf\xef\xf3\xed\xe0\xed\xf2\xf9\xe5\xec\xef\xfb\
\xe3\xf3\xf8\xf5\xe7\xe7\xe8\xb8\x8d\x8c\x8d\x0c\x00\x00\x00\x00\
\x00\x00\x00\x00\x00\x00\x00\x00\x00\x00\x00\x00\x00\x00\x00\x00\
\x00\x00\x00\x00\x00\x00\x00\x00\x00\x00\x00\x00\x11\x10\x11\x01\
oop\x09\xe7\xe8\xe9U\xea\xf4\xf8\xc1\xf3\xf5\xf6\xdc\
\xf4\xf4\xf4\x96\xc2\xc3\xc3\x1c000\x04\x00\x00\x00\x00\
\xf0\x1f\x00\x00\xf0\x1f\x00\x00\xe0\x0f\x00\x00\xc0\x07\x00\x00\
\x80\x07\x00\x00\x00\x03\x00\x00\x00\x00\x00\x00\x00\x00\x00\x00\
\x00\x00\x00\x00\x00\x00\x00\x00\x80\x00\x00\x00\xc0\x00\x00\x00\
\xf0\x00\x00\x00\xf8\x00\x00\x00\xfe\x01\x00\x00\xfe\x01\x00\x00\
\
"

qt_resource_name = b"\
\x00\x05\
\x00o\xa6S\
\x00i\
\x00c\x00o\x00n\x00s\
\x00\x06\
\x07\x03}\xc3\
\x00i\
\x00m\x00a\x00g\x00e\x00s\
\x00\x0f\
\x06(&%\
\x00c\
\x00h\x00e\x00c\x00k\x00m\x00a\x00r\x00k\x00_\x00w\x00h\x00i\x00t\x00e\
\x00\x06\
\x07\xaa\xc6!\
\x00s\
\x00t\x00e\x00p\x00_\x001\
\x00\x07\
\x0e\xf8n\x11\
\x00x\
\x00i\x00a\x00o\x00x\x00i\x00a\
"

qt_resource_struct = b"\
\x00\x00\x00\x00\x00\x02\x00\x00\x00\x02\x00\x00\x00\x01\
\x00\x00\x00\x00\x00\x00\x00\x00\
\x00\x00\x00\x00\x00\x02\x00\x00\x00\x01\x00\x00\x00\x05\
\x00\x00\x00\x00\x00\x00\x00\x00\
\x00\x00\x00\x10\x00\x02\x00\x00\x00\x02\x00\x00\x00\x03\
\x00\x00\x00\x00\x00\x00\x00\x00\
\x00\x00\x00\x22\x00\x00\x00\x00\x00\x01\x00\x00\x00\x00\
\x00\x00\x01\x9fn\xf1\xbc\xac\
\x00\x00\x00F\x00\x00\x00\x00\x00\x01\x00\x00\x19\xcc\
\x00\x00\x01\x9e\x9c\xad\x95\xf1\
\x00\x00\x00X\x00\x00\x00\x00\x00\x01\x00\x00s\xf9\
\x00\x00\x01\x9f\x82\xd4V?\
"

def qInitResources():
    QtCore.qRegisterResourceData(0x03, qt_resource_struct, qt_resource_name, qt_resource_data)

def qCleanupResources():
    QtCore.qUnregisterResourceData(0x03, qt_resource_struct, qt_resource_name, qt_resource_data)

qInitResources()
